run,scenario,faults,t_s,state,seq_echo,ttc_ms,threat_id,fault_flags,decision_latency_ns,imu_ax_mg,imu_ay_mg,maneuver
0,follow,none,-0.9992,FAILSAFE,17611,-1,65535,0,56324,0,0,0
0,follow,none,-0.9790,FAILSAFE,17611,-1,65535,0,0,0,0,0
0,follow,none,-0.9658,FAILSAFE,17612,-1,65535,0,34977,0,0,0
0,follow,none,-0.9326,FAILSAFE,17613,-1,65535,0,109647,0,0,0
0,follow,none,-0.8991,FAILSAFE,17614,-1,65535,0,32820,0,0,0
0,follow,none,-0.8791,FAILSAFE,17614,-1,65535,0,0,0,0,0
0,follow,none,-0.8659,FAILSAFE,17615,-1,65535,0,32423,0,0,0
0,follow,none,-0.8326,FAILSAFE,17616,-1,65535,0,46830,0,0,0
0,follow,none,-0.7993,FAILSAFE,17617,-1,65535,0,45538,0,0,0
0,follow,none,-0.7793,FAILSAFE,17617,-1,65535,0,0,0,0,0
0,follow,none,-0.7660,FAILSAFE,17618,-1,65535,0,35411,0,0,0
0,follow,none,-0.7326,FAILSAFE,17619,-1,65535,0,31422,0,0,0
0,follow,none,-0.6988,NOMINAL,17620,-1,65535,0,73285,0,0,0
0,follow,none,-0.6659,NOMINAL,17621,-1,65535,0,36771,0,0,0
0,follow,none,-0.6324,NOMINAL,17622,-1,65535,0,38720,0,0,0
0,follow,none,-0.5993,NOMINAL,17623,-1,65535,0,55436,0,0,0
0,follow,none,-0.5658,NOMINAL,17624,-1,65535,0,44373,0,0,0
0,follow,none,-0.5326,NOMINAL,17625,-1,65535,0,55179,0,0,0
0,follow,none,-0.4991,NOMINAL,17626,-1,65535,0,41161,0,0,0
0,follow,none,-0.4658,NOMINAL,17627,-1,65535,0,55150,0,0,0
0,follow,none,-0.4324,NOMINAL,17628,-1,65535,0,116536,0,0,0
0,follow,none,-0.3992,NOMINAL,17629,-1,65535,0,110945,0,0,0
0,follow,none,-0.3658,NOMINAL,17630,-1,65535,0,44565,0,0,0
0,follow,none,-0.3326,NOMINAL,17631,-1,65535,0,44615,0,0,0
0,follow,none,-0.2992,NOMINAL,17632,-1,65535,0,39865,0,0,0
0,follow,none,-0.2661,NOMINAL,17633,-1,65535,0,44159,0,0,0
0,follow,none,-0.2325,NOMINAL,17634,-1,65535,0,35736,0,0,0
0,follow,none,-0.1993,NOMINAL,17635,-1,65535,0,35395,0,0,0
0,follow,none,-0.1659,NOMINAL,17636,-1,65535,0,43465,0,0,0
0,follow,none,-0.1324,NOMINAL,17637,-1,65535,0,99599,0,0,0
0,follow,none,-0.0992,NOMINAL,17638,-1,65535,0,47182,0,0,0
0,follow,none,-0.0657,NOMINAL,17639,-1,65535,0,59812,0,0,0
0,follow,none,-0.0325,NOMINAL,17640,-1,65535,0,22128,0,0,0
0,follow,none,0.0009,NOMINAL,17641,-1,65535,0,57120,0,0,0
0,follow,none,0.0344,NOMINAL,17642,-1,65535,0,115530,0,0,0
0,follow,none,0.0676,NOMINAL,17643,-1,65535,0,99949,0,0,0
0,follow,none,0.1010,NOMINAL,17644,-1,65535,0,111592,0,0,0
0,follow,none,0.1341,NOMINAL,17645,-1,65535,0,65991,0,0,0
0,follow,none,0.1676,NOMINAL,17646,-1,65535,0,26054,0,0,0
0,follow,none,0.2008,NOMINAL,17647,-1,65535,0,36460,0,0,0
0,follow,none,0.2341,NOMINAL,17648,-1,65535,0,42511,0,0,0
0,follow,none,0.2673,NOMINAL,17649,-1,65535,0,53526,0,0,0
0,follow,none,0.3008,NOMINAL,17650,-1,65535,0,42910,0,0,0
0,follow,none,0.3347,NOMINAL,17651,-1,65535,0,94642,0,0,0
0,follow,none,0.3678,NOMINAL,17652,-1,65535,0,41060,0,0,0
0,follow,none,0.4010,NOMINAL,17653,-1,65535,0,41794,0,0,0
0,follow,none,0.4343,NOMINAL,17654,-1,65535,0,43674,0,0,0
0,follow,none,0.4675,NOMINAL,17655,-1,65535,0,38929,0,0,0
0,follow,none,0.5008,NOMINAL,17656,-1,65535,0,40986,0,0,0
0,follow,none,0.5344,NOMINAL,17657,-1,65535,0,43137,0,0,0
0,follow,none,0.5677,NOMINAL,17658,-1,65535,0,97280,0,0,0
0,follow,none,0.6009,NOMINAL,17659,-1,65535,0,41713,0,0,0
0,follow,none,0.6343,NOMINAL,17660,-1,65535,0,78779,0,0,0
0,follow,none,0.6674,NOMINAL,17661,-1,65535,0,40110,0,0,0
0,follow,none,0.7008,NOMINAL,17662,-1,65535,0,34493,0,0,0
0,follow,none,0.7341,NOMINAL,17663,-1,65535,0,36492,0,0,0
0,follow,none,0.7677,NOMINAL,17664,-1,65535,0,38436,0,0,0
0,follow,none,0.8007,NOMINAL,17665,-1,65535,0,95470,0,0,0
0,follow,none,0.8342,NOMINAL,17666,-1,65535,0,25022,0,0,0
0,follow,none,0.8675,NOMINAL,17667,-1,65535,0,38109,0,0,0
0,follow,none,0.9009,NOMINAL,17668,-1,65535,0,56472,0,0,0
0,follow,none,0.9342,NOMINAL,17669,-1,65535,0,39840,0,0,0
0,follow,none,0.9675,NOMINAL,17670,-1,65535,0,39430,0,0,0
0,follow,none,1.0007,NOMINAL,17671,-1,65535,0,38654,0,0,0
0,follow,none,1.0342,NOMINAL,17672,-1,65535,0,42089,0,0,0
0,follow,none,1.0676,NOMINAL,17673,-1,65535,0,35921,0,0,0
0,follow,none,1.1008,NOMINAL,17674,-1,65535,0,39461,0,0,0
0,follow,none,1.1342,NOMINAL,17675,-1,65535,0,42124,0,0,0
0,follow,none,1.1675,NOMINAL,17676,-1,65535,0,23955,0,0,0
0,follow,none,1.2007,NOMINAL,17677,-1,65535,0,42612,0,0,0
0,follow,none,1.2342,NOMINAL,17678,-1,65535,0,37180,0,0,0
0,follow,none,1.2675,NOMINAL,17679,-1,65535,0,37420,0,0,0
0,follow,none,1.3010,NOMINAL,17680,-1,65535,0,54772,0,0,0
0,follow,none,1.3340,NOMINAL,17681,-1,65535,0,38622,0,0,0
0,follow,none,1.3674,NOMINAL,17682,-1,65535,0,37346,0,0,0
0,follow,none,1.4010,NOMINAL,17683,-1,65535,0,109314,0,0,0
0,follow,none,1.4342,NOMINAL,17684,-1,65535,0,44414,0,0,0
0,follow,none,1.4675,NOMINAL,17685,-1,65535,0,39314,0,0,0
0,follow,none,1.5007,NOMINAL,17686,-1,65535,0,37629,0,0,0
0,follow,none,1.5344,NOMINAL,17687,-1,65535,0,60731,0,0,0
0,follow,none,1.5677,NOMINAL,17688,-1,65535,0,35138,0,0,0
0,follow,none,1.6008,NOMINAL,17689,-1,65535,0,35421,0,0,0
0,follow,none,1.6342,NOMINAL,17690,-1,65535,0,61797,0,0,0
0,follow,none,1.6676,NOMINAL,17691,-1,65535,0,56114,0,0,0
0,follow,none,1.7008,NOMINAL,17692,-1,65535,0,19313,0,0,0
0,follow,none,1.7341,NOMINAL,17693,-1,65535,0,38081,0,0,0
0,follow,none,1.7674,NOMINAL,17694,-1,65535,0,39736,0,0,0
0,follow,none,1.8009,NOMINAL,17695,-1,65535,0,37486,0,0,0
0,follow,none,1.8342,NOMINAL,17696,-1,65535,0,42458,0,0,0
0,follow,none,1.8674,NOMINAL,17697,-1,65535,0,100387,0,0,0
0,follow,none,1.9009,NOMINAL,17698,-1,65535,0,38242,0,0,0
0,follow,none,1.9341,NOMINAL,17699,-1,65535,0,20009,0,0,0
0,follow,none,1.9676,NOMINAL,17700,-1,65535,0,20280,0,0,0
0,follow,none,2.0008,NOMINAL,17701,-1,65535,0,37245,0,0,0
0,follow,none,2.0341,NOMINAL,17702,-1,65535,0,60958,0,0,0
0,follow,none,2.0675,NOMINAL,17703,-1,65535,0,37994,0,0,0
0,follow,none,2.1009,NOMINAL,17704,-1,65535,0,41311,0,0,0
0,follow,none,2.1341,NOMINAL,17705,-1,65535,0,43805,0,0,0
0,follow,none,2.1675,NOMINAL,17706,-1,65535,0,39236,0,0,0
0,follow,none,2.2007,NOMINAL,17707,-1,65535,0,57128,0,0,0
0,follow,none,2.2342,NOMINAL,17708,-1,65535,0,47022,0,0,0
0,follow,none,2.2675,NOMINAL,17709,-1,65535,0,38870,0,0,0
0,follow,none,2.3007,NOMINAL,17710,-1,65535,0,38095,0,0,0
0,follow,none,2.3341,NOMINAL,17711,-1,65535,0,43096,0,0,0
0,follow,none,2.3676,NOMINAL,17712,-1,65535,0,37886,0,0,0
0,follow,none,2.4005,NOMINAL,17713,-1,65535,0,20448,0,0,0
0,follow,none,2.4341,NOMINAL,17714,-1,65535,0,62263,0,0,0
0,follow,none,2.4675,NOMINAL,17715,-1,65535,0,97188,0,0,0
0,follow,none,2.5007,NOMINAL,17716,-1,65535,0,39427,0,0,0
0,follow,none,2.5343,NOMINAL,17717,-1,65535,0,42454,0,0,0
0,follow,none,2.5677,NOMINAL,17718,-1,65535,0,38195,0,0,0
0,follow,none,2.6009,NOMINAL,17719,-1,65535,0,42037,0,0,0
0,follow,none,2.6344,NOMINAL,17720,-1,65535,0,103684,0,0,0
0,follow,none,2.6674,NOMINAL,17721,-1,65535,0,35238,0,0,0
0,follow,none,2.7009,NOMINAL,17722,-1,65535,0,35694,0,0,0
0,follow,none,2.7342,NOMINAL,17723,-1,65535,0,40401,0,0,0
0,follow,none,2.7676,NOMINAL,17724,-1,65535,0,36738,0,0,0
0,follow,none,2.8008,NOMINAL,17725,-1,65535,0,36579,0,0,0
0,follow,none,2.8343,NOMINAL,17726,-1,65535,0,45046,0,0,0
0,follow,none,2.8674,NOMINAL,17727,-1,65535,0,37419,0,0,0
0,follow,none,2.9009,NOMINAL,17728,-1,65535,0,24903,0,0,0
0,follow,none,2.9342,NOMINAL,17729,-1,65535,0,62889,0,0,0
0,follow,none,2.9674,NOMINAL,17730,-1,65535,0,36811,0,0,0
0,follow,none,3.0719,FAILSAFE,17730,-1,65535,1,0,0,0,0
1,follow,none,-0.9991,FAILSAFE,17731,-1,65535,0,35685,0,0,0
1,follow,none,-0.9657,FAILSAFE,17732,-1,65535,0,29555,0,0,0
1,follow,none,-0.9457,FAILSAFE,17732,-1,65535,0,0,0,0,0
1,follow,none,-0.9325,FAILSAFE,17733,-1,65535,0,45987,0,0,0
1,follow,none,-0.8990,FAILSAFE,17734,-1,65535,0,97897,0,0,0
1,follow,none,-0.8658,FAILSAFE,17735,-1,65535,0,52616,0,0,0
1,follow,none,-0.8458,FAILSAFE,17735,-1,65535,0,0,0,0,0
1,follow,none,-0.8324,FAILSAFE,17736,-1,65535,0,23687,0,0,0
1,follow,none,-0.7993,FAILSAFE,17737,-1,65535,0,30236,0,0,0
1,follow,none,-0.7658,FAILSAFE,17738,-1,65535,0,30846,0,0,0
1,follow,none,-0.7459,FAILSAFE,17738,-1,65535,0,0,0,0,0
1,follow,none,-0.7325,FAILSAFE,17739,-1,65535,0,48756,0,0,0
1,follow,none,-0.6990,NOMINAL,17740,-1,65535,0,73712,0,0,0
1,follow,none,-0.6658,NOMINAL,17741,-1,65535,0,42937,0,0,0
1,follow,none,-0.6326,NOMINAL,17742,-1,65535,0,54368,0,0,0
1,follow,none,-0.5991,NOMINAL,17743,-1,65535,0,41653,0,0,0
1,follow,none,-0.5657,NOMINAL,17744,-1,65535,0,42158,0,0,0
1,follow,none,-0.5324,NOMINAL,17745,-1,65535,0,39285,0,0,0
1,follow,none,-0.4992,NOMINAL,17746,-1,65535,0,57336,0,0,0
1,follow,none,-0.4658,NOMINAL,17747,-1,65535,0,37070,0,0,0
1,follow,none,-0.4324,NOMINAL,17748,-1,65535,0,38960,0,0,0
1,follow,none,-0.3991,NOMINAL,17749,-1,65535,0,37395,0,0,0
1,follow,none,-0.3657,NOMINAL,17750,-1,65535,0,102281,0,0,0
1,follow,none,-0.3325,NOMINAL,17751,-1,65535,0,27099,0,0,0
1,follow,none,-0.2991,NOMINAL,17752,-1,65535,0,38245,0,0,0
1,follow,none,-0.2657,NOMINAL,17753,-1,65535,0,43403,0,0,0
1,follow,none,-0.2323,NOMINAL,17754,-1,65535,0,94522,0,0,0
1,follow,none,-0.1991,NOMINAL,17755,-1,65535,0,43132,0,0,0
1,follow,none,-0.1657,NOMINAL,17756,-1,65535,0,56790,0,0,0
1,follow,none,-0.1326,NOMINAL,17757,-1,65535,0,51613,0,0,0
1,follow,none,-0.0990,NOMINAL,17758,-1,65535,0,57530,0,0,0
1,follow,none,-0.0658,NOMINAL,17759,-1,65535,0,24144,0,0,0
1,follow,none,-0.0320,NOMINAL,17760,-1,65535,0,53383,0,0,0
1,follow,none,0.0012,NOMINAL,17761,-1,65535,0,106605,0,0,0
1,follow,none,0.0344,NOMINAL,17762,-1,65535,0,48349,0,0,0
1,follow,none,0.0676,NOMINAL,17763,-1,65535,0,37583,0,0,0
1,follow,none,0.1008,NOMINAL,17764,-1,65535,0,21065,0,0,0
1,follow,none,0.1343,NOMINAL,17765,-1,65535,0,81119,0,0,0
1,follow,none,0.1675,NOMINAL,17766,-1,65535,0,58165,0,0,0
1,follow,none,0.2007,NOMINAL,17767,-1,65535,0,36401,0,0,0
1,follow,none,0.2344,NOMINAL,17768,-1,65535,0,59069,0,0,0
1,follow,none,0.2677,NOMINAL,17769,-1,65535,0,80658,0,0,0
1,follow,none,0.3008,NOMINAL,17770,-1,65535,0,36795,0,0,0
1,follow,none,0.3343,NOMINAL,17771,-1,65535,0,98511,0,0,0
1,follow,none,0.3675,NOMINAL,17772,-1,65535,0,38693,0,0,0
1,follow,none,0.4006,NOMINAL,17773,-1,65535,0,56060,0,0,0
1,follow,none,0.4342,NOMINAL,17774,-1,65535,0,43413,0,0,0
1,follow,none,0.4675,NOMINAL,17775,-1,65535,0,39718,0,0,0
1,follow,none,0.5010,NOMINAL,17776,-1,65535,0,37987,0,0,0
1,follow,none,0.5342,NOMINAL,17777,-1,65535,0,40270,0,0,0
1,follow,none,0.5674,NOMINAL,17778,-1,65535,0,38227,0,0,0
1,follow,none,0.6008,NOMINAL,17779,-1,65535,0,23809,0,0,0
1,follow,none,0.6342,NOMINAL,17780,-1,65535,0,55413,0,0,0
1,follow,none,0.6675,NOMINAL,17781,-1,65535,0,39277,0,0,0
1,follow,none,0.7008,NOMINAL,17782,-1,65535,0,38862,0,0,0
1,follow,none,0.7342,NOMINAL,17783,-1,65535,0,37522,0,0,0
1,follow,none,0.7676,NOMINAL,17784,-1,65535,0,40252,0,0,0
1,follow,none,0.8009,NOMINAL,17785,-1,65535,0,55770,0,0,0
1,follow,none,0.8341,NOMINAL,17786,-1,65535,0,39087,0,0,0
1,follow,none,0.8675,NOMINAL,17787,-1,65535,0,37378,0,0,0
1,follow,none,0.9007,NOMINAL,17788,-1,65535,0,40180,0,0,0
1,follow,none,0.9340,NOMINAL,17789,-1,65535,0,44018,0,0,0
1,follow,none,0.9676,NOMINAL,17790,-1,65535,0,38701,0,0,0
1,follow,none,1.0009,NOMINAL,17791,-1,65535,0,39579,0,0,0
1,follow,none,1.0343,NOMINAL,17792,-1,65535,0,61125,0,0,0
1,follow,none,1.0676,NOMINAL,17793,-1,65535,0,38519,0,0,0
1,follow,none,1.1009,NOMINAL,17794,-1,65535,0,37853,0,0,0
1,follow,none,1.1340,NOMINAL,17795,-1,65535,0,42872,0,0,0
1,follow,none,1.1676,NOMINAL,17796,-1,65535,0,111886,0,0,0
1,follow,none,1.2008,NOMINAL,17797,-1,65535,0,41878,0,0,0
1,follow,none,1.2341,NOMINAL,17798,-1,65535,0,59004,0,0,0
1,follow,none,1.2675,NOMINAL,17799,-1,65535,0,37311,0,0,0
1,follow,none,1.3008,NOMINAL,17800,-1,65535,0,57243,0,0,0
1,follow,none,1.3341,NOMINAL,17801,-1,65535,0,53117,0,0,0
1,follow,none,1.3674,NOMINAL,17802,-1,65535,0,39285,0,0,0
1,follow,none,1.4009,NOMINAL,17803,-1,65535,0,38635,0,0,0
1,follow,none,1.4344,NOMINAL,17804,-1,65535,0,43776,0,0,0
1,follow,none,1.4675,NOMINAL,17805,-1,65535,0,18802,0,0,0
1,follow,none,1.5008,NOMINAL,17806,-1,65535,0,23802,0,0,0
1,follow,none,1.5343,NOMINAL,17807,-1,65535,0,40611,0,0,0
1,follow,none,1.5675,NOMINAL,17808,-1,65535,0,38662,0,0,0
1,follow,none,1.6007,NOMINAL,17809,-1,65535,0,37011,0,0,0
1,follow,none,1.6341,NOMINAL,17810,-1,65535,0,40671,0,0,0
1,follow,none,1.6674,NOMINAL,17811,-1,65535,0,22178,0,0,0
1,follow,none,1.7009,NOMINAL,17812,-1,65535,0,18470,0,0,0
1,follow,none,1.7342,NOMINAL,17813,-1,65535,0,44705,0,0,0
1,follow,none,1.7675,NOMINAL,17814,-1,65535,0,37112,0,0,0
1,follow,none,1.8009,NOMINAL,17815,-1,65535,0,19053,0,0,0
1,follow,none,1.8343,NOMINAL,17816,-1,65535,0,103718,0,0,0
1,follow,none,1.8676,NOMINAL,17817,-1,65535,0,38686,0,0,0
1,follow,none,1.9008,NOMINAL,17818,-1,65535,0,52202,0,0,0
1,follow,none,1.9342,NOMINAL,17819,-1,65535,0,39762,0,0,0
1,follow,none,1.9675,NOMINAL,17820,-1,65535,0,23552,0,0,0
1,follow,none,2.0005,NOMINAL,17821,-1,65535,0,37364,0,0,0
1,follow,none,2.0342,NOMINAL,17822,-1,65535,0,40369,0,0,0
1,follow,none,2.0675,NOMINAL,17823,-1,65535,0,56194,0,0,0
1,follow,none,2.1007,NOMINAL,17824,-1,65535,0,19269,0,0,0
1,follow,none,2.1341,NOMINAL,17825,-1,65535,0,102920,0,0,0
1,follow,none,2.1675,NOMINAL,17826,-1,65535,0,37794,0,0,0
1,follow,none,2.2008,NOMINAL,17827,-1,65535,0,23678,0,0,0
1,follow,none,2.2341,NOMINAL,17828,-1,65535,0,42236,0,0,0
1,follow,none,2.2678,NOMINAL,17829,-1,65535,0,38486,0,0,0
1,follow,none,2.3010,NOMINAL,17830,-1,65535,0,71362,0,0,0
1,follow,none,2.3342,NOMINAL,17831,-1,65535,0,54658,0,0,0
1,follow,none,2.3675,NOMINAL,17832,-1,65535,0,51976,0,0,0
1,follow,none,2.4007,NOMINAL,17833,-1,65535,0,53964,0,0,0
1,follow,none,2.4343,NOMINAL,17834,-1,65535,0,37855,0,0,0
1,follow,none,2.4676,NOMINAL,17835,-1,65535,0,55469,0,0,0
1,follow,none,2.5008,NOMINAL,17836,-1,65535,0,72287,0,0,0
1,follow,none,2.5340,NOMINAL,17837,-1,65535,0,41471,0,0,0
1,follow,none,2.5677,NOMINAL,17838,-1,65535,0,53720,0,0,0
1,follow,none,2.6008,NOMINAL,17839,-1,65535,0,38811,0,0,0
1,follow,none,2.6341,NOMINAL,17840,-1,65535,0,56345,0,0,0
1,follow,none,2.6677,NOMINAL,17841,-1,65535,0,37052,0,0,0
1,follow,none,2.7008,NOMINAL,17842,-1,65535,0,38561,0,0,0
1,follow,none,2.7343,NOMINAL,17843,-1,65535,0,101275,0,0,0
1,follow,none,2.7676,NOMINAL,17844,-1,65535,0,36354,0,0,0
1,follow,none,2.8009,NOMINAL,17845,-1,65535,0,96279,0,0,0
1,follow,none,2.8342,NOMINAL,17846,-1,65535,0,61729,0,0,0
1,follow,none,2.8676,NOMINAL,17847,-1,65535,0,36420,0,0,0
1,follow,none,2.9009,NOMINAL,17848,-1,65535,0,52410,0,0,0
1,follow,none,2.9341,NOMINAL,17849,-1,65535,0,24567,0,0,0
1,follow,none,2.9676,NOMINAL,17850,-1,65535,0,51513,0,0,0
1,follow,none,3.0722,FAILSAFE,17850,-1,65535,1,0,0,0,0
2,follow,none,-0.9991,FAILSAFE,17851,-1,65535,0,52850,0,0,0
2,follow,none,-0.9659,FAILSAFE,17852,-1,65535,0,17243,0,0,0
2,follow,none,-0.9457,FAILSAFE,17852,-1,65535,0,0,0,0,0
2,follow,none,-0.9325,FAILSAFE,17853,-1,65535,0,30578,0,0,0
2,follow,none,-0.8994,FAILSAFE,17854,-1,65535,0,28687,0,0,0
2,follow,none,-0.8659,FAILSAFE,17855,-1,65535,0,32264,0,0,0
2,follow,none,-0.8325,FAILSAFE,17856,-1,65535,0,44680,0,0,0
2,follow,none,-0.8124,FAILSAFE,17856,-1,65535,0,0,0,0,0
2,follow,none,-0.7993,FAILSAFE,17857,-1,65535,0,45039,0,0,0
2,follow,none,-0.7658,FAILSAFE,17858,-1,65535,0,49668,0,0,0
2,follow,none,-0.7325,FAILSAFE,17859,-1,65535,0,34089,0,0,0
2,follow,none,-0.7125,FAILSAFE,17859,-1,65535,0,0,0,0,0
2,follow,none,-0.6988,NOMINAL,17860,-1,65535,0,97468,0,0,0
2,follow,none,-0.6657,NOMINAL,17861,-1,65535,0,57626,0,0,0
2,follow,none,-0.6325,NOMINAL,17862,-1,65535,0,53645,0,0,0
2,follow,none,-0.5992,NOMINAL,17863,-1,65535,0,72253,0,0,0
2,follow,none,-0.5658,NOMINAL,17864,-1,65535,0,78206,0,0,0
2,follow,none,-0.5325,NOMINAL,17865,-1,65535,0,96393,0,0,0
2,follow,none,-0.4991,NOMINAL,17866,-1,65535,0,39613,0,0,0
2,follow,none,-0.4657,NOMINAL,17867,-1,65535,0,98351,0,0,0
2,follow,none,-0.4326,NOMINAL,17868,-1,65535,0,38129,0,0,0
2,follow,none,-0.3991,NOMINAL,17869,-1,65535,0,20277,0,0,0
2,follow,none,-0.3659,NOMINAL,17870,-1,65535,0,45131,0,0,0
2,follow,none,-0.3325,NOMINAL,17871,-1,65535,0,37201,0,0,0
2,follow,none,-0.2991,NOMINAL,17872,-1,65535,0,96861,0,0,0
2,follow,none,-0.2656,NOMINAL,17873,-1,65535,0,20570,0,0,0
2,follow,none,-0.2324,NOMINAL,17874,-1,65535,0,97361,0,0,0
2,follow,none,-0.1991,NOMINAL,17875,-1,65535,0,96428,0,0,0
2,follow,none,-0.1657,NOMINAL,17876,-1,65535,0,80648,0,0,0
2,follow,none,-0.1325,NOMINAL,17877,-1,65535,0,38404,0,0,0
2,follow,none,-0.0993,NOMINAL,17878,-1,65535,0,55252,0,0,0
2,follow,none,-0.0659,NOMINAL,17879,-1,65535,0,41864,0,0,0
2,follow,none,-0.0321,NOMINAL,17880,-1,65535,0,55462,0,0,0
2,follow,none,0.0011,NOMINAL,17881,-1,65535,0,111102,0,0,0
2,follow,none,0.0342,NOMINAL,17882,-1,65535,0,62364,0,0,0
2,follow,none,0.0675,NOMINAL,17883,-1,65535,0,21229,0,0,0
2,follow,none,0.1010,NOMINAL,17884,-1,65535,0,39822,0,0,0
2,follow,none,0.1342,NOMINAL,17885,-1,65535,0,55915,0,0,0
2,follow,none,0.1677,NOMINAL,17886,-1,65535,0,38748,0,0,0
2,follow,none,0.2009,NOMINAL,17887,-1,65535,0,36992,0,0,0
2,follow,none,0.2342,NOMINAL,17888,-1,65535,0,54331,0,0,0
2,follow,none,0.2677,NOMINAL,17889,-1,65535,0,38273,0,0,0
2,follow,none,0.3011,NOMINAL,17890,-1,65535,0,59299,0,0,0
2,follow,none,0.3342,NOMINAL,17891,-1,65535,0,64607,0,0,0
2,follow,none,0.3676,NOMINAL,17892,-1,65535,0,24446,0,0,0
2,follow,none,0.4008,NOMINAL,17893,-1,65535,0,40472,0,0,0
2,follow,none,0.4341,NOMINAL,17894,-1,65535,0,35551,0,0,0
2,follow,none,0.4674,NOMINAL,17895,-1,65535,0,38963,0,0,0
2,follow,none,0.5008,NOMINAL,17896,-1,65535,0,19773,0,0,0
2,follow,none,0.5342,NOMINAL,17897,-1,65535,0,41337,0,0,0
2,follow,none,0.5676,NOMINAL,17898,-1,65535,0,37880,0,0,0
2,follow,none,0.6010,NOMINAL,17899,-1,65535,0,53406,0,0,0
2,follow,none,0.6341,NOMINAL,17900,-1,65535,0,60253,0,0,0
2,follow,none,0.6677,NOMINAL,17901,-1,65535,0,41972,0,0,0
2,follow,none,0.7007,NOMINAL,17902,-1,65535,0,37907,0,0,0
2,follow,none,0.7342,NOMINAL,17903,-1,65535,0,21124,0,0,0
2,follow,none,0.7676,NOMINAL,17904,-1,65535,0,55914,0,0,0
2,follow,none,0.8008,NOMINAL,17905,-1,65535,0,35681,0,0,0
2,follow,none,0.8342,NOMINAL,17906,-1,65535,0,22695,0,0,0
2,follow,none,0.8675,NOMINAL,17907,-1,65535,0,95516,0,0,0
2,follow,none,0.9010,NOMINAL,17908,-1,65535,0,46805,0,0,0
2,follow,none,0.9343,NOMINAL,17909,-1,65535,0,57431,0,0,0
2,follow,none,0.9674,NOMINAL,17910,-1,65535,0,24121,0,0,0
2,follow,none,1.0009,NOMINAL,17911,-1,65535,0,24207,0,0,0
2,follow,none,1.0341,NOMINAL,17912,-1,65535,0,38832,0,0,0
2,follow,none,1.0673,NOMINAL,17913,-1,65535,0,37972,0,0,0
2,follow,none,1.1008,NOMINAL,17914,-1,65535,0,56204,0,0,0
2,follow,none,1.1341,NOMINAL,17915,-1,65535,0,39490,0,0,0
2,follow,none,1.1674,NOMINAL,17916,-1,65535,0,22123,0,0,0
2,follow,none,1.2008,NOMINAL,17917,-1,65535,0,37965,0,0,0
2,follow,none,1.2342,NOMINAL,17918,-1,65535,0,38858,0,0,0
2,follow,none,1.2674,NOMINAL,17919,-1,65535,0,21789,0,0,0
2,follow,none,1.3008,NOMINAL,17920,-1,65535,0,20864,0,0,0
2,follow,none,1.3342,NOMINAL,17921,-1,65535,0,41794,0,0,0
2,follow,none,1.3674,NOMINAL,17922,-1,65535,0,22166,0,0,0
2,follow,none,1.4009,NOMINAL,17923,-1,65535,0,38557,0,0,0
2,follow,none,1.4342,NOMINAL,17924,-1,65535,0,38886,0,0,0
2,follow,none,1.4675,NOMINAL,17925,-1,65535,0,39291,0,0,0
2,follow,none,1.5008,NOMINAL,17926,-1,65535,0,38701,0,0,0
2,follow,none,1.5341,NOMINAL,17927,-1,65535,0,62829,0,0,0
2,follow,none,1.5674,NOMINAL,17928,-1,65535,0,40005,0,0,0
2,follow,none,1.6007,NOMINAL,17929,-1,65535,0,37452,0,0,0
2,follow,none,1.6341,NOMINAL,17930,-1,65535,0,40095,0,0,0
2,follow,none,1.6676,NOMINAL,17931,-1,65535,0,26905,0,0,0
2,follow,none,1.7009,NOMINAL,17932,-1,65535,0,39758,0,0,0
2,follow,none,1.7343,NOMINAL,17933,-1,65535,0,38332,0,0,0
2,follow,none,1.7676,NOMINAL,17934,-1,65535,0,56182,0,0,0
2,follow,none,1.8008,NOMINAL,17935,-1,65535,0,39302,0,0,0
2,follow,none,1.8343,NOMINAL,17936,-1,65535,0,59233,0,0,0
2,follow,none,1.8675,NOMINAL,17937,-1,65535,0,39750,0,0,0
2,follow,none,1.9009,NOMINAL,17938,-1,65535,0,41233,0,0,0
2,follow,none,1.9341,NOMINAL,17939,-1,65535,0,57125,0,0,0
2,follow,none,1.9675,NOMINAL,17940,-1,65535,0,40566,0,0,0
2,follow,none,2.0009,NOMINAL,17941,-1,65535,0,56260,0,0,0
2,follow,none,2.0342,NOMINAL,17942,-1,65535,0,42527,0,0,0
2,follow,none,2.0675,NOMINAL,17943,-1,65535,0,55696,0,0,0
2,follow,none,2.1009,NOMINAL,17944,-1,65535,0,38381,0,0,0
2,follow,none,2.1342,NOMINAL,17945,-1,65535,0,43989,0,0,0
2,follow,none,2.1675,NOMINAL,17946,-1,65535,0,55923,0,0,0
2,follow,none,2.2010,NOMINAL,17947,-1,65535,0,59285,0,0,0
2,follow,none,2.2342,NOMINAL,17948,-1,65535,0,56301,0,0,0
2,follow,none,2.2676,NOMINAL,17949,-1,65535,0,37823,0,0,0
2,follow,none,2.3009,NOMINAL,17950,-1,65535,0,38465,0,0,0
2,follow,none,2.3343,NOMINAL,17951,-1,65535,0,42620,0,0,0
2,follow,none,2.3674,NOMINAL,17952,-1,65535,0,41818,0,0,0
2,follow,none,2.4008,NOMINAL,17953,-1,65535,0,38586,0,0,0
2,follow,none,2.4342,NOMINAL,17954,-1,65535,0,99537,0,0,0
2,follow,none,2.4675,NOMINAL,17955,-1,65535,0,56825,0,0,0
2,follow,none,2.5008,NOMINAL,17956,-1,65535,0,56459,0,0,0
2,follow,none,2.5343,NOMINAL,17957,-1,65535,0,102428,0,0,0
2,follow,none,2.5677,NOMINAL,17958,-1,65535,0,37763,0,0,0
2,follow,none,2.6009,NOMINAL,17959,-1,65535,0,37272,0,0,0
2,follow,none,2.6341,NOMINAL,17960,-1,65535,0,43212,0,0,0
2,follow,none,2.6676,NOMINAL,17961,-1,65535,0,41006,0,0,0
2,follow,none,2.7008,NOMINAL,17962,-1,65535,0,57588,0,0,0
2,follow,none,2.7345,NOMINAL,17963,-1,65535,0,39655,0,0,0
2,follow,none,2.7674,NOMINAL,17964,-1,65535,0,38797,0,0,0
2,follow,none,2.8010,NOMINAL,17965,-1,65535,0,121313,0,0,0
2,follow,none,2.8341,NOMINAL,17966,-1,65535,0,44357,0,0,0
2,follow,none,2.8675,NOMINAL,17967,-1,65535,0,39413,0,0,0
2,follow,none,2.9009,NOMINAL,17968,-1,65535,0,39795,0,0,0
2,follow,none,2.9344,NOMINAL,17969,-1,65535,0,44771,0,0,0
2,follow,none,2.9676,NOMINAL,17970,-1,65535,0,38847,0,0,0
2,follow,none,3.0722,FAILSAFE,17970,-1,65535,1,0,0,0,0
3,follow,none,-0.9989,FAILSAFE,17971,-1,65535,0,57226,0,0,0
3,follow,none,-0.9652,FAILSAFE,17972,-1,65535,0,32388,0,0,0
3,follow,none,-0.9454,FAILSAFE,17972,-1,65535,0,0,0,0,0
3,follow,none,-0.9324,FAILSAFE,17973,-1,65535,0,32152,0,0,0
3,follow,none,-0.8990,FAILSAFE,17974,-1,65535,0,31306,0,0,0
3,follow,none,-0.8659,FAILSAFE,17975,-1,65535,0,35578,0,0,0
3,follow,none,-0.8325,FAILSAFE,17976,-1,65535,0,14939,0,0,0
3,follow,none,-0.8125,FAILSAFE,17976,-1,65535,0,0,0,0,0
3,follow,none,-0.7994,FAILSAFE,17977,-1,65535,0,31380,0,0,0
3,follow,none,-0.7658,FAILSAFE,17978,-1,65535,0,61797,0,0,0
3,follow,none,-0.7325,FAILSAFE,17979,-1,65535,0,40035,0,0,0
3,follow,none,-0.7126,FAILSAFE,17979,-1,65535,0,0,0,0,0
3,follow,none,-0.6988,NOMINAL,17980,-1,65535,0,92385,0,0,0
3,follow,none,-0.6655,NOMINAL,17981,-1,65535,0,41209,0,0,0
3,follow,none,-0.6323,NOMINAL,17982,-1,65535,0,112780,0,0,0
3,follow,none,-0.5991,NOMINAL,17983,-1,65535,0,39729,0,0,0
3,follow,none,-0.5658,NOMINAL,17984,-1,65535,0,80978,0,0,0
3,follow,none,-0.5324,NOMINAL,17985,-1,65535,0,36928,0,0,0
3,follow,none,-0.4992,NOMINAL,17986,-1,65535,0,40289,0,0,0
3,follow,none,-0.4657,NOMINAL,17987,-1,65535,0,42593,0,0,0
3,follow,none,-0.4324,NOMINAL,17988,-1,65535,0,37595,0,0,0
3,follow,none,-0.3995,NOMINAL,17989,-1,65535,0,52029,0,0,0
3,follow,none,-0.3656,NOMINAL,17990,-1,65535,0,42314,0,0,0
3,follow,none,-0.3325,NOMINAL,17991,-1,65535,0,34735,0,0,0
3,follow,none,-0.2991,NOMINAL,17992,-1,65535,0,39439,0,0,0
3,follow,none,-0.2659,NOMINAL,17993,-1,65535,0,55947,0,0,0
3,follow,none,-0.2326,NOMINAL,17994,-1,65535,0,52948,0,0,0
3,follow,none,-0.1991,NOMINAL,17995,-1,65535,0,52436,0,0,0
3,follow,none,-0.1659,NOMINAL,17996,-1,65535,0,102598,0,0,0
3,follow,none,-0.1324,NOMINAL,17997,-1,65535,0,38054,0,0,0
3,follow,none,-0.0992,NOMINAL,17998,-1,65535,0,66693,0,0,0
3,follow,none,-0.0658,NOMINAL,17999,-1,65535,0,39849,0,0,0
3,follow,none,-0.0320,NOMINAL,18000,-1,65535,0,116474,0,0,0
3,follow,none,0.0011,NOMINAL,18001,-1,65535,0,45583,0,0,0
3,follow,none,0.0345,NOMINAL,18002,-1,65535,0,59683,0,0,0
3,follow,none,0.0676,NOMINAL,18003,-1,65535,0,38832,0,0,0
3,follow,none,0.1008,NOMINAL,18004,-1,65535,0,40508,0,0,0
3,follow,none,0.1341,NOMINAL,18005,-1,65535,0,77683,0,0,0
3,follow,none,0.1676,NOMINAL,18006,-1,65535,0,37841,0,0,0
3,follow,none,0.2010,NOMINAL,18007,-1,65535,0,44983,0,0,0
3,follow,none,0.2343,NOMINAL,18008,-1,65535,0,44557,0,0,0
3,follow,none,0.2676,NOMINAL,18009,-1,65535,0,56616,0,0,0
3,follow,none,0.3008,NOMINAL,18010,-1,65535,0,39126,0,0,0
3,follow,none,0.3342,NOMINAL,18011,-1,65535,0,24581,0,0,0
3,follow,none,0.3674,NOMINAL,18012,-1,65535,0,38882,0,0,0
3,follow,none,0.4008,NOMINAL,18013,-1,65535,0,38963,0,0,0
3,follow,none,0.4344,NOMINAL,18014,-1,65535,0,25865,0,0,0
3,follow,none,0.4676,NOMINAL,18015,-1,65535,0,56485,0,0,0
3,follow,none,0.5008,NOMINAL,18016,-1,65535,0,58951,0,0,0
3,follow,none,0.5341,NOMINAL,18017,-1,65535,0,22284,0,0,0
3,follow,none,0.5674,NOMINAL,18018,-1,65535,0,20664,0,0,0
3,follow,none,0.6008,NOMINAL,18019,-1,65535,0,39099,0,0,0
3,follow,none,0.6341,NOMINAL,18020,-1,65535,0,41626,0,0,0
3,follow,none,0.6674,NOMINAL,18021,-1,65535,0,54475,0,0,0
3,follow,none,0.7009,NOMINAL,18022,-1,65535,0,57957,0,0,0
3,follow,none,0.7342,NOMINAL,18023,-1,65535,0,27250,0,0,0
3,follow,none,0.7675,NOMINAL,18024,-1,65535,0,98815,0,0,0
3,follow,none,0.8007,NOMINAL,18025,-1,65535,0,37653,0,0,0
3,follow,none,0.8343,NOMINAL,18026,-1,65535,0,48626,0,0,0
3,follow,none,0.8674,NOMINAL,18027,-1,65535,0,37595,0,0,0
3,follow,none,0.9009,NOMINAL,18028,-1,65535,0,56955,0,0,0
3,follow,none,0.9343,NOMINAL,18029,-1,65535,0,58796,0,0,0
3,follow,none,0.9675,NOMINAL,18030,-1,65535,0,42261,0,0,0
3,follow,none,1.0008,NOMINAL,18031,-1,65535,0,40223,0,0,0
3,follow,none,1.0342,NOMINAL,18032,-1,65535,0,42090,0,0,0
3,follow,none,1.0674,NOMINAL,18033,-1,65535,0,37330,0,0,0
3,follow,none,1.1007,NOMINAL,18034,-1,65535,0,58199,0,0,0
3,follow,none,1.1342,NOMINAL,18035,-1,65535,0,27571,0,0,0
3,follow,none,1.1676,NOMINAL,18036,-1,65535,0,21957,0,0,0
3,follow,none,1.2008,NOMINAL,18037,-1,65535,0,53941,0,0,0
3,follow,none,1.2343,NOMINAL,18038,-1,65535,0,43205,0,0,0
3,follow,none,1.2675,NOMINAL,18039,-1,65535,0,22921,0,0,0
3,follow,none,1.3007,NOMINAL,18040,-1,65535,0,56567,0,0,0
3,follow,none,1.3343,NOMINAL,18041,-1,65535,0,43751,0,0,0
3,follow,none,1.3676,NOMINAL,18042,-1,65535,0,58471,0,0,0
3,follow,none,1.4008,NOMINAL,18043,-1,65535,0,111872,0,0,0
3,follow,none,1.4341,NOMINAL,18044,-1,65535,0,40837,0,0,0
3,follow,none,1.4676,NOMINAL,18045,-1,65535,0,38955,0,0,0
3,follow,none,1.5007,NOMINAL,18046,-1,65535,0,35863,0,0,0
3,follow,none,1.5343,NOMINAL,18047,-1,65535,0,41201,0,0,0
3,follow,none,1.5675,NOMINAL,18048,-1,65535,0,53441,0,0,0
3,follow,none,1.6008,NOMINAL,18049,-1,65535,0,51123,0,0,0
3,follow,none,1.6345,NOMINAL,18050,-1,65535,0,103040,0,0,0
3,follow,none,1.6675,NOMINAL,18051,-1,65535,0,38801,0,0,0
3,follow,none,1.7009,NOMINAL,18052,-1,65535,0,37271,0,0,0
3,follow,none,1.7342,NOMINAL,18053,-1,65535,0,66188,0,0,0
3,follow,none,1.7675,NOMINAL,18054,-1,65535,0,38138,0,0,0
3,follow,none,1.8009,NOMINAL,18055,-1,65535,0,38445,0,0,0
3,follow,none,1.8341,NOMINAL,18056,-1,65535,0,22562,0,0,0
3,follow,none,1.8675,NOMINAL,18057,-1,65535,0,57186,0,0,0
3,follow,none,1.9008,NOMINAL,18058,-1,65535,0,53279,0,0,0
3,follow,none,1.9340,NOMINAL,18059,-1,65535,0,40536,0,0,0
3,follow,none,1.9676,NOMINAL,18060,-1,65535,0,98383,0,0,0
3,follow,none,2.0009,NOMINAL,18061,-1,65535,0,58555,0,0,0
3,follow,none,2.0342,NOMINAL,18062,-1,65535,0,40368,0,0,0
3,follow,none,2.0675,NOMINAL,18063,-1,65535,0,38124,0,0,0
3,follow,none,2.1008,NOMINAL,18064,-1,65535,0,39888,0,0,0
3,follow,none,2.1342,NOMINAL,18065,-1,65535,0,60503,0,0,0
3,follow,none,2.1675,NOMINAL,18066,-1,65535,0,21096,0,0,0
3,follow,none,2.2009,NOMINAL,18067,-1,65535,0,35222,0,0,0
3,follow,none,2.2341,NOMINAL,18068,-1,65535,0,58524,0,0,0
3,follow,none,2.2675,NOMINAL,18069,-1,65535,0,36331,0,0,0
3,follow,none,2.3009,NOMINAL,18070,-1,65535,0,40871,0,0,0
3,follow,none,2.3342,NOMINAL,18071,-1,65535,0,19952,0,0,0
3,follow,none,2.3676,NOMINAL,18072,-1,65535,0,98013,0,0,0
3,follow,none,2.4008,NOMINAL,18073,-1,65535,0,37050,0,0,0
3,follow,none,2.4343,NOMINAL,18074,-1,65535,0,23897,0,0,0
3,follow,none,2.4677,NOMINAL,18075,-1,65535,0,96591,0,0,0
3,follow,none,2.5009,NOMINAL,18076,-1,65535,0,31754,0,0,0
3,follow,none,2.5343,NOMINAL,18077,-1,65535,0,44841,0,0,0
3,follow,none,2.5675,NOMINAL,18078,-1,65535,0,39829,0,0,0
3,follow,none,2.6009,NOMINAL,18079,-1,65535,0,39352,0,0,0
3,follow,none,2.6342,NOMINAL,18080,-1,65535,0,21236,0,0,0
3,follow,none,2.6674,NOMINAL,18081,-1,65535,0,40338,0,0,0
3,follow,none,2.7010,NOMINAL,18082,-1,65535,0,57721,0,0,0
3,follow,none,2.7342,NOMINAL,18083,-1,65535,0,46924,0,0,0
3,follow,none,2.7676,NOMINAL,18084,-1,65535,0,41415,0,0,0
3,follow,none,2.8008,NOMINAL,18085,-1,65535,0,43079,0,0,0
3,follow,none,2.8343,NOMINAL,18086,-1,65535,0,43305,0,0,0
3,follow,none,2.8676,NOMINAL,18087,-1,65535,0,55924,0,0,0
3,follow,none,2.9009,NOMINAL,18088,-1,65535,0,56853,0,0,0
3,follow,none,2.9342,NOMINAL,18089,-1,65535,0,46138,0,0,0
3,follow,none,2.9673,NOMINAL,18090,-1,65535,0,39435,0,0,0
3,follow,none,3.0726,FAILSAFE,18090,-1,65535,1,0,0,0,0
4,follow,none,-0.9989,FAILSAFE,18091,-1,65535,0,97854,0,0,0
4,follow,none,-0.9657,FAILSAFE,18092,-1,65535,0,36668,0,0,0
4,follow,none,-0.9456,FAILSAFE,18092,-1,65535,0,0,0,0,0
4,follow,none,-0.9326,FAILSAFE,18093,-1,65535,0,35305,0,0,0
4,follow,none,-0.8992,FAILSAFE,18094,-1,65535,0,47604,0,0,0
4,follow,none,-0.8660,FAILSAFE,18095,-1,65535,0,33727,0,0,0
4,follow,none,-0.8458,FAILSAFE,18095,-1,65535,0,0,0,0,0
4,follow,none,-0.8327,FAILSAFE,18096,-1,65535,0,46428,0,0,0
4,follow,none,-0.7993,FAILSAFE,18097,-1,65535,0,47147,0,0,0
4,follow,none,-0.7661,FAILSAFE,18098,-1,65535,0,53006,0,0,0
4,follow,none,-0.7459,FAILSAFE,18098,-1,65535,0,0,0,0,0
4,follow,none,-0.7326,FAILSAFE,18099,-1,65535,0,54324,0,0,0
4,follow,none,-0.6990,NOMINAL,18100,-1,65535,0,89060,0,0,0
4,follow,none,-0.6658,NOMINAL,18101,-1,65535,0,26347,0,0,0
4,follow,none,-0.6325,NOMINAL,18102,-1,65535,0,113941,0,0,0
4,follow,none,-0.5993,NOMINAL,18103,-1,65535,0,37163,0,0,0
4,follow,none,-0.5658,NOMINAL,18104,-1,65535,0,36409,0,0,0
4,follow,none,-0.5326,NOMINAL,18105,-1,65535,0,36821,0,0,0
4,follow,none,-0.4989,NOMINAL,18106,-1,65535,0,38436,0,0,0
4,follow,none,-0.4658,NOMINAL,18107,-1,65535,0,94713,0,0,0
4,follow,none,-0.4325,NOMINAL,18108,-1,65535,0,25798,0,0,0
4,follow,none,-0.3991,NOMINAL,18109,-1,65535,0,71726,0,0,0
4,follow,none,-0.3657,NOMINAL,18110,-1,65535,0,39306,0,0,0
4,follow,none,-0.3324,NOMINAL,18111,-1,65535,0,38846,0,0,0
4,follow,none,-0.2992,NOMINAL,18112,-1,65535,0,57164,0,0,0
4,follow,none,-0.2661,NOMINAL,18113,-1,65535,0,43126,0,0,0
4,follow,none,-0.2326,NOMINAL,18114,-1,65535,0,50982,0,0,0
4,follow,none,-0.1993,NOMINAL,18115,-1,65535,0,37773,0,0,0
4,follow,none,-0.1659,NOMINAL,18116,-1,65535,0,43007,0,0,0
4,follow,none,-0.1326,NOMINAL,18117,-1,65535,0,40864,0,0,0
4,follow,none,-0.0990,NOMINAL,18118,-1,65535,0,38208,0,0,0
4,follow,none,-0.0659,NOMINAL,18119,-1,65535,0,42891,0,0,0
4,follow,none,-0.0321,NOMINAL,18120,-1,65535,0,133574,0,0,0
4,follow,none,0.0010,NOMINAL,18121,-1,65535,0,48837,0,0,0
4,follow,none,0.0343,NOMINAL,18122,-1,65535,0,61632,0,0,0
4,follow,none,0.0676,NOMINAL,18123,-1,65535,0,22259,0,0,0
4,follow,none,0.1008,NOMINAL,18124,-1,65535,0,38992,0,0,0
4,follow,none,0.1342,NOMINAL,18125,-1,65535,0,23291,0,0,0
4,follow,none,0.1676,NOMINAL,18126,-1,65535,0,40832,0,0,0
4,follow,none,0.2009,NOMINAL,18127,-1,65535,0,37239,0,0,0
4,follow,none,0.2342,NOMINAL,18128,-1,65535,0,41280,0,0,0
4,follow,none,0.2673,NOMINAL,18129,-1,65535,0,37372,0,0,0
4,follow,none,0.3007,NOMINAL,18130,-1,65535,0,38016,0,0,0
4,follow,none,0.3341,NOMINAL,18131,-1,65535,0,46899,0,0,0
4,follow,none,0.3674,NOMINAL,18132,-1,65535,0,40250,0,0,0
4,follow,none,0.4007,NOMINAL,18133,-1,65535,0,38782,0,0,0
4,follow,none,0.4343,NOMINAL,18134,-1,65535,0,42340,0,0,0
4,follow,none,0.4677,NOMINAL,18135,-1,65535,0,21625,0,0,0
4,follow,none,0.5007,NOMINAL,18136,-1,65535,0,40341,0,0,0
4,follow,none,0.5341,NOMINAL,18137,-1,65535,0,42468,0,0,0
4,follow,none,0.5674,NOMINAL,18138,-1,65535,0,56550,0,0,0
4,follow,none,0.6008,NOMINAL,18139,-1,65535,0,39024,0,0,0
4,follow,none,0.6341,NOMINAL,18140,-1,65535,0,27517,0,0,0
4,follow,none,0.6674,NOMINAL,18141,-1,65535,0,37766,0,0,0
4,follow,none,0.7010,NOMINAL,18142,-1,65535,0,24489,0,0,0
4,follow,none,0.7342,NOMINAL,18143,-1,65535,0,54954,0,0,0
4,follow,none,0.7676,NOMINAL,18144,-1,65535,0,38239,0,0,0
4,follow,none,0.8009,NOMINAL,18145,-1,65535,0,39891,0,0,0
4,follow,none,0.8343,NOMINAL,18146,-1,65535,0,47174,0,0,0
4,follow,none,0.8676,NOMINAL,18147,-1,65535,0,96273,0,0,0
4,follow,none,0.9008,NOMINAL,18148,-1,65535,0,41221,0,0,0
4,follow,none,0.9343,NOMINAL,18149,-1,65535,0,92016,0,0,0
4,follow,none,0.9674,NOMINAL,18150,-1,65535,0,35988,0,0,0
4,follow,none,1.0007,NOMINAL,18151,-1,65535,0,41229,0,0,0
4,follow,none,1.0340,NOMINAL,18152,-1,65535,0,43873,0,0,0
4,follow,none,1.0675,NOMINAL,18153,-1,65535,0,24112,0,0,0
4,follow,none,1.1011,NOMINAL,18154,-1,65535,0,39312,0,0,0
4,follow,none,1.1343,NOMINAL,18155,-1,65535,0,24880,0,0,0
4,follow,none,1.1675,NOMINAL,18156,-1,65535,0,40338,0,0,0
4,follow,none,1.2008,NOMINAL,18157,-1,65535,0,39045,0,0,0
4,follow,none,1.2342,NOMINAL,18158,-1,65535,0,42806,0,0,0
4,follow,none,1.2674,NOMINAL,18159,-1,65535,0,28923,0,0,0
4,follow,none,1.3007,NOMINAL,18160,-1,65535,0,38136,0,0,0
4,follow,none,1.3340,NOMINAL,18161,-1,65535,0,43113,0,0,0
4,follow,none,1.3675,NOMINAL,18162,-1,65535,0,57845,0,0,0
4,follow,none,1.4008,NOMINAL,18163,-1,65535,0,38058,0,0,0
4,follow,none,1.4341,NOMINAL,18164,-1,65535,0,54979,0,0,0
4,follow,none,1.4677,NOMINAL,18165,-1,65535,0,114787,0,0,0
4,follow,none,1.5011,NOMINAL,18166,-1,65535,0,114291,0,0,0
4,follow,none,1.5341,NOMINAL,18167,-1,65535,0,44056,0,0,0
4,follow,none,1.5675,NOMINAL,18168,-1,65535,0,56537,0,0,0
4,follow,none,1.6008,NOMINAL,18169,-1,65535,0,37666,0,0,0
4,follow,none,1.6340,NOMINAL,18170,-1,65535,0,63341,0,0,0
4,follow,none,1.6675,NOMINAL,18171,-1,65535,0,57066,0,0,0
4,follow,none,1.7009,NOMINAL,18172,-1,65535,0,37579,0,0,0
4,follow,none,1.7342,NOMINAL,18173,-1,65535,0,40084,0,0,0
4,follow,none,1.7675,NOMINAL,18174,-1,65535,0,55079,0,0,0
4,follow,none,1.8008,NOMINAL,18175,-1,65535,0,116909,0,0,0
4,follow,none,1.8341,NOMINAL,18176,-1,65535,0,42111,0,0,0
4,follow,none,1.8674,NOMINAL,18177,-1,65535,0,53495,0,0,0
4,follow,none,1.9009,NOMINAL,18178,-1,65535,0,77687,0,0,0
4,follow,none,1.9344,NOMINAL,18179,-1,65535,0,40756,0,0,0
4,follow,none,1.9674,NOMINAL,18180,-1,65535,0,38744,0,0,0
4,follow,none,2.0009,NOMINAL,18181,-1,65535,0,39544,0,0,0
4,follow,none,2.0344,NOMINAL,18182,-1,65535,0,59983,0,0,0
4,follow,none,2.0678,NOMINAL,18183,-1,65535,0,41079,0,0,0
4,follow,none,2.1009,NOMINAL,18184,-1,65535,0,55063,0,0,0
4,follow,none,2.1342,NOMINAL,18185,-1,65535,0,60274,0,0,0
4,follow,none,2.1676,NOMINAL,18186,-1,65535,0,95506,0,0,0
4,follow,none,2.2008,NOMINAL,18187,-1,65535,0,38644,0,0,0
4,follow,none,2.2342,NOMINAL,18188,-1,65535,0,41107,0,0,0
4,follow,none,2.2675,NOMINAL,18189,-1,65535,0,52744,0,0,0
4,follow,none,2.3008,NOMINAL,18190,-1,65535,0,19486,0,0,0
4,follow,none,2.3342,NOMINAL,18191,-1,65535,0,51602,0,0,0
4,follow,none,2.3674,NOMINAL,18192,-1,65535,0,41911,0,0,0
4,follow,none,2.4005,NOMINAL,18193,-1,65535,0,37447,0,0,0
4,follow,none,2.4342,NOMINAL,18194,-1,65535,0,41026,0,0,0
4,follow,none,2.4677,NOMINAL,18195,-1,65535,0,94546,0,0,0
4,follow,none,2.5009,NOMINAL,18196,-1,65535,0,22433,0,0,0
4,follow,none,2.5342,NOMINAL,18197,-1,65535,0,46244,0,0,0
4,follow,none,2.5675,NOMINAL,18198,-1,65535,0,42778,0,0,0
4,follow,none,2.6010,NOMINAL,18199,-1,65535,0,107729,0,0,0
4,follow,none,2.6341,NOMINAL,18200,-1,65535,0,62239,0,0,0
4,follow,none,2.6675,NOMINAL,18201,-1,65535,0,37298,0,0,0
4,follow,none,2.7009,NOMINAL,18202,-1,65535,0,39055,0,0,0
4,follow,none,2.7342,NOMINAL,18203,-1,65535,0,53598,0,0,0
4,follow,none,2.7675,NOMINAL,18204,-1,65535,0,38712,0,0,0
4,follow,none,2.8008,NOMINAL,18205,-1,65535,0,41493,0,0,0
4,follow,none,2.8344,NOMINAL,18206,-1,65535,0,43426,0,0,0
4,follow,none,2.8676,NOMINAL,18207,-1,65535,0,56487,0,0,0
4,follow,none,2.9009,NOMINAL,18208,-1,65535,0,39480,0,0,0
4,follow,none,2.9343,NOMINAL,18209,-1,65535,0,45480,0,0,0
4,follow,none,2.9674,NOMINAL,18210,-1,65535,0,41181,0,0,0
4,follow,none,3.0729,FAILSAFE,18210,-1,65535,1,0,0,0,0
5,follow,none,-0.9990,FAILSAFE,18211,-1,65535,0,35545,0,0,0
5,follow,none,-0.9659,FAILSAFE,18212,-1,65535,0,37727,0,0,0
5,follow,none,-0.9458,FAILSAFE,18212,-1,65535,0,0,0,0,0
5,follow,none,-0.9326,FAILSAFE,18213,-1,65535,0,32236,0,0,0
5,follow,none,-0.8993,FAILSAFE,18214,-1,65535,0,32320,0,0,0
5,follow,none,-0.8659,FAILSAFE,18215,-1,65535,0,52838,0,0,0
5,follow,none,-0.8458,FAILSAFE,18215,-1,65535,0,0,0,0,0
5,follow,none,-0.8325,FAILSAFE,18216,-1,65535,0,94443,0,0,0
5,follow,none,-0.7992,FAILSAFE,18217,-1,65535,0,32062,0,0,0
5,follow,none,-0.7660,FAILSAFE,18218,-1,65535,0,14104,0,0,0
5,follow,none,-0.7459,FAILSAFE,18218,-1,65535,0,0,0,0,0
5,follow,none,-0.7326,FAILSAFE,18219,-1,65535,0,31422,0,0,0
5,follow,none,-0.6989,NOMINAL,18220,-1,65535,0,75192,0,0,0
5,follow,none,-0.6659,NOMINAL,18221,-1,65535,0,62793,0,0,0
5,follow,none,-0.6326,NOMINAL,18222,-1,65535,0,38704,0,0,0
5,follow,none,-0.5992,NOMINAL,18223,-1,65535,0,38963,0,0,0
5,follow,none,-0.5658,NOMINAL,18224,-1,65535,0,38471,0,0,0
5,follow,none,-0.5326,NOMINAL,18225,-1,65535,0,40411,0,0,0
5,follow,none,-0.4993,NOMINAL,18226,-1,65535,0,56555,0,0,0
5,follow,none,-0.4659,NOMINAL,18227,-1,65535,0,24583,0,0,0
5,follow,none,-0.4324,NOMINAL,18228,-1,65535,0,97054,0,0,0
5,follow,none,-0.3992,NOMINAL,18229,-1,65535,0,19330,0,0,0
5,follow,none,-0.3657,NOMINAL,18230,-1,65535,0,43552,0,0,0
5,follow,none,-0.3325,NOMINAL,18231,-1,65535,0,37971,0,0,0
5,follow,none,-0.2992,NOMINAL,18232,-1,65535,0,55187,0,0,0
5,follow,none,-0.2659,NOMINAL,18233,-1,65535,0,39412,0,0,0
5,follow,none,-0.2325,NOMINAL,18234,-1,65535,0,39478,0,0,0
5,follow,none,-0.1993,NOMINAL,18235,-1,65535,0,55386,0,0,0
5,follow,none,-0.1659,NOMINAL,18236,-1,65535,0,41477,0,0,0
5,follow,none,-0.1328,NOMINAL,18237,-1,65535,0,36478,0,0,0
5,follow,none,-0.0991,NOMINAL,18238,-1,65535,0,56412,0,0,0
5,follow,none,-0.0657,NOMINAL,18239,-1,65535,0,44450,0,0,0
5,follow,none,-0.0322,NOMINAL,18240,-1,65535,0,53083,0,0,0
5,follow,none,0.0015,NOMINAL,18241,-1,65535,0,108533,0,0,0
5,follow,none,0.0343,NOMINAL,18242,-1,65535,0,48126,0,0,0
5,follow,none,0.0676,NOMINAL,18243,-1,65535,0,37536,0,0,0
5,follow,none,0.1010,NOMINAL,18244,-1,65535,0,38166,0,0,0
5,follow,none,0.1341,NOMINAL,18245,-1,65535,0,21006,0,0,0
5,follow,none,0.1674,NOMINAL,18246,-1,65535,0,37715,0,0,0
5,follow,none,0.2009,NOMINAL,18247,-1,65535,0,38715,0,0,0
5,follow,none,0.2343,NOMINAL,18248,-1,65535,0,43070,0,0,0
5,follow,none,0.2676,NOMINAL,18249,-1,65535,0,42284,0,0,0
5,follow,none,0.3010,NOMINAL,18250,-1,65535,0,37918,0,0,0
5,follow,none,0.3342,NOMINAL,18251,-1,65535,0,24362,0,0,0
5,follow,none,0.3676,NOMINAL,18252,-1,65535,0,56398,0,0,0
5,follow,none,0.4008,NOMINAL,18253,-1,65535,0,53657,0,0,0
5,follow,none,0.4341,NOMINAL,18254,-1,65535,0,22628,0,0,0
5,follow,none,0.4674,NOMINAL,18255,-1,65535,0,21827,0,0,0
5,follow,none,0.5008,NOMINAL,18256,-1,65535,0,24268,0,0,0
5,follow,none,0.5342,NOMINAL,18257,-1,65535,0,45452,0,0,0
5,follow,none,0.5675,NOMINAL,18258,-1,65535,0,56790,0,0,0
5,follow,none,0.6010,NOMINAL,18259,-1,65535,0,96066,0,0,0
5,follow,none,0.6342,NOMINAL,18260,-1,65535,0,45860,0,0,0
5,follow,none,0.6677,NOMINAL,18261,-1,65535,0,40502,0,0,0
5,follow,none,0.7008,NOMINAL,18262,-1,65535,0,36789,0,0,0
5,follow,none,0.7342,NOMINAL,18263,-1,65535,0,46273,0,0,0
5,follow,none,0.7675,NOMINAL,18264,-1,65535,0,52730,0,0,0
5,follow,none,0.8007,NOMINAL,18265,-1,65535,0,40267,0,0,0
5,follow,none,0.8343,NOMINAL,18266,-1,65535,0,43606,0,0,0
5,follow,none,0.8676,NOMINAL,18267,-1,65535,0,40662,0,0,0
5,follow,none,0.9009,NOMINAL,18268,-1,65535,0,40711,0,0,0
5,follow,none,0.9341,NOMINAL,18269,-1,65535,0,41201,0,0,0
5,follow,none,0.9676,NOMINAL,18270,-1,65535,0,56645,0,0,0
5,follow,none,1.0009,NOMINAL,18271,-1,65535,0,53444,0,0,0
5,follow,none,1.0340,NOMINAL,18272,-1,65535,0,38687,0,0,0
5,follow,none,1.0674,NOMINAL,18273,-1,65535,0,20571,0,0,0
5,follow,none,1.1008,NOMINAL,18274,-1,65535,0,39371,0,0,0
5,follow,none,1.1341,NOMINAL,18275,-1,65535,0,44188,0,0,0
5,follow,none,1.1677,NOMINAL,18276,-1,65535,0,114927,0,0,0
5,follow,none,1.2009,NOMINAL,18277,-1,65535,0,53080,0,0,0
5,follow,none,1.2342,NOMINAL,18278,-1,65535,0,61176,0,0,0
5,follow,none,1.2676,NOMINAL,18279,-1,65535,0,58154,0,0,0
5,follow,none,1.3008,NOMINAL,18280,-1,65535,0,22928,0,0,0
5,follow,none,1.3342,NOMINAL,18281,-1,65535,0,41244,0,0,0
5,follow,none,1.3676,NOMINAL,18282,-1,65535,0,40190,0,0,0
5,follow,none,1.4009,NOMINAL,18283,-1,65535,0,20240,0,0,0
5,follow,none,1.4343,NOMINAL,18284,-1,65535,0,43122,0,0,0
5,follow,none,1.4673,NOMINAL,18285,-1,65535,0,37921,0,0,0
5,follow,none,1.5008,NOMINAL,18286,-1,65535,0,37049,0,0,0
5,follow,none,1.5345,NOMINAL,18287,-1,65535,0,38762,0,0,0
5,follow,none,1.5676,NOMINAL,18288,-1,65535,0,98730,0,0,0
5,follow,none,1.6008,NOMINAL,18289,-1,65535,0,38003,0,0,0
5,follow,none,1.6341,NOMINAL,18290,-1,65535,0,45123,0,0,0
5,follow,none,1.6676,NOMINAL,18291,-1,65535,0,39078,0,0,0
5,follow,none,1.7009,NOMINAL,18292,-1,65535,0,35795,0,0,0
5,follow,none,1.7341,NOMINAL,18293,-1,65535,0,43588,0,0,0
5,follow,none,1.7675,NOMINAL,18294,-1,65535,0,40402,0,0,0
5,follow,none,1.8009,NOMINAL,18295,-1,65535,0,24057,0,0,0
5,follow,none,1.8343,NOMINAL,18296,-1,65535,0,43936,0,0,0
5,follow,none,1.8676,NOMINAL,18297,-1,65535,0,21030,0,0,0
5,follow,none,1.9009,NOMINAL,18298,-1,65535,0,21825,0,0,0
5,follow,none,1.9343,NOMINAL,18299,-1,65535,0,98198,0,0,0
5,follow,none,1.9677,NOMINAL,18300,-1,65535,0,54021,0,0,0
5,follow,none,2.0006,NOMINAL,18301,-1,65535,0,38013,0,0,0
5,follow,none,2.0342,NOMINAL,18302,-1,65535,0,45255,0,0,0
5,follow,none,2.0674,NOMINAL,18303,-1,65535,0,39063,0,0,0
5,follow,none,2.1008,NOMINAL,18304,-1,65535,0,37620,0,0,0
5,follow,none,2.1342,NOMINAL,18305,-1,65535,0,24440,0,0,0
5,follow,none,2.1675,NOMINAL,18306,-1,65535,0,36545,0,0,0
5,follow,none,2.2008,NOMINAL,18307,-1,65535,0,57780,0,0,0
5,follow,none,2.2342,NOMINAL,18308,-1,65535,0,22464,0,0,0
5,follow,none,2.2676,NOMINAL,18309,-1,65535,0,35696,0,0,0
5,follow,none,2.3008,NOMINAL,18310,-1,65535,0,36111,0,0,0
5,follow,none,2.3341,NOMINAL,18311,-1,65535,0,21338,0,0,0
5,follow,none,2.3676,NOMINAL,18312,-1,65535,0,35887,0,0,0
5,follow,none,2.4007,NOMINAL,18313,-1,65535,0,38763,0,0,0
5,follow,none,2.4342,NOMINAL,18314,-1,65535,0,43358,0,0,0
5,follow,none,2.4675,NOMINAL,18315,-1,65535,0,19968,0,0,0
5,follow,none,2.5009,NOMINAL,18316,-1,65535,0,20228,0,0,0
5,follow,none,2.5340,NOMINAL,18317,-1,65535,0,41046,0,0,0
5,follow,none,2.5676,NOMINAL,18318,-1,65535,0,21724,0,0,0
5,follow,none,2.6011,NOMINAL,18319,-1,65535,0,38945,0,0,0
5,follow,none,2.6343,NOMINAL,18320,-1,65535,0,104697,0,0,0
5,follow,none,2.6676,NOMINAL,18321,-1,65535,0,56066,0,0,0
5,follow,none,2.7008,NOMINAL,18322,-1,65535,0,38596,0,0,0
5,follow,none,2.7341,NOMINAL,18323,-1,65535,0,44876,0,0,0
5,follow,none,2.7674,NOMINAL,18324,-1,65535,0,38941,0,0,0
5,follow,none,2.8009,NOMINAL,18325,-1,65535,0,35544,0,0,0
5,follow,none,2.8342,NOMINAL,18326,-1,65535,0,61394,0,0,0
5,follow,none,2.8675,NOMINAL,18327,-1,65535,0,36936,0,0,0
5,follow,none,2.9011,NOMINAL,18328,-1,65535,0,95282,0,0,0
5,follow,none,2.9342,NOMINAL,18329,-1,65535,0,59752,0,0,0
5,follow,none,2.9676,NOMINAL,18330,-1,65535,0,46026,0,0,0
5,follow,none,3.0731,FAILSAFE,18330,-1,65535,1,0,0,0,0
6,follow,none,-0.9990,FAILSAFE,18331,-1,65535,0,50971,0,0,0
6,follow,none,-0.9658,FAILSAFE,18332,-1,65535,0,35516,0,0,0
6,follow,none,-0.9457,FAILSAFE,18332,-1,65535,0,0,0,0,0
6,follow,none,-0.9326,FAILSAFE,18333,-1,65535,0,14853,0,0,0
6,follow,none,-0.8992,FAILSAFE,18334,-1,65535,0,28479,0,0,0
6,follow,none,-0.8658,FAILSAFE,18335,-1,65535,0,55495,0,0,0
6,follow,none,-0.8458,FAILSAFE,18335,-1,65535,0,0,0,0,0
6,follow,none,-0.8325,FAILSAFE,18336,-1,65535,0,47662,0,0,0
6,follow,none,-0.7991,FAILSAFE,18337,-1,65535,0,28613,0,0,0
6,follow,none,-0.7658,FAILSAFE,18338,-1,65535,0,68366,0,0,0
6,follow,none,-0.7459,FAILSAFE,18338,-1,65535,0,0,0,0,0
6,follow,none,-0.7327,FAILSAFE,18339,-1,65535,0,47505,0,0,0
6,follow,none,-0.6987,NOMINAL,18340,-1,65535,0,111464,0,0,0
6,follow,none,-0.6657,NOMINAL,18341,-1,65535,0,94210,0,0,0
6,follow,none,-0.6325,NOMINAL,18342,-1,65535,0,54084,0,0,0
6,follow,none,-0.5992,NOMINAL,18343,-1,65535,0,21870,0,0,0
6,follow,none,-0.5659,NOMINAL,18344,-1,65535,0,29019,0,0,0
6,follow,none,-0.5326,NOMINAL,18345,-1,65535,0,36388,0,0,0
6,follow,none,-0.4990,NOMINAL,18346,-1,65535,0,74230,0,0,0
6,follow,none,-0.4659,NOMINAL,18347,-1,65535,0,43748,0,0,0
6,follow,none,-0.4325,NOMINAL,18348,-1,65535,0,38531,0,0,0
6,follow,none,-0.3991,NOMINAL,18349,-1,65535,0,97439,0,0,0
6,follow,none,-0.3658,NOMINAL,18350,-1,65535,0,28704,0,0,0
6,follow,none,-0.3326,NOMINAL,18351,-1,65535,0,32363,0,0,0
6,follow,none,-0.2991,NOMINAL,18352,-1,65535,0,47866,0,0,0
6,follow,none,-0.2660,NOMINAL,18353,-1,65535,0,35847,0,0,0
6,follow,none,-0.2325,NOMINAL,18354,-1,65535,0,36637,0,0,0
6,follow,none,-0.1991,NOMINAL,18355,-1,65535,0,51540,0,0,0
6,follow,none,-0.1658,NOMINAL,18356,-1,65535,0,44533,0,0,0
6,follow,none,-0.1325,NOMINAL,18357,-1,65535,0,36922,0,0,0
6,follow,none,-0.0992,NOMINAL,18358,-1,65535,0,95379,0,0,0
6,follow,none,-0.0659,NOMINAL,18359,-1,65535,0,43468,0,0,0
6,follow,none,-0.0319,NOMINAL,18360,-1,65535,0,59482,0,0,0
6,follow,none,0.0010,NOMINAL,18361,-1,65535,0,66375,0,0,0
6,follow,none,0.0343,NOMINAL,18362,-1,65535,0,43284,0,0,0
6,follow,none,0.0678,NOMINAL,18363,-1,65535,0,97422,0,0,0
6,follow,none,0.1010,NOMINAL,18364,-1,65535,0,61715,0,0,0
6,follow,none,0.1343,NOMINAL,18365,-1,65535,0,38831,0,0,0
6,follow,none,0.1675,NOMINAL,18366,-1,65535,0,37129,0,0,0
6,follow,none,0.2010,NOMINAL,18367,-1,65535,0,53839,0,0,0
6,follow,none,0.2343,NOMINAL,18368,-1,65535,0,43936,0,0,0
6,follow,none,0.2674,NOMINAL,18369,-1,65535,0,73429,0,0,0
6,follow,none,0.3008,NOMINAL,18370,-1,65535,0,52562,0,0,0
6,follow,none,0.3343,NOMINAL,18371,-1,65535,0,117730,0,0,0
6,follow,none,0.3677,NOMINAL,18372,-1,65535,0,96318,0,0,0
6,follow,none,0.4008,NOMINAL,18373,-1,65535,0,13751,0,0,0
6,follow,none,0.4342,NOMINAL,18374,-1,65535,0,61513,0,0,0
6,follow,none,0.4674,NOMINAL,18375,-1,65535,0,21303,0,0,0
6,follow,none,0.5009,NOMINAL,18376,-1,65535,0,19338,0,0,0
6,follow,none,0.5340,NOMINAL,18377,-1,65535,0,59795,0,0,0
6,follow,none,0.5676,NOMINAL,18378,-1,65535,0,70413,0,0,0
6,follow,none,0.6009,NOMINAL,18379,-1,65535,0,37559,0,0,0
6,follow,none,0.6342,NOMINAL,18380,-1,65535,0,39538,0,0,0
6,follow,none,0.6675,NOMINAL,18381,-1,65535,0,36918,0,0,0
6,follow,none,0.7010,NOMINAL,18382,-1,65535,0,36554,0,0,0
6,follow,none,0.7343,NOMINAL,18383,-1,65535,0,41488,0,0,0
6,follow,none,0.7674,NOMINAL,18384,-1,65535,0,54178,0,0,0
6,follow,none,0.8010,NOMINAL,18385,-1,65535,0,36380,0,0,0
6,follow,none,0.8342,NOMINAL,18386,-1,65535,0,41655,0,0,0
6,follow,none,0.8676,NOMINAL,18387,-1,65535,0,39489,0,0,0
6,follow,none,0.9009,NOMINAL,18388,-1,65535,0,37737,0,0,0
6,follow,none,0.9342,NOMINAL,18389,-1,65535,0,40874,0,0,0
6,follow,none,0.9675,NOMINAL,18390,-1,65535,0,34995,0,0,0
6,follow,none,1.0010,NOMINAL,18391,-1,65535,0,54969,0,0,0
6,follow,none,1.0342,NOMINAL,18392,-1,65535,0,36465,0,0,0
6,follow,none,1.0673,NOMINAL,18393,-1,65535,0,42288,0,0,0
6,follow,none,1.1010,NOMINAL,18394,-1,65535,0,51804,0,0,0
6,follow,none,1.1342,NOMINAL,18395,-1,65535,0,37647,0,0,0
6,follow,none,1.1675,NOMINAL,18396,-1,65535,0,72570,0,0,0
6,follow,none,1.2009,NOMINAL,18397,-1,65535,0,52405,0,0,0
6,follow,none,1.2341,NOMINAL,18398,-1,65535,0,41107,0,0,0
6,follow,none,1.2675,NOMINAL,18399,-1,65535,0,49453,0,0,0
6,follow,none,1.3010,NOMINAL,18400,-1,65535,0,53385,0,0,0
6,follow,none,1.3341,NOMINAL,18401,-1,65535,0,39056,0,0,0
6,follow,none,1.3675,NOMINAL,18402,-1,65535,0,36262,0,0,0
6,follow,none,1.4009,NOMINAL,18403,-1,65535,0,37737,0,0,0
6,follow,none,1.4342,NOMINAL,18404,-1,65535,0,42788,0,0,0
6,follow,none,1.4675,NOMINAL,18405,-1,65535,0,42011,0,0,0
6,follow,none,1.5009,NOMINAL,18406,-1,65535,0,37079,0,0,0
6,follow,none,1.5341,NOMINAL,18407,-1,65535,0,44824,0,0,0
6,follow,none,1.5675,NOMINAL,18408,-1,65535,0,21046,0,0,0
6,follow,none,1.6006,NOMINAL,18409,-1,65535,0,72484,0,0,0
6,follow,none,1.6343,NOMINAL,18410,-1,65535,0,99352,0,0,0
6,follow,none,1.6676,NOMINAL,18411,-1,65535,0,39224,0,0,0
6,follow,none,1.7009,NOMINAL,18412,-1,65535,0,33807,0,0,0
6,follow,none,1.7341,NOMINAL,18413,-1,65535,0,61570,0,0,0
6,follow,none,1.7676,NOMINAL,18414,-1,65535,0,34721,0,0,0
6,follow,none,1.8009,NOMINAL,18415,-1,65535,0,70745,0,0,0
6,follow,none,1.8342,NOMINAL,18416,-1,65535,0,45471,0,0,0
6,follow,none,1.8676,NOMINAL,18417,-1,65535,0,52720,0,0,0
6,follow,none,1.9009,NOMINAL,18418,-1,65535,0,57304,0,0,0
6,follow,none,1.9342,NOMINAL,18419,-1,65535,0,54705,0,0,0
6,follow,none,1.9675,NOMINAL,18420,-1,65535,0,51780,0,0,0
6,follow,none,2.0008,NOMINAL,18421,-1,65535,0,36203,0,0,0
6,follow,none,2.0342,NOMINAL,18422,-1,65535,0,45183,0,0,0
6,follow,none,2.0676,NOMINAL,18423,-1,65535,0,24122,0,0,0
6,follow,none,2.1012,NOMINAL,18424,-1,65535,0,95760,0,0,0
6,follow,none,2.1340,NOMINAL,18425,-1,65535,0,42780,0,0,0
6,follow,none,2.1675,NOMINAL,18426,-1,65535,0,36629,0,0,0
6,follow,none,2.2010,NOMINAL,18427,-1,65535,0,39687,0,0,0
6,follow,none,2.2342,NOMINAL,18428,-1,65535,0,41827,0,0,0
6,follow,none,2.2674,NOMINAL,18429,-1,65535,0,38715,0,0,0
6,follow,none,2.3009,NOMINAL,18430,-1,65535,0,54204,0,0,0
6,follow,none,2.3341,NOMINAL,18431,-1,65535,0,40723,0,0,0
6,follow,none,2.3675,NOMINAL,18432,-1,65535,0,50647,0,0,0
6,follow,none,2.4007,NOMINAL,18433,-1,65535,0,53470,0,0,0
6,follow,none,2.4343,NOMINAL,18434,-1,65535,0,71396,0,0,0
6,follow,none,2.4675,NOMINAL,18435,-1,65535,0,55943,0,0,0
6,follow,none,2.5010,NOMINAL,18436,-1,65535,0,55627,0,0,0
6,follow,none,2.5342,NOMINAL,18437,-1,65535,0,44969,0,0,0
6,follow,none,2.5675,NOMINAL,18438,-1,65535,0,56362,0,0,0
6,follow,none,2.6008,NOMINAL,18439,-1,65535,0,40371,0,0,0
6,follow,none,2.6341,NOMINAL,18440,-1,65535,0,61195,0,0,0
6,follow,none,2.6675,NOMINAL,18441,-1,65535,0,55269,0,0,0
6,follow,none,2.7010,NOMINAL,18442,-1,65535,0,39719,0,0,0
6,follow,none,2.7340,NOMINAL,18443,-1,65535,0,57426,0,0,0
6,follow,none,2.7675,NOMINAL,18444,-1,65535,0,38712,0,0,0
6,follow,none,2.8011,NOMINAL,18445,-1,65535,0,52228,0,0,0
6,follow,none,2.8342,NOMINAL,18446,-1,65535,0,43331,0,0,0
6,follow,none,2.8676,NOMINAL,18447,-1,65535,0,38779,0,0,0
6,follow,none,2.9011,NOMINAL,18448,-1,65535,0,95335,0,0,0
6,follow,none,2.9343,NOMINAL,18449,-1,65535,0,40643,0,0,0
6,follow,none,2.9677,NOMINAL,18450,-1,65535,0,56279,0,0,0
6,follow,none,3.0730,FAILSAFE,18450,-1,65535,1,0,0,0,0
7,follow,none,-0.9990,FAILSAFE,18451,-1,65535,0,47487,0,0,0
7,follow,none,-0.9659,FAILSAFE,18452,-1,65535,0,73614,0,0,0
7,follow,none,-0.9457,FAILSAFE,18452,-1,65535,0,0,0,0,0
7,follow,none,-0.9325,FAILSAFE,18453,-1,65535,0,33663,0,0,0
7,follow,none,-0.8992,FAILSAFE,18454,-1,65535,0,44888,0,0,0
7,follow,none,-0.8660,FAILSAFE,18455,-1,65535,0,17122,0,0,0
7,follow,none,-0.8324,FAILSAFE,18456,-1,65535,0,45521,0,0,0
7,follow,none,-0.8123,FAILSAFE,18456,-1,65535,0,0,0,0,0
7,follow,none,-0.7991,FAILSAFE,18457,-1,65535,0,46755,0,0,0
7,follow,none,-0.7659,FAILSAFE,18458,-1,65535,0,16831,0,0,0
7,follow,none,-0.7326,FAILSAFE,18459,-1,65535,0,49450,0,0,0
7,follow,none,-0.7125,FAILSAFE,18459,-1,65535,0,0,0,0,0
7,follow,none,-0.6988,NOMINAL,18460,-1,65535,0,114035,0,0,0
7,follow,none,-0.6657,NOMINAL,18461,-1,65535,0,27280,0,0,0
7,follow,none,-0.6326,NOMINAL,18462,-1,65535,0,17729,0,0,0
7,follow,none,-0.5991,NOMINAL,18463,-1,65535,0,38410,0,0,0
7,follow,none,-0.5660,NOMINAL,18464,-1,65535,0,40829,0,0,0
7,follow,none,-0.5324,NOMINAL,18465,-1,65535,0,51380,0,0,0
7,follow,none,-0.4993,NOMINAL,18466,-1,65535,0,55245,0,0,0
7,follow,none,-0.4657,NOMINAL,18467,-1,65535,0,100564,0,0,0
7,follow,none,-0.4322,NOMINAL,18468,-1,65535,0,38388,0,0,0
7,follow,none,-0.3993,NOMINAL,18469,-1,65535,0,38504,0,0,0
7,follow,none,-0.3658,NOMINAL,18470,-1,65535,0,44345,0,0,0
7,follow,none,-0.3324,NOMINAL,18471,-1,65535,0,95561,0,0,0
7,follow,none,-0.2990,NOMINAL,18472,-1,65535,0,52771,0,0,0
7,follow,none,-0.2658,NOMINAL,18473,-1,65535,0,45147,0,0,0
7,follow,none,-0.2326,NOMINAL,18474,-1,65535,0,53888,0,0,0
7,follow,none,-0.1992,NOMINAL,18475,-1,65535,0,20561,0,0,0
7,follow,none,-0.1658,NOMINAL,18476,-1,65535,0,43643,0,0,0
7,follow,none,-0.1327,NOMINAL,18477,-1,65535,0,36278,0,0,0
7,follow,none,-0.0991,NOMINAL,18478,-1,65535,0,22987,0,0,0
7,follow,none,-0.0659,NOMINAL,18479,-1,65535,0,63581,0,0,0
7,follow,none,-0.0318,NOMINAL,18480,-1,65535,0,44184,0,0,0
7,follow,none,0.0012,NOMINAL,18481,-1,65535,0,49181,0,0,0
7,follow,none,0.0342,NOMINAL,18482,-1,65535,0,41049,0,0,0
7,follow,none,0.0675,NOMINAL,18483,-1,65535,0,39449,0,0,0
7,follow,none,0.1011,NOMINAL,18484,-1,65535,0,20901,0,0,0
7,follow,none,0.1342,NOMINAL,18485,-1,65535,0,44831,0,0,0
7,follow,none,0.1676,NOMINAL,18486,-1,65535,0,38738,0,0,0
7,follow,none,0.2010,NOMINAL,18487,-1,65535,0,41132,0,0,0
7,follow,none,0.2342,NOMINAL,18488,-1,65535,0,54629,0,0,0
7,follow,none,0.2675,NOMINAL,18489,-1,65535,0,38337,0,0,0
7,follow,none,0.3008,NOMINAL,18490,-1,65535,0,40904,0,0,0
7,follow,none,0.3341,NOMINAL,18491,-1,65535,0,41339,0,0,0
7,follow,none,0.3677,NOMINAL,18492,-1,65535,0,58612,0,0,0
7,follow,none,0.4009,NOMINAL,18493,-1,65535,0,55097,0,0,0
7,follow,none,0.4344,NOMINAL,18494,-1,65535,0,99295,0,0,0
7,follow,none,0.4675,NOMINAL,18495,-1,65535,0,41488,0,0,0
7,follow,none,0.5010,NOMINAL,18496,-1,65535,0,96872,0,0,0
7,follow,none,0.5342,NOMINAL,18497,-1,65535,0,43682,0,0,0
7,follow,none,0.5675,NOMINAL,18498,-1,65535,0,35212,0,0,0
7,follow,none,0.6007,NOMINAL,18499,-1,65535,0,38288,0,0,0
7,follow,none,0.6343,NOMINAL,18500,-1,65535,0,43737,0,0,0
7,follow,none,0.6674,NOMINAL,18501,-1,65535,0,38805,0,0,0
7,follow,none,0.7010,NOMINAL,18502,-1,65535,0,55744,0,0,0
7,follow,none,0.7342,NOMINAL,18503,-1,65535,0,40638,0,0,0
7,follow,none,0.7676,NOMINAL,18504,-1,65535,0,58170,0,0,0
7,follow,none,0.8008,NOMINAL,18505,-1,65535,0,38304,0,0,0
7,follow,none,0.8341,NOMINAL,18506,-1,65535,0,40454,0,0,0
7,follow,none,0.8675,NOMINAL,18507,-1,65535,0,37770,0,0,0
7,follow,none,0.9009,NOMINAL,18508,-1,65535,0,58288,0,0,0
7,follow,none,0.9342,NOMINAL,18509,-1,65535,0,41781,0,0,0
7,follow,none,0.9674,NOMINAL,18510,-1,65535,0,39587,0,0,0
7,follow,none,1.0008,NOMINAL,18511,-1,65535,0,53337,0,0,0
7,follow,none,1.0343,NOMINAL,18512,-1,65535,0,98405,0,0,0
7,follow,none,1.0678,NOMINAL,18513,-1,65535,0,20391,0,0,0
7,follow,none,1.1010,NOMINAL,18514,-1,65535,0,36921,0,0,0
7,follow,none,1.1343,NOMINAL,18515,-1,65535,0,43764,0,0,0
7,follow,none,1.1676,NOMINAL,18516,-1,65535,0,40565,0,0,0
7,follow,none,1.2006,NOMINAL,18517,-1,65535,0,35902,0,0,0
7,follow,none,1.2344,NOMINAL,18518,-1,65535,0,116324,0,0,0
7,follow,none,1.2675,NOMINAL,18519,-1,65535,0,39580,0,0,0
7,follow,none,1.3009,NOMINAL,18520,-1,65535,0,59862,0,0,0
7,follow,none,1.3341,NOMINAL,18521,-1,65535,0,39931,0,0,0
7,follow,none,1.3675,NOMINAL,18522,-1,65535,0,58170,0,0,0
7,follow,none,1.4009,NOMINAL,18523,-1,65535,0,42569,0,0,0
7,follow,none,1.4343,NOMINAL,18524,-1,65535,0,43363,0,0,0
7,follow,none,1.4675,NOMINAL,18525,-1,65535,0,55846,0,0,0
7,follow,none,1.5009,NOMINAL,18526,-1,65535,0,96741,0,0,0
7,follow,none,1.5343,NOMINAL,18527,-1,65535,0,40462,0,0,0
7,follow,none,1.5676,NOMINAL,18528,-1,65535,0,38412,0,0,0
7,follow,none,1.6009,NOMINAL,18529,-1,65535,0,38547,0,0,0
7,follow,none,1.6341,NOMINAL,18530,-1,65535,0,42518,0,0,0
7,follow,none,1.6674,NOMINAL,18531,-1,65535,0,41389,0,0,0
7,follow,none,1.7009,NOMINAL,18532,-1,65535,0,41353,0,0,0
7,follow,none,1.7340,NOMINAL,18533,-1,65535,0,44305,0,0,0
7,follow,none,1.7675,NOMINAL,18534,-1,65535,0,41838,0,0,0
7,follow,none,1.8010,NOMINAL,18535,-1,65535,0,39612,0,0,0
7,follow,none,1.8342,NOMINAL,18536,-1,65535,0,105218,0,0,0
7,follow,none,1.8675,NOMINAL,18537,-1,65535,0,42131,0,0,0
7,follow,none,1.9008,NOMINAL,18538,-1,65535,0,37121,0,0,0
7,follow,none,1.9342,NOMINAL,18539,-1,65535,0,61815,0,0,0
7,follow,none,1.9675,NOMINAL,18540,-1,65535,0,23737,0,0,0
7,follow,none,2.0009,NOMINAL,18541,-1,65535,0,39178,0,0,0
7,follow,none,2.0342,NOMINAL,18542,-1,65535,0,42170,0,0,0
7,follow,none,2.0676,NOMINAL,18543,-1,65535,0,39428,0,0,0
7,follow,none,2.1008,NOMINAL,18544,-1,65535,0,40545,0,0,0
7,follow,none,2.1342,NOMINAL,18545,-1,65535,0,23663,0,0,0
7,follow,none,2.1675,NOMINAL,18546,-1,65535,0,40491,0,0,0
7,follow,none,2.2008,NOMINAL,18547,-1,65535,0,37322,0,0,0
7,follow,none,2.2342,NOMINAL,18548,-1,65535,0,41739,0,0,0
7,follow,none,2.2673,NOMINAL,18549,-1,65535,0,37687,0,0,0
7,follow,none,2.3008,NOMINAL,18550,-1,65535,0,41337,0,0,0
7,follow,none,2.3342,NOMINAL,18551,-1,65535,0,46532,0,0,0
7,follow,none,2.3674,NOMINAL,18552,-1,65535,0,50404,0,0,0
7,follow,none,2.4008,NOMINAL,18553,-1,65535,0,37505,0,0,0
7,follow,none,2.4342,NOMINAL,18554,-1,65535,0,43888,0,0,0
7,follow,none,2.4675,NOMINAL,18555,-1,65535,0,35994,0,0,0
7,follow,none,2.5008,NOMINAL,18556,-1,65535,0,54787,0,0,0
7,follow,none,2.5341,NOMINAL,18557,-1,65535,0,46647,0,0,0
7,follow,none,2.5675,NOMINAL,18558,-1,65535,0,20070,0,0,0
7,follow,none,2.6008,NOMINAL,18559,-1,65535,0,36820,0,0,0
7,follow,none,2.6342,NOMINAL,18560,-1,65535,0,41456,0,0,0
7,follow,none,2.6674,NOMINAL,18561,-1,65535,0,50562,0,0,0
7,follow,none,2.7008,NOMINAL,18562,-1,65535,0,35313,0,0,0
7,follow,none,2.7342,NOMINAL,18563,-1,65535,0,43114,0,0,0
7,follow,none,2.7675,NOMINAL,18564,-1,65535,0,50281,0,0,0
7,follow,none,2.8008,NOMINAL,18565,-1,65535,0,36222,0,0,0
7,follow,none,2.8341,NOMINAL,18566,-1,65535,0,42299,0,0,0
7,follow,none,2.8675,NOMINAL,18567,-1,65535,0,37045,0,0,0
7,follow,none,2.9008,NOMINAL,18568,-1,65535,0,59583,0,0,0
7,follow,none,2.9342,NOMINAL,18569,-1,65535,0,41457,0,0,0
7,follow,none,2.9674,NOMINAL,18570,-1,65535,0,52563,0,0,0
7,follow,none,3.0732,FAILSAFE,18570,-1,65535,1,0,0,0,0
8,follow,none,-0.9991,FAILSAFE,18571,-1,65535,0,17619,0,0,0
8,follow,none,-0.9659,FAILSAFE,18572,-1,65535,0,31814,0,0,0
8,follow,none,-0.9458,FAILSAFE,18572,-1,65535,0,0,0,0,0
8,follow,none,-0.9325,FAILSAFE,18573,-1,65535,0,37698,0,0,0
8,follow,none,-0.8992,FAILSAFE,18574,-1,65535,0,48378,0,0,0
8,follow,none,-0.8658,FAILSAFE,18575,-1,65535,0,54801,0,0,0
8,follow,none,-0.8458,FAILSAFE,18575,-1,65535,0,0,0,0,0
8,follow,none,-0.8325,FAILSAFE,18576,-1,65535,0,44163,0,0,0
8,follow,none,-0.7993,FAILSAFE,18577,-1,65535,0,46547,0,0,0
8,follow,none,-0.7660,FAILSAFE,18578,-1,65535,0,35640,0,0,0
8,follow,none,-0.7458,FAILSAFE,18578,-1,65535,0,0,0,0,0
8,follow,none,-0.7326,FAILSAFE,18579,-1,65535,0,66521,0,0,0
8,follow,none,-0.6988,NOMINAL,18580,-1,65535,0,87910,0,0,0
8,follow,none,-0.6657,NOMINAL,18581,-1,65535,0,101515,0,0,0
8,follow,none,-0.6326,NOMINAL,18582,-1,65535,0,36305,0,0,0
8,follow,none,-0.5993,NOMINAL,18583,-1,65535,0,34597,0,0,0
8,follow,none,-0.5659,NOMINAL,18584,-1,65535,0,60814,0,0,0
8,follow,none,-0.5325,NOMINAL,18585,-1,65535,0,37954,0,0,0
8,follow,none,-0.4991,NOMINAL,18586,-1,65535,0,74120,0,0,0
8,follow,none,-0.4659,NOMINAL,18587,-1,65535,0,36936,0,0,0
8,follow,none,-0.4324,NOMINAL,18588,-1,65535,0,97054,0,0,0
8,follow,none,-0.3991,NOMINAL,18589,-1,65535,0,53562,0,0,0
8,follow,none,-0.3658,NOMINAL,18590,-1,65535,0,63197,0,0,0
8,follow,none,-0.3326,NOMINAL,18591,-1,65535,0,39412,0,0,0
8,follow,none,-0.2991,NOMINAL,18592,-1,65535,0,54588,0,0,0
8,follow,none,-0.2660,NOMINAL,18593,-1,65535,0,45021,0,0,0
8,follow,none,-0.2324,NOMINAL,18594,-1,65535,0,97496,0,0,0
8,follow,none,-0.1991,NOMINAL,18595,-1,65535,0,56959,0,0,0
8,follow,none,-0.1659,NOMINAL,18596,-1,65535,0,39314,0,0,0
8,follow,none,-0.1324,NOMINAL,18597,-1,65535,0,21163,0,0,0
8,follow,none,-0.0993,NOMINAL,18598,-1,65535,0,53853,0,0,0
8,follow,none,-0.0659,NOMINAL,18599,-1,65535,0,45638,0,0,0
8,follow,none,-0.0320,NOMINAL,18600,-1,65535,0,108082,0,0,0
8,follow,none,0.0013,NOMINAL,18601,-1,65535,0,45441,0,0,0
8,follow,none,0.0344,NOMINAL,18602,-1,65535,0,42904,0,0,0
8,follow,none,0.0677,NOMINAL,18603,-1,65535,0,55204,0,0,0
8,follow,none,0.1017,NOMINAL,18604,-1,65535,0,47677,0,0,0
8,follow,none,0.1344,NOMINAL,18605,-1,65535,0,100341,0,0,0
8,follow,none,0.1676,NOMINAL,18606,-1,65535,0,38802,0,0,0
8,follow,none,0.2009,NOMINAL,18607,-1,65535,0,37074,0,0,0
8,follow,none,0.2343,NOMINAL,18608,-1,65535,0,101864,0,0,0
8,follow,none,0.2675,NOMINAL,18609,-1,65535,0,40575,0,0,0
8,follow,none,0.3010,NOMINAL,18610,-1,65535,0,42426,0,0,0
8,follow,none,0.3343,NOMINAL,18611,-1,65535,0,54682,0,0,0
8,follow,none,0.3675,NOMINAL,18612,-1,65535,0,39874,0,0,0
8,follow,none,0.4008,NOMINAL,18613,-1,65535,0,39296,0,0,0
8,follow,none,0.4341,NOMINAL,18614,-1,65535,0,57498,0,0,0
8,follow,none,0.4674,NOMINAL,18615,-1,65535,0,56371,0,0,0
8,follow,none,0.5010,NOMINAL,18616,-1,65535,0,56838,0,0,0
8,follow,none,0.5342,NOMINAL,18617,-1,65535,0,60382,0,0,0
8,follow,none,0.5677,NOMINAL,18618,-1,65535,0,41323,0,0,0
8,follow,none,0.6010,NOMINAL,18619,-1,65535,0,57979,0,0,0
8,follow,none,0.6342,NOMINAL,18620,-1,65535,0,60568,0,0,0
8,follow,none,0.6675,NOMINAL,18621,-1,65535,0,39229,0,0,0
8,follow,none,0.7007,NOMINAL,18622,-1,65535,0,41405,0,0,0
8,follow,none,0.7341,NOMINAL,18623,-1,65535,0,46731,0,0,0
8,follow,none,0.7675,NOMINAL,18624,-1,65535,0,39902,0,0,0
8,follow,none,0.8007,NOMINAL,18625,-1,65535,0,41371,0,0,0
8,follow,none,0.8344,NOMINAL,18626,-1,65535,0,60549,0,0,0
8,follow,none,0.8677,NOMINAL,18627,-1,65535,0,34005,0,0,0
8,follow,none,0.9008,NOMINAL,18628,-1,65535,0,41373,0,0,0
8,follow,none,0.9341,NOMINAL,18629,-1,65535,0,42776,0,0,0
8,follow,none,0.9675,NOMINAL,18630,-1,65535,0,37355,0,0,0
8,follow,none,1.0010,NOMINAL,18631,-1,65535,0,94372,0,0,0
8,follow,none,1.0342,NOMINAL,18632,-1,65535,0,45604,0,0,0
8,follow,none,1.0677,NOMINAL,18633,-1,65535,0,40164,0,0,0
8,follow,none,1.1009,NOMINAL,18634,-1,65535,0,37061,0,0,0
8,follow,none,1.1342,NOMINAL,18635,-1,65535,0,38270,0,0,0
8,follow,none,1.1675,NOMINAL,18636,-1,65535,0,35220,0,0,0
8,follow,none,1.2009,NOMINAL,18637,-1,65535,0,38272,0,0,0
8,follow,none,1.2342,NOMINAL,18638,-1,65535,0,55517,0,0,0
8,follow,none,1.2676,NOMINAL,18639,-1,65535,0,23161,0,0,0
8,follow,none,1.3009,NOMINAL,18640,-1,65535,0,36689,0,0,0
8,follow,none,1.3341,NOMINAL,18641,-1,65535,0,121560,0,0,0
8,follow,none,1.3677,NOMINAL,18642,-1,65535,0,41309,0,0,0
8,follow,none,1.4007,NOMINAL,18643,-1,65535,0,20765,0,0,0
8,follow,none,1.4343,NOMINAL,18644,-1,65535,0,102425,0,0,0
8,follow,none,1.4677,NOMINAL,18645,-1,65535,0,36755,0,0,0
8,follow,none,1.5008,NOMINAL,18646,-1,65535,0,39779,0,0,0
8,follow,none,1.5343,NOMINAL,18647,-1,65535,0,44771,0,0,0
8,follow,none,1.5677,NOMINAL,18648,-1,65535,0,59061,0,0,0
8,follow,none,1.6011,NOMINAL,18649,-1,65535,0,38788,0,0,0
8,follow,none,1.6343,NOMINAL,18650,-1,65535,0,56970,0,0,0
8,follow,none,1.6675,NOMINAL,18651,-1,65535,0,34420,0,0,0
8,follow,none,1.7008,NOMINAL,18652,-1,65535,0,53274,0,0,0
8,follow,none,1.7343,NOMINAL,18653,-1,65535,0,45870,0,0,0
8,follow,none,1.7674,NOMINAL,18654,-1,65535,0,22578,0,0,0
8,follow,none,1.8009,NOMINAL,18655,-1,65535,0,54506,0,0,0
8,follow,none,1.8341,NOMINAL,18656,-1,65535,0,41357,0,0,0
8,follow,none,1.8676,NOMINAL,18657,-1,65535,0,92506,0,0,0
8,follow,none,1.9009,NOMINAL,18658,-1,65535,0,51238,0,0,0
8,follow,none,1.9341,NOMINAL,18659,-1,65535,0,45374,0,0,0
8,follow,none,1.9676,NOMINAL,18660,-1,65535,0,53623,0,0,0
8,follow,none,2.0008,NOMINAL,18661,-1,65535,0,52555,0,0,0
8,follow,none,2.0341,NOMINAL,18662,-1,65535,0,42030,0,0,0
8,follow,none,2.0676,NOMINAL,18663,-1,65535,0,36580,0,0,0
8,follow,none,2.1008,NOMINAL,18664,-1,65535,0,34910,0,0,0
8,follow,none,2.1344,NOMINAL,18665,-1,65535,0,63280,0,0,0
8,follow,none,2.1676,NOMINAL,18666,-1,65535,0,20938,0,0,0
8,follow,none,2.2008,NOMINAL,18667,-1,65535,0,72862,0,0,0
8,follow,none,2.2343,NOMINAL,18668,-1,65535,0,59347,0,0,0
8,follow,none,2.2678,NOMINAL,18669,-1,65535,0,113923,0,0,0
8,follow,none,2.3009,NOMINAL,18670,-1,65535,0,67974,0,0,0
8,follow,none,2.3343,NOMINAL,18671,-1,65535,0,42789,0,0,0
8,follow,none,2.3676,NOMINAL,18672,-1,65535,0,69461,0,0,0
8,follow,none,2.4008,NOMINAL,18673,-1,65535,0,37202,0,0,0
8,follow,none,2.4342,NOMINAL,18674,-1,65535,0,47205,0,0,0
8,follow,none,2.4675,NOMINAL,18675,-1,65535,0,71766,0,0,0
8,follow,none,2.5008,NOMINAL,18676,-1,65535,0,38855,0,0,0
8,follow,none,2.5342,NOMINAL,18677,-1,65535,0,66207,0,0,0
8,follow,none,2.5677,NOMINAL,18678,-1,65535,0,20879,0,0,0
8,follow,none,2.6009,NOMINAL,18679,-1,65535,0,71228,0,0,0
8,follow,none,2.6343,NOMINAL,18680,-1,65535,0,61230,0,0,0
8,follow,none,2.6676,NOMINAL,18681,-1,65535,0,37286,0,0,0
8,follow,none,2.7009,NOMINAL,18682,-1,65535,0,37240,0,0,0
8,follow,none,2.7343,NOMINAL,18683,-1,65535,0,42780,0,0,0
8,follow,none,2.7674,NOMINAL,18684,-1,65535,0,19423,0,0,0
8,follow,none,2.8009,NOMINAL,18685,-1,65535,0,55554,0,0,0
8,follow,none,2.8343,NOMINAL,18686,-1,65535,0,60383,0,0,0
8,follow,none,2.8675,NOMINAL,18687,-1,65535,0,50189,0,0,0
8,follow,none,2.9009,NOMINAL,18688,-1,65535,0,36103,0,0,0
8,follow,none,2.9340,NOMINAL,18689,-1,65535,0,52479,0,0,0
8,follow,none,2.9678,NOMINAL,18690,-1,65535,0,54453,0,0,0
8,follow,none,3.0737,FAILSAFE,18690,-1,65535,1,0,0,0,0
9,follow,none,-0.9989,FAILSAFE,18691,-1,65535,0,90218,0,0,0
9,follow,none,-0.9657,FAILSAFE,18692,-1,65535,0,72455,0,0,0
9,follow,none,-0.9457,FAILSAFE,18692,-1,65535,0,0,0,0,0
9,follow,none,-0.9324,FAILSAFE,18693,-1,65535,0,31788,0,0,0
9,follow,none,-0.8992,FAILSAFE,18694,-1,65535,0,13361,0,0,0
9,follow,none,-0.8659,FAILSAFE,18695,-1,65535,0,34688,0,0,0
9,follow,none,-0.8458,FAILSAFE,18695,-1,65535,0,0,0,0,0
9,follow,none,-0.8325,FAILSAFE,18696,-1,65535,0,15953,0,0,0
9,follow,none,-0.7993,FAILSAFE,18697,-1,65535,0,30529,0,0,0
9,follow,none,-0.7659,FAILSAFE,18698,-1,65535,0,32935,0,0,0
9,follow,none,-0.7459,FAILSAFE,18698,-1,65535,0,0,0,0,0
9,follow,none,-0.7325,FAILSAFE,18699,-1,65535,0,14627,0,0,0
9,follow,none,-0.6987,NOMINAL,18700,-1,65535,0,104424,0,0,0
9,follow,none,-0.6657,NOMINAL,18701,-1,65535,0,21989,0,0,0
9,follow,none,-0.6324,NOMINAL,18702,-1,65535,0,58178,0,0,0
9,follow,none,-0.5990,NOMINAL,18703,-1,65535,0,93766,0,0,0
9,follow,none,-0.5658,NOMINAL,18704,-1,65535,0,26235,0,0,0
9,follow,none,-0.5325,NOMINAL,18705,-1,65535,0,20287,0,0,0
9,follow,none,-0.4990,NOMINAL,18706,-1,65535,0,95545,0,0,0
9,follow,none,-0.4656,NOMINAL,18707,-1,65535,0,42790,0,0,0
9,follow,none,-0.4325,NOMINAL,18708,-1,65535,0,49805,0,0,0
9,follow,none,-0.3992,NOMINAL,18709,-1,65535,0,73103,0,0,0
9,follow,none,-0.3659,NOMINAL,18710,-1,65535,0,38580,0,0,0
9,follow,none,-0.3325,NOMINAL,18711,-1,65535,0,37038,0,0,0
9,follow,none,-0.2992,NOMINAL,18712,-1,65535,0,20136,0,0,0
9,follow,none,-0.2659,NOMINAL,18713,-1,65535,0,42306,0,0,0
9,follow,none,-0.2323,NOMINAL,18714,-1,65535,0,51238,0,0,0
9,follow,none,-0.1991,NOMINAL,18715,-1,65535,0,39137,0,0,0
9,follow,none,-0.1657,NOMINAL,18716,-1,65535,0,44274,0,0,0
9,follow,none,-0.1325,NOMINAL,18717,-1,65535,0,39421,0,0,0
9,follow,none,-0.0992,NOMINAL,18718,-1,65535,0,55477,0,0,0
9,follow,none,-0.0660,NOMINAL,18719,-1,65535,0,45096,0,0,0
9,follow,none,-0.0321,NOMINAL,18720,-1,65535,0,76912,0,0,0
9,follow,none,0.0013,NOMINAL,18721,-1,65535,0,64711,0,0,0
9,follow,none,0.0343,NOMINAL,18722,-1,65535,0,60964,0,0,0
9,follow,none,0.0676,NOMINAL,18723,-1,65535,0,59000,0,0,0
9,follow,none,0.1008,NOMINAL,18724,-1,65535,0,52610,0,0,0
9,follow,none,0.1342,NOMINAL,18725,-1,65535,0,39028,0,0,0
9,follow,none,0.1675,NOMINAL,18726,-1,65535,0,53684,0,0,0
9,follow,none,0.2008,NOMINAL,18727,-1,65535,0,20868,0,0,0
9,follow,none,0.2342,NOMINAL,18728,-1,65535,0,43800,0,0,0
9,follow,none,0.2676,NOMINAL,18729,-1,65535,0,51105,0,0,0
9,follow,none,0.3010,NOMINAL,18730,-1,65535,0,37766,0,0,0
9,follow,none,0.3343,NOMINAL,18731,-1,65535,0,60650,0,0,0
9,follow,none,0.3677,NOMINAL,18732,-1,65535,0,34525,0,0,0
9,follow,none,0.4008,NOMINAL,18733,-1,65535,0,51709,0,0,0
9,follow,none,0.4343,NOMINAL,18734,-1,65535,0,43382,0,0,0
9,follow,none,0.4676,NOMINAL,18735,-1,65535,0,43481,0,0,0
9,follow,none,0.5009,NOMINAL,18736,-1,65535,0,40916,0,0,0
9,follow,none,0.5342,NOMINAL,18737,-1,65535,0,42745,0,0,0
9,follow,none,0.5678,NOMINAL,18738,-1,65535,0,57630,0,0,0
9,follow,none,0.6009,NOMINAL,18739,-1,65535,0,57197,0,0,0
9,follow,none,0.6342,NOMINAL,18740,-1,65535,0,59211,0,0,0
9,follow,none,0.6675,NOMINAL,18741,-1,65535,0,53073,0,0,0
9,follow,none,0.7009,NOMINAL,18742,-1,65535,0,37781,0,0,0
9,follow,none,0.7343,NOMINAL,18743,-1,65535,0,63250,0,0,0
9,follow,none,0.7675,NOMINAL,18744,-1,65535,0,71398,0,0,0
9,follow,none,0.8009,NOMINAL,18745,-1,65535,0,73850,0,0,0
9,follow,none,0.8343,NOMINAL,18746,-1,65535,0,60199,0,0,0
9,follow,none,0.8676,NOMINAL,18747,-1,65535,0,39405,0,0,0
9,follow,none,0.9007,NOMINAL,18748,-1,65535,0,73430,0,0,0
9,follow,none,0.9342,NOMINAL,18749,-1,65535,0,21531,0,0,0
9,follow,none,0.9676,NOMINAL,18750,-1,65535,0,72164,0,0,0
9,follow,none,1.0010,NOMINAL,18751,-1,65535,0,97191,0,0,0
9,follow,none,1.0344,NOMINAL,18752,-1,65535,0,43448,0,0,0
9,follow,none,1.0675,NOMINAL,18753,-1,65535,0,35832,0,0,0
9,follow,none,1.1009,NOMINAL,18754,-1,65535,0,20696,0,0,0
9,follow,none,1.1342,NOMINAL,18755,-1,65535,0,42097,0,0,0
9,follow,none,1.1674,NOMINAL,18756,-1,65535,0,52128,0,0,0
9,follow,none,1.2009,NOMINAL,18757,-1,65535,0,95385,0,0,0
9,follow,none,1.2342,NOMINAL,18758,-1,65535,0,39141,0,0,0
9,follow,none,1.2676,NOMINAL,18759,-1,65535,0,36504,0,0,0
9,follow,none,1.3009,NOMINAL,18760,-1,65535,0,106829,0,0,0
9,follow,none,1.3342,NOMINAL,18761,-1,65535,0,39681,0,0,0
9,follow,none,1.3675,NOMINAL,18762,-1,65535,0,56879,0,0,0
9,follow,none,1.4010,NOMINAL,18763,-1,65535,0,109896,0,0,0
9,follow,none,1.4340,NOMINAL,18764,-1,65535,0,42755,0,0,0
9,follow,none,1.4677,NOMINAL,18765,-1,65535,0,72121,0,0,0
9,follow,none,1.5008,NOMINAL,18766,-1,65535,0,52354,0,0,0
9,follow,none,1.5343,NOMINAL,18767,-1,65535,0,40212,0,0,0
9,follow,none,1.5676,NOMINAL,18768,-1,65535,0,96262,0,0,0
9,follow,none,1.6009,NOMINAL,18769,-1,65535,0,72363,0,0,0
9,follow,none,1.6341,NOMINAL,18770,-1,65535,0,61204,0,0,0
9,follow,none,1.6674,NOMINAL,18771,-1,65535,0,52504,0,0,0
9,follow,none,1.7008,NOMINAL,18772,-1,65535,0,39468,0,0,0
9,follow,none,1.7342,NOMINAL,18773,-1,65535,0,97844,0,0,0
9,follow,none,1.7675,NOMINAL,18774,-1,65535,0,53896,0,0,0
9,follow,none,1.8008,NOMINAL,18775,-1,65535,0,41941,0,0,0
9,follow,none,1.8342,NOMINAL,18776,-1,65535,0,43596,0,0,0
9,follow,none,1.8675,NOMINAL,18777,-1,65535,0,24554,0,0,0
9,follow,none,1.9008,NOMINAL,18778,-1,65535,0,24103,0,0,0
9,follow,none,1.9341,NOMINAL,18779,-1,65535,0,40664,0,0,0
9,follow,none,1.9674,NOMINAL,18780,-1,65535,0,50763,0,0,0
9,follow,none,2.0010,NOMINAL,18781,-1,65535,0,53586,0,0,0
9,follow,none,2.0341,NOMINAL,18782,-1,65535,0,21980,0,0,0
9,follow,none,2.0674,NOMINAL,18783,-1,65535,0,22503,0,0,0
9,follow,none,2.1009,NOMINAL,18784,-1,65535,0,51880,0,0,0
9,follow,none,2.1341,NOMINAL,18785,-1,65535,0,41421,0,0,0
9,follow,none,2.1676,NOMINAL,18786,-1,65535,0,35331,0,0,0
9,follow,none,2.2007,NOMINAL,18787,-1,65535,0,54305,0,0,0
9,follow,none,2.2342,NOMINAL,18788,-1,65535,0,39722,0,0,0
9,follow,none,2.2674,NOMINAL,18789,-1,65535,0,21490,0,0,0
9,follow,none,2.3008,NOMINAL,18790,-1,65535,0,34736,0,0,0
9,follow,none,2.3343,NOMINAL,18791,-1,65535,0,101945,0,0,0
9,follow,none,2.3676,NOMINAL,18792,-1,65535,0,38562,0,0,0
9,follow,none,2.4010,NOMINAL,18793,-1,65535,0,36836,0,0,0
9,follow,none,2.4341,NOMINAL,18794,-1,65535,0,45288,0,0,0
9,follow,none,2.4675,NOMINAL,18795,-1,65535,0,37113,0,0,0
9,follow,none,2.5007,NOMINAL,18796,-1,65535,0,54622,0,0,0
9,follow,none,2.5341,NOMINAL,18797,-1,65535,0,35764,0,0,0
9,follow,none,2.5675,NOMINAL,18798,-1,65535,0,19887,0,0,0
9,follow,none,2.6009,NOMINAL,18799,-1,65535,0,55320,0,0,0
9,follow,none,2.6341,NOMINAL,18800,-1,65535,0,40790,0,0,0
9,follow,none,2.6674,NOMINAL,18801,-1,65535,0,60382,0,0,0
9,follow,none,2.7008,NOMINAL,18802,-1,65535,0,17862,0,0,0
9,follow,none,2.7343,NOMINAL,18803,-1,65535,0,42130,0,0,0
9,follow,none,2.7675,NOMINAL,18804,-1,65535,0,51471,0,0,0
9,follow,none,2.8008,NOMINAL,18805,-1,65535,0,54754,0,0,0
9,follow,none,2.8341,NOMINAL,18806,-1,65535,0,41824,0,0,0
9,follow,none,2.8675,NOMINAL,18807,-1,65535,0,72120,0,0,0
9,follow,none,2.9007,NOMINAL,18808,-1,65535,0,20771,0,0,0
9,follow,none,2.9341,NOMINAL,18809,-1,65535,0,40484,0,0,0
9,follow,none,2.9676,NOMINAL,18810,-1,65535,0,55779,0,0,0
9,follow,none,3.0739,FAILSAFE,18810,-1,65535,1,0,0,0,0
10,follow,none,-0.9993,FAILSAFE,18811,-1,65535,0,18637,0,0,0
10,follow,none,-0.9660,FAILSAFE,18812,-1,65535,0,30064,0,0,0
10,follow,none,-0.9458,FAILSAFE,18812,-1,65535,0,0,0,0,0
10,follow,none,-0.9326,FAILSAFE,18813,-1,65535,0,35223,0,0,0
10,follow,none,-0.8991,FAILSAFE,18814,-1,65535,0,35305,0,0,0
10,follow,none,-0.8660,FAILSAFE,18815,-1,65535,0,33976,0,0,0
10,follow,none,-0.8458,FAILSAFE,18815,-1,65535,0,0,0,0,0
10,follow,none,-0.8325,FAILSAFE,18816,-1,65535,0,90579,0,0,0
10,follow,none,-0.7992,FAILSAFE,18817,-1,65535,0,48171,0,0,0
10,follow,none,-0.7656,FAILSAFE,18818,-1,65535,0,91849,0,0,0
10,follow,none,-0.7456,FAILSAFE,18818,-1,65535,0,0,0,0,0
10,follow,none,-0.7325,FAILSAFE,18819,-1,65535,0,63048,0,0,0
10,follow,none,-0.6988,NOMINAL,18820,-1,65535,0,103934,0,0,0
10,follow,none,-0.6656,NOMINAL,18821,-1,65535,0,39972,0,0,0
10,follow,none,-0.6325,NOMINAL,18822,-1,65535,0,21728,0,0,0
10,follow,none,-0.5992,NOMINAL,18823,-1,65535,0,34746,0,0,0
10,follow,none,-0.5661,NOMINAL,18824,-1,65535,0,42405,0,0,0
10,follow,none,-0.5325,NOMINAL,18825,-1,65535,0,22770,0,0,0
10,follow,none,-0.4991,NOMINAL,18826,-1,65535,0,34795,0,0,0
10,follow,none,-0.4658,NOMINAL,18827,-1,65535,0,20046,0,0,0
10,follow,none,-0.4325,NOMINAL,18828,-1,65535,0,38086,0,0,0
10,follow,none,-0.3993,NOMINAL,18829,-1,65535,0,50562,0,0,0
10,follow,none,-0.3658,NOMINAL,18830,-1,65535,0,40921,0,0,0
10,follow,none,-0.3326,NOMINAL,18831,-1,65535,0,40086,0,0,0
10,follow,none,-0.2991,NOMINAL,18832,-1,65535,0,53737,0,0,0
10,follow,none,-0.2659,NOMINAL,18833,-1,65535,0,41405,0,0,0
10,follow,none,-0.2325,NOMINAL,18834,-1,65535,0,41014,0,0,0
10,follow,none,-0.1992,NOMINAL,18835,-1,65535,0,51416,0,0,0
10,follow,none,-0.1657,NOMINAL,18836,-1,65535,0,100963,0,0,0
10,follow,none,-0.1325,NOMINAL,18837,-1,65535,0,93771,0,0,0
10,follow,none,-0.0992,NOMINAL,18838,-1,65535,0,55305,0,0,0
10,follow,none,-0.0657,NOMINAL,18839,-1,65535,0,45062,0,0,0
10,follow,none,-0.0320,NOMINAL,18840,-1,65535,0,37623,0,0,0
10,follow,none,0.0011,NOMINAL,18841,-1,65535,0,50309,0,0,0
10,follow,none,0.0345,NOMINAL,18842,-1,65535,0,44510,0,0,0
10,follow,none,0.0677,NOMINAL,18843,-1,65535,0,41332,0,0,0
10,follow,none,0.1009,NOMINAL,18844,-1,65535,0,41372,0,0,0
10,follow,none,0.1341,NOMINAL,18845,-1,65535,0,89548,0,0,0
10,follow,none,0.1674,NOMINAL,18846,-1,65535,0,38304,0,0,0
10,follow,none,0.2009,NOMINAL,18847,-1,65535,0,40423,0,0,0
10,follow,none,0.2343,NOMINAL,18848,-1,65535,0,58454,0,0,0
10,follow,none,0.2675,NOMINAL,18849,-1,65535,0,24497,0,0,0
10,follow,none,0.3008,NOMINAL,18850,-1,65535,0,39082,0,0,0
10,follow,none,0.3342,NOMINAL,18851,-1,65535,0,58901,0,0,0
10,follow,none,0.3675,NOMINAL,18852,-1,65535,0,39106,0,0,0
10,follow,none,0.4008,NOMINAL,18853,-1,65535,0,23898,0,0,0
10,follow,none,0.4343,NOMINAL,18854,-1,65535,0,25235,0,0,0
10,follow,none,0.4678,NOMINAL,18855,-1,65535,0,111738,0,0,0
10,follow,none,0.5008,NOMINAL,18856,-1,65535,0,97341,0,0,0
10,follow,none,0.5342,NOMINAL,18857,-1,65535,0,40696,0,0,0
10,follow,none,0.5675,NOMINAL,18858,-1,65535,0,39720,0,0,0
10,follow,none,0.6009,NOMINAL,18859,-1,65535,0,40069,0,0,0
10,follow,none,0.6343,NOMINAL,18860,-1,65535,0,32498,0,0,0
10,follow,none,0.6675,NOMINAL,18861,-1,65535,0,36370,0,0,0
10,follow,none,0.7009,NOMINAL,18862,-1,65535,0,55369,0,0,0
10,follow,none,0.7342,NOMINAL,18863,-1,65535,0,41462,0,0,0
10,follow,none,0.7675,NOMINAL,18864,-1,65535,0,58463,0,0,0
10,follow,none,0.8009,NOMINAL,18865,-1,65535,0,20986,0,0,0
10,follow,none,0.8342,NOMINAL,18866,-1,65535,0,41571,0,0,0
10,follow,none,0.8675,NOMINAL,18867,-1,65535,0,22464,0,0,0
10,follow,none,0.9008,NOMINAL,18868,-1,65535,0,20985,0,0,0
10,follow,none,0.9342,NOMINAL,18869,-1,65535,0,41875,0,0,0
10,follow,none,0.9675,NOMINAL,18870,-1,65535,0,34756,0,0,0
10,follow,none,1.0008,NOMINAL,18871,-1,65535,0,38727,0,0,0
10,follow,none,1.0342,NOMINAL,18872,-1,65535,0,104208,0,0,0
10,follow,none,1.0675,NOMINAL,18873,-1,65535,0,32824,0,0,0
10,follow,none,1.1008,NOMINAL,18874,-1,65535,0,38744,0,0,0
10,follow,none,1.1342,NOMINAL,18875,-1,65535,0,97410,0,0,0
10,follow,none,1.1675,NOMINAL,18876,-1,65535,0,58108,0,0,0
10,follow,none,1.2008,NOMINAL,18877,-1,65535,0,20832,0,0,0
10,follow,none,1.2341,NOMINAL,18878,-1,65535,0,22155,0,0,0
10,follow,none,1.2676,NOMINAL,18879,-1,65535,0,37762,0,0,0
10,follow,none,1.3009,NOMINAL,18880,-1,65535,0,40486,0,0,0
10,follow,none,1.3342,NOMINAL,18881,-1,65535,0,44572,0,0,0
10,follow,none,1.3676,NOMINAL,18882,-1,65535,0,36805,0,0,0
10,follow,none,1.4008,NOMINAL,18883,-1,65535,0,38878,0,0,0
10,follow,none,1.4343,NOMINAL,18884,-1,65535,0,24446,0,0,0
10,follow,none,1.4676,NOMINAL,18885,-1,65535,0,51637,0,0,0
10,follow,none,1.5009,NOMINAL,18886,-1,65535,0,56920,0,0,0
10,follow,none,1.5341,NOMINAL,18887,-1,65535,0,39466,0,0,0
10,follow,none,1.5674,NOMINAL,18888,-1,65535,0,21187,0,0,0
10,follow,none,1.6009,NOMINAL,18889,-1,65535,0,56744,0,0,0
10,follow,none,1.6344,NOMINAL,18890,-1,65535,0,42600,0,0,0
10,follow,none,1.6676,NOMINAL,18891,-1,65535,0,38239,0,0,0
10,follow,none,1.7008,NOMINAL,18892,-1,65535,0,38312,0,0,0
10,follow,none,1.7342,NOMINAL,18893,-1,65535,0,62021,0,0,0
10,follow,none,1.7677,NOMINAL,18894,-1,65535,0,81399,0,0,0
10,follow,none,1.8008,NOMINAL,18895,-1,65535,0,21237,0,0,0
10,follow,none,1.8343,NOMINAL,18896,-1,65535,0,24257,0,0,0
10,follow,none,1.8675,NOMINAL,18897,-1,65535,0,39778,0,0,0
10,follow,none,1.9010,NOMINAL,18898,-1,65535,0,99177,0,0,0
10,follow,none,1.9342,NOMINAL,18899,-1,65535,0,39356,0,0,0
10,follow,none,1.9676,NOMINAL,18900,-1,65535,0,54395,0,0,0
10,follow,none,2.0008,NOMINAL,18901,-1,65535,0,36128,0,0,0
10,follow,none,2.0342,NOMINAL,18902,-1,65535,0,45679,0,0,0
10,follow,none,2.0677,NOMINAL,18903,-1,65535,0,57454,0,0,0
10,follow,none,2.1008,NOMINAL,18904,-1,65535,0,43137,0,0,0
10,follow,none,2.1342,NOMINAL,18905,-1,65535,0,40277,0,0,0
10,follow,none,2.1675,NOMINAL,18906,-1,65535,0,20445,0,0,0
10,follow,none,2.2008,NOMINAL,18907,-1,65535,0,40295,0,0,0
10,follow,none,2.2341,NOMINAL,18908,-1,65535,0,43523,0,0,0
10,follow,none,2.2675,NOMINAL,18909,-1,65535,0,21469,0,0,0
10,follow,none,2.3008,NOMINAL,18910,-1,65535,0,40780,0,0,0
10,follow,none,2.3343,NOMINAL,18911,-1,65535,0,44804,0,0,0
10,follow,none,2.3674,NOMINAL,18912,-1,65535,0,37287,0,0,0
10,follow,none,2.4009,NOMINAL,18913,-1,65535,0,39444,0,0,0
10,follow,none,2.4341,NOMINAL,18914,-1,65535,0,43449,0,0,0
10,follow,none,2.4677,NOMINAL,18915,-1,65535,0,36595,0,0,0
10,follow,none,2.5008,NOMINAL,18916,-1,65535,0,38679,0,0,0
10,follow,none,2.5341,NOMINAL,18917,-1,65535,0,39526,0,0,0
10,follow,none,2.5675,NOMINAL,18918,-1,65535,0,40918,0,0,0
10,follow,none,2.6009,NOMINAL,18919,-1,65535,0,37062,0,0,0
10,follow,none,2.6340,NOMINAL,18920,-1,65535,0,36894,0,0,0
10,follow,none,2.6674,NOMINAL,18921,-1,65535,0,36377,0,0,0
10,follow,none,2.7009,NOMINAL,18922,-1,65535,0,39671,0,0,0
10,follow,none,2.7341,NOMINAL,18923,-1,65535,0,42606,0,0,0
10,follow,none,2.7675,NOMINAL,18924,-1,65535,0,38477,0,0,0
10,follow,none,2.8008,NOMINAL,18925,-1,65535,0,36813,0,0,0
10,follow,none,2.8343,NOMINAL,18926,-1,65535,0,58064,0,0,0
10,follow,none,2.8676,NOMINAL,18927,-1,65535,0,22978,0,0,0
10,follow,none,2.9009,NOMINAL,18928,-1,65535,0,56462,0,0,0
10,follow,none,2.9341,NOMINAL,18929,-1,65535,0,42380,0,0,0
10,follow,none,2.9675,NOMINAL,18930,-1,65535,0,42821,0,0,0
10,follow,none,3.0736,FAILSAFE,18930,-1,65535,1,0,0,0,0
11,follow,none,-0.9991,FAILSAFE,18931,-1,65535,0,39294,0,0,0
11,follow,none,-0.9658,FAILSAFE,18932,-1,65535,0,35551,0,0,0
11,follow,none,-0.9458,FAILSAFE,18932,-1,65535,0,0,0,0,0
11,follow,none,-0.9326,FAILSAFE,18933,-1,65535,0,30354,0,0,0
11,follow,none,-0.8994,FAILSAFE,18934,-1,65535,0,29413,0,0,0
11,follow,none,-0.8659,FAILSAFE,18935,-1,65535,0,30229,0,0,0
11,follow,none,-0.8459,FAILSAFE,18935,-1,65535,0,0,0,0,0
11,follow,none,-0.8325,FAILSAFE,18936,-1,65535,0,50854,0,0,0
11,follow,none,-0.7992,FAILSAFE,18937,-1,65535,0,29906,0,0,0
11,follow,none,-0.7658,FAILSAFE,18938,-1,65535,0,51041,0,0,0
11,follow,none,-0.7456,FAILSAFE,18938,-1,65535,0,0,0,0,0
11,follow,none,-0.7325,FAILSAFE,18939,-1,65535,0,46522,0,0,0
11,follow,none,-0.6989,NOMINAL,18940,-1,65535,0,83996,0,0,0
11,follow,none,-0.6657,NOMINAL,18941,-1,65535,0,76831,0,0,0
11,follow,none,-0.6323,NOMINAL,18942,-1,65535,0,99752,0,0,0
11,follow,none,-0.5991,NOMINAL,18943,-1,65535,0,41393,0,0,0
11,follow,none,-0.5660,NOMINAL,18944,-1,65535,0,58622,0,0,0
11,follow,none,-0.5325,NOMINAL,18945,-1,65535,0,42179,0,0,0
11,follow,none,-0.4992,NOMINAL,18946,-1,65535,0,82068,0,0,0
11,follow,none,-0.4657,NOMINAL,18947,-1,65535,0,29259,0,0,0
11,follow,none,-0.4327,NOMINAL,18948,-1,65535,0,38279,0,0,0
11,follow,none,-0.3991,NOMINAL,18949,-1,65535,0,94016,0,0,0
11,follow,none,-0.3658,NOMINAL,18950,-1,65535,0,47842,0,0,0
11,follow,none,-0.3326,NOMINAL,18951,-1,65535,0,38791,0,0,0
11,follow,none,-0.2990,NOMINAL,18952,-1,65535,0,102080,0,0,0
11,follow,none,-0.2658,NOMINAL,18953,-1,65535,0,43831,0,0,0
11,follow,none,-0.2326,NOMINAL,18954,-1,65535,0,39112,0,0,0
11,follow,none,-0.1992,NOMINAL,18955,-1,65535,0,51970,0,0,0
11,follow,none,-0.1658,NOMINAL,18956,-1,65535,0,42221,0,0,0
11,follow,none,-0.1325,NOMINAL,18957,-1,65535,0,37954,0,0,0
11,follow,none,-0.0992,NOMINAL,18958,-1,65535,0,41661,0,0,0
11,follow,none,-0.0658,NOMINAL,18959,-1,65535,0,38751,0,0,0
11,follow,none,-0.0319,NOMINAL,18960,-1,65535,0,33454,0,0,0
11,follow,none,0.0013,NOMINAL,18961,-1,65535,0,52500,0,0,0
11,follow,none,0.0342,NOMINAL,18962,-1,65535,0,46189,0,0,0
11,follow,none,0.0676,NOMINAL,18963,-1,65535,0,58611,0,0,0
11,follow,none,0.1006,NOMINAL,18964,-1,65535,0,36331,0,0,0
11,follow,none,0.1341,NOMINAL,18965,-1,65535,0,58848,0,0,0
11,follow,none,0.1676,NOMINAL,18966,-1,65535,0,53039,0,0,0
11,follow,none,0.2009,NOMINAL,18967,-1,65535,0,37236,0,0,0
11,follow,none,0.2340,NOMINAL,18968,-1,65535,0,42038,0,0,0
11,follow,none,0.2676,NOMINAL,18969,-1,65535,0,38087,0,0,0
11,follow,none,0.3007,NOMINAL,18970,-1,65535,0,20202,0,0,0
11,follow,none,0.3342,NOMINAL,18971,-1,65535,0,37321,0,0,0
11,follow,none,0.3675,NOMINAL,18972,-1,65535,0,37129,0,0,0
11,follow,none,0.4008,NOMINAL,18973,-1,65535,0,55070,0,0,0
11,follow,none,0.4342,NOMINAL,18974,-1,65535,0,39220,0,0,0
11,follow,none,0.4676,NOMINAL,18975,-1,65535,0,40145,0,0,0
11,follow,none,0.5009,NOMINAL,18976,-1,65535,0,97241,0,0,0
11,follow,none,0.5342,NOMINAL,18977,-1,65535,0,41675,0,0,0
11,follow,none,0.5676,NOMINAL,18978,-1,65535,0,19573,0,0,0
11,follow,none,0.6010,NOMINAL,18979,-1,65535,0,94038,0,0,0
11,follow,none,0.6341,NOMINAL,18980,-1,65535,0,40742,0,0,0
11,follow,none,0.6674,NOMINAL,18981,-1,65535,0,36211,0,0,0
11,follow,none,0.7007,NOMINAL,18982,-1,65535,0,23978,0,0,0
11,follow,none,0.7342,NOMINAL,18983,-1,65535,0,42103,0,0,0
11,follow,none,0.7677,NOMINAL,18984,-1,65535,0,98791,0,0,0
11,follow,none,0.8008,NOMINAL,18985,-1,65535,0,39627,0,0,0
11,follow,none,0.8342,NOMINAL,18986,-1,65535,0,42139,0,0,0
11,follow,none,0.8675,NOMINAL,18987,-1,65535,0,38449,0,0,0
11,follow,none,0.9008,NOMINAL,18988,-1,65535,0,43050,0,0,0
11,follow,none,0.9341,NOMINAL,18989,-1,65535,0,24017,0,0,0
11,follow,none,0.9675,NOMINAL,18990,-1,65535,0,38120,0,0,0
11,follow,none,1.0009,NOMINAL,18991,-1,65535,0,37262,0,0,0
11,follow,none,1.0340,NOMINAL,18992,-1,65535,0,47798,0,0,0
11,follow,none,1.0675,NOMINAL,18993,-1,65535,0,38827,0,0,0
11,follow,none,1.1009,NOMINAL,18994,-1,65535,0,38755,0,0,0
11,follow,none,1.1342,NOMINAL,18995,-1,65535,0,42771,0,0,0
11,follow,none,1.1674,NOMINAL,18996,-1,65535,0,21029,0,0,0
11,follow,none,1.2009,NOMINAL,18997,-1,65535,0,39119,0,0,0
11,follow,none,1.2344,NOMINAL,18998,-1,65535,0,103031,0,0,0
11,follow,none,1.2675,NOMINAL,18999,-1,65535,0,99344,0,0,0
11,follow,none,1.3010,NOMINAL,19000,-1,65535,0,37887,0,0,0
11,follow,none,1.3341,NOMINAL,19001,-1,65535,0,24764,0,0,0
11,follow,none,1.3676,NOMINAL,19002,-1,65535,0,35979,0,0,0
11,follow,none,1.4009,NOMINAL,19003,-1,65535,0,36000,0,0,0
11,follow,none,1.4342,NOMINAL,19004,-1,65535,0,36582,0,0,0
11,follow,none,1.4675,NOMINAL,19005,-1,65535,0,113936,0,0,0
11,follow,none,1.5007,NOMINAL,19006,-1,65535,0,39198,0,0,0
11,follow,none,1.5343,NOMINAL,19007,-1,65535,0,60616,0,0,0
11,follow,none,1.5674,NOMINAL,19008,-1,65535,0,38313,0,0,0
11,follow,none,1.6008,NOMINAL,19009,-1,65535,0,39213,0,0,0
11,follow,none,1.6341,NOMINAL,19010,-1,65535,0,41767,0,0,0
11,follow,none,1.6675,NOMINAL,19011,-1,65535,0,20839,0,0,0
11,follow,none,1.7007,NOMINAL,19012,-1,65535,0,41777,0,0,0
11,follow,none,1.7341,NOMINAL,19013,-1,65535,0,42571,0,0,0
11,follow,none,1.7674,NOMINAL,19014,-1,65535,0,35788,0,0,0
11,follow,none,1.8008,NOMINAL,19015,-1,65535,0,51870,0,0,0
11,follow,none,1.8342,NOMINAL,19016,-1,65535,0,40150,0,0,0
11,follow,none,1.8676,NOMINAL,19017,-1,65535,0,56246,0,0,0
11,follow,none,1.9009,NOMINAL,19018,-1,65535,0,21937,0,0,0
11,follow,none,1.9344,NOMINAL,19019,-1,65535,0,42285,0,0,0
11,follow,none,1.9674,NOMINAL,19020,-1,65535,0,37558,0,0,0
11,follow,none,2.0008,NOMINAL,19021,-1,65535,0,23681,0,0,0
11,follow,none,2.0342,NOMINAL,19022,-1,65535,0,44122,0,0,0
11,follow,none,2.0676,NOMINAL,19023,-1,65535,0,37511,0,0,0
11,follow,none,2.1009,NOMINAL,19024,-1,65535,0,58045,0,0,0
11,follow,none,2.1342,NOMINAL,19025,-1,65535,0,39872,0,0,0
11,follow,none,2.1674,NOMINAL,19026,-1,65535,0,19511,0,0,0
11,follow,none,2.2009,NOMINAL,19027,-1,65535,0,38244,0,0,0
11,follow,none,2.2340,NOMINAL,19028,-1,65535,0,20847,0,0,0
11,follow,none,2.2676,NOMINAL,19029,-1,65535,0,56604,0,0,0
11,follow,none,2.3008,NOMINAL,19030,-1,65535,0,54770,0,0,0
11,follow,none,2.3342,NOMINAL,19031,-1,65535,0,29449,0,0,0
11,follow,none,2.3675,NOMINAL,19032,-1,65535,0,41861,0,0,0
11,follow,none,2.4009,NOMINAL,19033,-1,65535,0,47462,0,0,0
11,follow,none,2.4343,NOMINAL,19034,-1,65535,0,89597,0,0,0
11,follow,none,2.4674,NOMINAL,19035,-1,65535,0,31863,0,0,0
11,follow,none,2.5010,NOMINAL,19036,-1,65535,0,42571,0,0,0
11,follow,none,2.5343,NOMINAL,19037,-1,65535,0,64746,0,0,0
11,follow,none,2.5676,NOMINAL,19038,-1,65535,0,58662,0,0,0
11,follow,none,2.6009,NOMINAL,19039,-1,65535,0,60212,0,0,0
11,follow,none,2.6344,NOMINAL,19040,-1,65535,0,64009,0,0,0
11,follow,none,2.6676,NOMINAL,19041,-1,65535,0,63280,0,0,0
11,follow,none,2.7009,NOMINAL,19042,-1,65535,0,63613,0,0,0
11,follow,none,2.7344,NOMINAL,19043,-1,65535,0,124022,0,0,0
11,follow,none,2.7673,NOMINAL,19044,-1,65535,0,78461,0,0,0
11,follow,none,2.8010,NOMINAL,19045,-1,65535,0,75970,0,0,0
11,follow,none,2.8342,NOMINAL,19046,-1,65535,0,56706,0,0,0
11,follow,none,2.8674,NOMINAL,19047,-1,65535,0,45153,0,0,0
11,follow,none,2.9009,NOMINAL,19048,-1,65535,0,61601,0,0,0
11,follow,none,2.9341,NOMINAL,19049,-1,65535,0,66413,0,0,0
11,follow,none,2.9676,NOMINAL,19050,-1,65535,0,81018,0,0,0
11,follow,none,3.0738,FAILSAFE,19050,-1,65535,1,0,0,0,0
12,follow,none,-0.9988,FAILSAFE,19051,-1,65535,0,100521,0,0,0
12,follow,none,-0.9657,FAILSAFE,19052,-1,65535,0,37580,0,0,0
12,follow,none,-0.9456,FAILSAFE,19052,-1,65535,0,0,0,0,0
12,follow,none,-0.9325,FAILSAFE,19053,-1,65535,0,60939,0,0,0
12,follow,none,-0.8991,FAILSAFE,19054,-1,65535,0,40363,0,0,0
12,follow,none,-0.8659,FAILSAFE,19055,-1,65535,0,81690,0,0,0
12,follow,none,-0.8459,FAILSAFE,19055,-1,65535,0,0,0,0,0
12,follow,none,-0.8325,FAILSAFE,19056,-1,65535,0,55830,0,0,0
12,follow,none,-0.7992,FAILSAFE,19057,-1,65535,0,40938,0,0,0
12,follow,none,-0.7659,FAILSAFE,19058,-1,65535,0,62230,0,0,0
12,follow,none,-0.7458,FAILSAFE,19058,-1,65535,0,0,0,0,0
12,follow,none,-0.7325,FAILSAFE,19059,-1,65535,0,36870,0,0,0
12,follow,none,-0.6989,NOMINAL,19060,-1,65535,0,94018,0,0,0
12,follow,none,-0.6657,NOMINAL,19061,-1,65535,0,49560,0,0,0
12,follow,none,-0.6324,NOMINAL,19062,-1,65535,0,78681,0,0,0
12,follow,none,-0.5992,NOMINAL,19063,-1,65535,0,47255,0,0,0
12,follow,none,-0.5657,NOMINAL,19064,-1,65535,0,50083,0,0,0
12,follow,none,-0.5324,NOMINAL,19065,-1,65535,0,78886,0,0,0
12,follow,none,-0.4990,NOMINAL,19066,-1,65535,0,77928,0,0,0
12,follow,none,-0.4658,NOMINAL,19067,-1,65535,0,60579,0,0,0
12,follow,none,-0.4326,NOMINAL,19068,-1,65535,0,40926,0,0,0
12,follow,none,-0.3991,NOMINAL,19069,-1,65535,0,98198,0,0,0
12,follow,none,-0.3658,NOMINAL,19070,-1,65535,0,49050,0,0,0
12,follow,none,-0.3324,NOMINAL,19071,-1,65535,0,62638,0,0,0
12,follow,none,-0.2993,NOMINAL,19072,-1,65535,0,48121,0,0,0
12,follow,none,-0.2659,NOMINAL,19073,-1,65535,0,36164,0,0,0
12,follow,none,-0.2325,NOMINAL,19074,-1,65535,0,58938,0,0,0
12,follow,none,-0.1992,NOMINAL,19075,-1,65535,0,42321,0,0,0
12,follow,none,-0.1658,NOMINAL,19076,-1,65535,0,49170,0,0,0
12,follow,none,-0.1326,NOMINAL,19077,-1,65535,0,63907,0,0,0
12,follow,none,-0.0992,NOMINAL,19078,-1,65535,0,97787,0,0,0
12,follow,none,-0.0659,NOMINAL,19079,-1,65535,0,41970,0,0,0
12,follow,none,-0.0320,NOMINAL,19080,-1,65535,0,49214,0,0,0
12,follow,none,0.0012,NOMINAL,19081,-1,65535,0,47672,0,0,0
12,follow,none,0.0342,NOMINAL,19082,-1,65535,0,43608,0,0,0
12,follow,none,0.0676,NOMINAL,19083,-1,65535,0,41662,0,0,0
12,follow,none,0.1010,NOMINAL,19084,-1,65535,0,37854,0,0,0
12,follow,none,0.1342,NOMINAL,19085,-1,65535,0,41098,0,0,0
12,follow,none,0.1675,NOMINAL,19086,-1,65535,0,37352,0,0,0
12,follow,none,0.2009,NOMINAL,19087,-1,65535,0,53821,0,0,0
12,follow,none,0.2343,NOMINAL,19088,-1,65535,0,43280,0,0,0
12,follow,none,0.2675,NOMINAL,19089,-1,65535,0,77454,0,0,0
12,follow,none,0.3008,NOMINAL,19090,-1,65535,0,37346,0,0,0
12,follow,none,0.3342,NOMINAL,19091,-1,65535,0,43824,0,0,0
12,follow,none,0.3674,NOMINAL,19092,-1,65535,0,37680,0,0,0
12,follow,none,0.4010,NOMINAL,19093,-1,65535,0,100474,0,0,0
12,follow,none,0.4342,NOMINAL,19094,-1,65535,0,21548,0,0,0
12,follow,none,0.4677,NOMINAL,19095,-1,65535,0,55322,0,0,0
12,follow,none,0.5009,NOMINAL,19096,-1,65535,0,57853,0,0,0
12,follow,none,0.5342,NOMINAL,19097,-1,65535,0,42916,0,0,0
12,follow,none,0.5675,NOMINAL,19098,-1,65535,0,96007,0,0,0
12,follow,none,0.6008,NOMINAL,19099,-1,65535,0,56930,0,0,0
12,follow,none,0.6344,NOMINAL,19100,-1,65535,0,45968,0,0,0
12,follow,none,0.6676,NOMINAL,19101,-1,65535,0,56747,0,0,0
12,follow,none,0.7010,NOMINAL,19102,-1,65535,0,40774,0,0,0
12,follow,none,0.7342,NOMINAL,19103,-1,65535,0,26651,0,0,0
12,follow,none,0.7673,NOMINAL,19104,-1,65535,0,37305,0,0,0
12,follow,none,0.8008,NOMINAL,19105,-1,65535,0,40304,0,0,0
12,follow,none,0.8341,NOMINAL,19106,-1,65535,0,41293,0,0,0
12,follow,none,0.8675,NOMINAL,19107,-1,65535,0,40363,0,0,0
12,follow,none,0.9008,NOMINAL,19108,-1,65535,0,56829,0,0,0
12,follow,none,0.9341,NOMINAL,19109,-1,65535,0,43036,0,0,0
12,follow,none,0.9678,NOMINAL,19110,-1,65535,0,102187,0,0,0
12,follow,none,1.0009,NOMINAL,19111,-1,65535,0,41634,0,0,0
12,follow,none,1.0342,NOMINAL,19112,-1,65535,0,44753,0,0,0
12,follow,none,1.0674,NOMINAL,19113,-1,65535,0,36642,0,0,0
12,follow,none,1.1011,NOMINAL,19114,-1,65535,0,39079,0,0,0
12,follow,none,1.1341,NOMINAL,19115,-1,65535,0,42229,0,0,0
12,follow,none,1.1675,NOMINAL,19116,-1,65535,0,38579,0,0,0
12,follow,none,1.2009,NOMINAL,19117,-1,65535,0,18579,0,0,0
12,follow,none,1.2342,NOMINAL,19118,-1,65535,0,42244,0,0,0
12,follow,none,1.2676,NOMINAL,19119,-1,65535,0,39622,0,0,0
12,follow,none,1.3009,NOMINAL,19120,-1,65535,0,93235,0,0,0
12,follow,none,1.3341,NOMINAL,19121,-1,65535,0,40939,0,0,0
12,follow,none,1.3673,NOMINAL,19122,-1,65535,0,37963,0,0,0
12,follow,none,1.4008,NOMINAL,19123,-1,65535,0,58656,0,0,0
12,follow,none,1.4342,NOMINAL,19124,-1,65535,0,26894,0,0,0
12,follow,none,1.4675,NOMINAL,19125,-1,65535,0,37061,0,0,0
12,follow,none,1.5010,NOMINAL,19126,-1,65535,0,37229,0,0,0
12,follow,none,1.5342,NOMINAL,19127,-1,65535,0,23514,0,0,0
12,follow,none,1.5674,NOMINAL,19128,-1,65535,0,40889,0,0,0
12,follow,none,1.6007,NOMINAL,19129,-1,65535,0,41042,0,0,0
12,follow,none,1.6341,NOMINAL,19130,-1,65535,0,45247,0,0,0
12,follow,none,1.6676,NOMINAL,19131,-1,65535,0,53179,0,0,0
12,follow,none,1.7009,NOMINAL,19132,-1,65535,0,115264,0,0,0
12,follow,none,1.7341,NOMINAL,19133,-1,65535,0,37983,0,0,0
12,follow,none,1.7675,NOMINAL,19134,-1,65535,0,38925,0,0,0
12,follow,none,1.8009,NOMINAL,19135,-1,65535,0,19371,0,0,0
12,follow,none,1.8342,NOMINAL,19136,-1,65535,0,38955,0,0,0
12,follow,none,1.8674,NOMINAL,19137,-1,65535,0,39447,0,0,0
12,follow,none,1.9009,NOMINAL,19138,-1,65535,0,37429,0,0,0
12,follow,none,1.9342,NOMINAL,19139,-1,65535,0,22231,0,0,0
12,follow,none,1.9674,NOMINAL,19140,-1,65535,0,38305,0,0,0
12,follow,none,2.0009,NOMINAL,19141,-1,65535,0,97752,0,0,0
12,follow,none,2.0343,NOMINAL,19142,-1,65535,0,60023,0,0,0
12,follow,none,2.0674,NOMINAL,19143,-1,65535,0,41043,0,0,0
12,follow,none,2.1009,NOMINAL,19144,-1,65535,0,34268,0,0,0
12,follow,none,2.1343,NOMINAL,19145,-1,65535,0,45690,0,0,0
12,follow,none,2.1675,NOMINAL,19146,-1,65535,0,36271,0,0,0
12,follow,none,2.2008,NOMINAL,19147,-1,65535,0,36722,0,0,0
12,follow,none,2.2342,NOMINAL,19148,-1,65535,0,98871,0,0,0
12,follow,none,2.2674,NOMINAL,19149,-1,65535,0,44600,0,0,0
12,follow,none,2.3010,NOMINAL,19150,-1,65535,0,40654,0,0,0
12,follow,none,2.3340,NOMINAL,19151,-1,65535,0,42198,0,0,0
12,follow,none,2.3674,NOMINAL,19152,-1,65535,0,39172,0,0,0
12,follow,none,2.4009,NOMINAL,19153,-1,65535,0,36587,0,0,0
12,follow,none,2.4340,NOMINAL,19154,-1,65535,0,61482,0,0,0
12,follow,none,2.4675,NOMINAL,19155,-1,65535,0,19870,0,0,0
12,follow,none,2.5008,NOMINAL,19156,-1,65535,0,52521,0,0,0
12,follow,none,2.5342,NOMINAL,19157,-1,65535,0,62693,0,0,0
12,follow,none,2.5676,NOMINAL,19158,-1,65535,0,41797,0,0,0
12,follow,none,2.6009,NOMINAL,19159,-1,65535,0,38287,0,0,0
12,follow,none,2.6342,NOMINAL,19160,-1,65535,0,25432,0,0,0
12,follow,none,2.6673,NOMINAL,19161,-1,65535,0,37412,0,0,0
12,follow,none,2.7008,NOMINAL,19162,-1,65535,0,19868,0,0,0
12,follow,none,2.7341,NOMINAL,19163,-1,65535,0,27454,0,0,0
12,follow,none,2.7676,NOMINAL,19164,-1,65535,0,55661,0,0,0
12,follow,none,2.8009,NOMINAL,19165,-1,65535,0,55861,0,0,0
12,follow,none,2.8341,NOMINAL,19166,-1,65535,0,52707,0,0,0
12,follow,none,2.8674,NOMINAL,19167,-1,65535,0,38096,0,0,0
12,follow,none,2.9007,NOMINAL,19168,-1,65535,0,40904,0,0,0
12,follow,none,2.9341,NOMINAL,19169,-1,65535,0,24670,0,0,0
12,follow,none,2.9674,NOMINAL,19170,-1,65535,0,39137,0,0,0
12,follow,none,3.0741,FAILSAFE,19170,-1,65535,1,0,0,0,0
13,follow,none,-0.9991,FAILSAFE,19171,-1,65535,0,37051,0,0,0
13,follow,none,-0.9659,FAILSAFE,19172,-1,65535,0,34891,0,0,0
13,follow,none,-0.9458,FAILSAFE,19172,-1,65535,0,0,0,0,0
13,follow,none,-0.9326,FAILSAFE,19173,-1,65535,0,35938,0,0,0
13,follow,none,-0.8993,FAILSAFE,19174,-1,65535,0,32131,0,0,0
13,follow,none,-0.8659,FAILSAFE,19175,-1,65535,0,34874,0,0,0
13,follow,none,-0.8458,FAILSAFE,19175,-1,65535,0,0,0,0,0
13,follow,none,-0.8327,FAILSAFE,19176,-1,65535,0,15979,0,0,0
13,follow,none,-0.7993,FAILSAFE,19177,-1,65535,0,30172,0,0,0
13,follow,none,-0.7659,FAILSAFE,19178,-1,65535,0,36685,0,0,0
13,follow,none,-0.7458,FAILSAFE,19178,-1,65535,0,0,0,0,0
13,follow,none,-0.7325,FAILSAFE,19179,-1,65535,0,93893,0,0,0
13,follow,none,-0.6990,NOMINAL,19180,-1,65535,0,130479,0,0,0
13,follow,none,-0.6657,NOMINAL,19181,-1,65535,0,51075,0,0,0
13,follow,none,-0.6324,NOMINAL,19182,-1,65535,0,58104,0,0,0
13,follow,none,-0.5992,NOMINAL,19183,-1,65535,0,37653,0,0,0
13,follow,none,-0.5659,NOMINAL,19184,-1,65535,0,42031,0,0,0
13,follow,none,-0.5324,NOMINAL,19185,-1,65535,0,40278,0,0,0
13,follow,none,-0.4993,NOMINAL,19186,-1,65535,0,40398,0,0,0
13,follow,none,-0.4658,NOMINAL,19187,-1,65535,0,60755,0,0,0
13,follow,none,-0.4325,NOMINAL,19188,-1,65535,0,37686,0,0,0
13,follow,none,-0.3992,NOMINAL,19189,-1,65535,0,56069,0,0,0
13,follow,none,-0.3659,NOMINAL,19190,-1,65535,0,18063,0,0,0
13,follow,none,-0.3325,NOMINAL,19191,-1,65535,0,36879,0,0,0
13,follow,none,-0.2990,NOMINAL,19192,-1,65535,0,36686,0,0,0
13,follow,none,-0.2658,NOMINAL,19193,-1,65535,0,42513,0,0,0
13,follow,none,-0.2325,NOMINAL,19194,-1,65535,0,39754,0,0,0
13,follow,none,-0.1992,NOMINAL,19195,-1,65535,0,36621,0,0,0
13,follow,none,-0.1659,NOMINAL,19196,-1,65535,0,43405,0,0,0
13,follow,none,-0.1325,NOMINAL,19197,-1,65535,0,40778,0,0,0
13,follow,none,-0.0993,NOMINAL,19198,-1,65535,0,38304,0,0,0
13,follow,none,-0.0659,NOMINAL,19199,-1,65535,0,41206,0,0,0
13,follow,none,-0.0318,NOMINAL,19200,-1,65535,0,143209,0,0,0
13,follow,none,0.0012,NOMINAL,19201,-1,65535,0,102026,0,0,0
13,follow,none,0.0343,NOMINAL,19202,-1,65535,0,78161,0,0,0
13,follow,none,0.0675,NOMINAL,19203,-1,65535,0,40291,0,0,0
13,follow,none,0.1011,NOMINAL,19204,-1,65535,0,25356,0,0,0
13,follow,none,0.1342,NOMINAL,19205,-1,65535,0,42591,0,0,0
13,follow,none,0.1676,NOMINAL,19206,-1,65535,0,22156,0,0,0
13,follow,none,0.2009,NOMINAL,19207,-1,65535,0,101307,0,0,0
13,follow,none,0.2342,NOMINAL,19208,-1,65535,0,44101,0,0,0
13,follow,none,0.2676,NOMINAL,19209,-1,65535,0,38748,0,0,0
13,follow,none,0.3009,NOMINAL,19210,-1,65535,0,59106,0,0,0
13,follow,none,0.3342,NOMINAL,19211,-1,65535,0,45985,0,0,0
13,follow,none,0.3673,NOMINAL,19212,-1,65535,0,40389,0,0,0
13,follow,none,0.4012,NOMINAL,19213,-1,65535,0,115615,0,0,0
13,follow,none,0.4342,NOMINAL,19214,-1,65535,0,64490,0,0,0
13,follow,none,0.4676,NOMINAL,19215,-1,65535,0,50497,0,0,0
13,follow,none,0.5008,NOMINAL,19216,-1,65535,0,40612,0,0,0
13,follow,none,0.5342,NOMINAL,19217,-1,65535,0,42972,0,0,0
13,follow,none,0.5678,NOMINAL,19218,-1,65535,0,124148,0,0,0
13,follow,none,0.6008,NOMINAL,19219,-1,65535,0,36922,0,0,0
13,follow,none,0.6342,NOMINAL,19220,-1,65535,0,25647,0,0,0
13,follow,none,0.6674,NOMINAL,19221,-1,65535,0,20338,0,0,0
13,follow,none,0.7008,NOMINAL,19222,-1,65535,0,58620,0,0,0
13,follow,none,0.7342,NOMINAL,19223,-1,65535,0,55413,0,0,0
13,follow,none,0.7674,NOMINAL,19224,-1,65535,0,40619,0,0,0
13,follow,none,0.8008,NOMINAL,19225,-1,65535,0,36021,0,0,0
13,follow,none,0.8342,NOMINAL,19226,-1,65535,0,23500,0,0,0
13,follow,none,0.8677,NOMINAL,19227,-1,65535,0,96362,0,0,0
13,follow,none,0.9009,NOMINAL,19228,-1,65535,0,38878,0,0,0
13,follow,none,0.9343,NOMINAL,19229,-1,65535,0,56221,0,0,0
13,follow,none,0.9675,NOMINAL,19230,-1,65535,0,37271,0,0,0
13,follow,none,1.0008,NOMINAL,19231,-1,65535,0,53365,0,0,0
13,follow,none,1.0342,NOMINAL,19232,-1,65535,0,103160,0,0,0
13,follow,none,1.0675,NOMINAL,19233,-1,65535,0,37588,0,0,0
13,follow,none,1.1008,NOMINAL,19234,-1,65535,0,37646,0,0,0
13,follow,none,1.1344,NOMINAL,19235,-1,65535,0,60910,0,0,0
13,follow,none,1.1675,NOMINAL,19236,-1,65535,0,40081,0,0,0
13,follow,none,1.2008,NOMINAL,19237,-1,65535,0,36229,0,0,0
13,follow,none,1.2343,NOMINAL,19238,-1,65535,0,41372,0,0,0
13,follow,none,1.2674,NOMINAL,19239,-1,65535,0,39154,0,0,0
13,follow,none,1.3009,NOMINAL,19240,-1,65535,0,40588,0,0,0
13,follow,none,1.3342,NOMINAL,19241,-1,65535,0,59965,0,0,0
13,follow,none,1.3675,NOMINAL,19242,-1,65535,0,37622,0,0,0
13,follow,none,1.4009,NOMINAL,19243,-1,65535,0,37080,0,0,0
13,follow,none,1.4340,NOMINAL,19244,-1,65535,0,35479,0,0,0
13,follow,none,1.4676,NOMINAL,19245,-1,65535,0,54722,0,0,0
13,follow,none,1.5009,NOMINAL,19246,-1,65535,0,35520,0,0,0
13,follow,none,1.5341,NOMINAL,19247,-1,65535,0,44039,0,0,0
13,follow,none,1.5677,NOMINAL,19248,-1,65535,0,21218,0,0,0
13,follow,none,1.6007,NOMINAL,19249,-1,65535,0,36645,0,0,0
13,follow,none,1.6342,NOMINAL,19250,-1,65535,0,41848,0,0,0
13,follow,none,1.6675,NOMINAL,19251,-1,65535,0,38045,0,0,0
13,follow,none,1.7010,NOMINAL,19252,-1,65535,0,36636,0,0,0
13,follow,none,1.7342,NOMINAL,19253,-1,65535,0,46838,0,0,0
13,follow,none,1.7676,NOMINAL,19254,-1,65535,0,39387,0,0,0
13,follow,none,1.8008,NOMINAL,19255,-1,65535,0,37204,0,0,0
13,follow,none,1.8341,NOMINAL,19256,-1,65535,0,44921,0,0,0
13,follow,none,1.8676,NOMINAL,19257,-1,65535,0,57935,0,0,0
13,follow,none,1.9008,NOMINAL,19258,-1,65535,0,39111,0,0,0
13,follow,none,1.9341,NOMINAL,19259,-1,65535,0,39018,0,0,0
13,follow,none,1.9676,NOMINAL,19260,-1,65535,0,38393,0,0,0
13,follow,none,2.0008,NOMINAL,19261,-1,65535,0,38377,0,0,0
13,follow,none,2.0342,NOMINAL,19262,-1,65535,0,97393,0,0,0
13,follow,none,2.0674,NOMINAL,19263,-1,65535,0,57119,0,0,0
13,follow,none,2.1010,NOMINAL,19264,-1,65535,0,40294,0,0,0
13,follow,none,2.1343,NOMINAL,19265,-1,65535,0,41553,0,0,0
13,follow,none,2.1674,NOMINAL,19266,-1,65535,0,40295,0,0,0
13,follow,none,2.2008,NOMINAL,19267,-1,65535,0,36586,0,0,0
13,follow,none,2.2342,NOMINAL,19268,-1,65535,0,24446,0,0,0
13,follow,none,2.2676,NOMINAL,19269,-1,65535,0,53347,0,0,0
13,follow,none,2.3010,NOMINAL,19270,-1,65535,0,39779,0,0,0
13,follow,none,2.3341,NOMINAL,19271,-1,65535,0,38282,0,0,0
13,follow,none,2.3676,NOMINAL,19272,-1,65535,0,38428,0,0,0
13,follow,none,2.4009,NOMINAL,19273,-1,65535,0,39037,0,0,0
13,follow,none,2.4342,NOMINAL,19274,-1,65535,0,42198,0,0,0
13,follow,none,2.4674,NOMINAL,19275,-1,65535,0,54520,0,0,0
13,follow,none,2.5008,NOMINAL,19276,-1,65535,0,37363,0,0,0
13,follow,none,2.5342,NOMINAL,19277,-1,65535,0,39619,0,0,0
13,follow,none,2.5675,NOMINAL,19278,-1,65535,0,39487,0,0,0
13,follow,none,2.6008,NOMINAL,19279,-1,65535,0,24179,0,0,0
13,follow,none,2.6342,NOMINAL,19280,-1,65535,0,39066,0,0,0
13,follow,none,2.6675,NOMINAL,19281,-1,65535,0,36838,0,0,0
13,follow,none,2.7008,NOMINAL,19282,-1,65535,0,34735,0,0,0
13,follow,none,2.7342,NOMINAL,19283,-1,65535,0,55003,0,0,0
13,follow,none,2.7675,NOMINAL,19284,-1,65535,0,39162,0,0,0
13,follow,none,2.8008,NOMINAL,19285,-1,65535,0,38170,0,0,0
13,follow,none,2.8341,NOMINAL,19286,-1,65535,0,42895,0,0,0
13,follow,none,2.8677,NOMINAL,19287,-1,65535,0,114194,0,0,0
13,follow,none,2.9009,NOMINAL,19288,-1,65535,0,39334,0,0,0
13,follow,none,2.9342,NOMINAL,19289,-1,65535,0,99084,0,0,0
13,follow,none,2.9677,NOMINAL,19290,-1,65535,0,39897,0,0,0
13,follow,none,3.0743,FAILSAFE,19290,-1,65535,1,0,0,0,0
14,follow,none,-0.9990,FAILSAFE,19291,-1,65535,0,30878,0,0,0
14,follow,none,-0.9656,FAILSAFE,19292,-1,65535,0,34729,0,0,0
14,follow,none,-0.9457,FAILSAFE,19292,-1,65535,0,0,0,0,0
14,follow,none,-0.9326,FAILSAFE,19293,-1,65535,0,29422,0,0,0
14,follow,none,-0.8993,FAILSAFE,19294,-1,65535,0,29712,0,0,0
14,follow,none,-0.8660,FAILSAFE,19295,-1,65535,0,34502,0,0,0
14,follow,none,-0.8326,FAILSAFE,19296,-1,65535,0,31195,0,0,0
14,follow,none,-0.8125,FAILSAFE,19296,-1,65535,0,0,0,0,0
14,follow,none,-0.7991,FAILSAFE,19297,-1,65535,0,33538,0,0,0
14,follow,none,-0.7658,FAILSAFE,19298,-1,65535,0,38942,0,0,0
14,follow,none,-0.7325,FAILSAFE,19299,-1,65535,0,31911,0,0,0
14,follow,none,-0.7124,FAILSAFE,19299,-1,65535,0,0,0,0,0
14,follow,none,-0.6988,NOMINAL,19300,-1,65535,0,101034,0,0,0
14,follow,none,-0.6658,NOMINAL,19301,-1,65535,0,24133,0,0,0
14,follow,none,-0.6326,NOMINAL,19302,-1,65535,0,57086,0,0,0
14,follow,none,-0.5993,NOMINAL,19303,-1,65535,0,23812,0,0,0
14,follow,none,-0.5658,NOMINAL,19304,-1,65535,0,42580,0,0,0
14,follow,none,-0.5326,NOMINAL,19305,-1,65535,0,38729,0,0,0
14,follow,none,-0.4992,NOMINAL,19306,-1,65535,0,42394,0,0,0
14,follow,none,-0.4656,NOMINAL,19307,-1,65535,0,42622,0,0,0
14,follow,none,-0.4324,NOMINAL,19308,-1,65535,0,23228,0,0,0
14,follow,none,-0.3991,NOMINAL,19309,-1,65535,0,40420,0,0,0
14,follow,none,-0.3658,NOMINAL,19310,-1,65535,0,39805,0,0,0
14,follow,none,-0.3324,NOMINAL,19311,-1,65535,0,98824,0,0,0
14,follow,none,-0.2992,NOMINAL,19312,-1,65535,0,41819,0,0,0
14,follow,none,-0.2659,NOMINAL,19313,-1,65535,0,40837,0,0,0
14,follow,none,-0.2323,NOMINAL,19314,-1,65535,0,37098,0,0,0
14,follow,none,-0.1990,NOMINAL,19315,-1,65535,0,104038,0,0,0
14,follow,none,-0.1657,NOMINAL,19316,-1,65535,0,43398,0,0,0
14,follow,none,-0.1325,NOMINAL,19317,-1,65535,0,43771,0,0,0
14,follow,none,-0.0991,NOMINAL,19318,-1,65535,0,57355,0,0,0
14,follow,none,-0.0658,NOMINAL,19319,-1,65535,0,24409,0,0,0
14,follow,none,-0.0320,NOMINAL,19320,-1,65535,0,163123,0,0,0
14,follow,none,0.0011,NOMINAL,19321,-1,65535,0,42809,0,0,0
14,follow,none,0.0344,NOMINAL,19322,-1,65535,0,48976,0,0,0
14,follow,none,0.0674,NOMINAL,19323,-1,65535,0,22131,0,0,0
14,follow,none,0.1008,NOMINAL,19324,-1,65535,0,41116,0,0,0
14,follow,none,0.1344,NOMINAL,19325,-1,65535,0,62919,0,0,0
14,follow,none,0.1676,NOMINAL,19326,-1,65535,0,40658,0,0,0
14,follow,none,0.2009,NOMINAL,19327,-1,65535,0,37717,0,0,0
14,follow,none,0.2342,NOMINAL,19328,-1,65535,0,43569,0,0,0
14,follow,none,0.2676,NOMINAL,19329,-1,65535,0,40330,0,0,0
14,follow,none,0.3008,NOMINAL,19330,-1,65535,0,21981,0,0,0
14,follow,none,0.3343,NOMINAL,19331,-1,65535,0,104199,0,0,0
14,follow,none,0.3677,NOMINAL,19332,-1,65535,0,57864,0,0,0
14,follow,none,0.4010,NOMINAL,19333,-1,65535,0,41289,0,0,0
14,follow,none,0.4342,NOMINAL,19334,-1,65535,0,44513,0,0,0
14,follow,none,0.4677,NOMINAL,19335,-1,65535,0,22578,0,0,0
14,follow,none,0.5007,NOMINAL,19336,-1,65535,0,40895,0,0,0
14,follow,none,0.5341,NOMINAL,19337,-1,65535,0,20038,0,0,0
14,follow,none,0.5675,NOMINAL,19338,-1,65535,0,41687,0,0,0
14,follow,none,0.6008,NOMINAL,19339,-1,65535,0,24544,0,0,0
14,follow,none,0.6342,NOMINAL,19340,-1,65535,0,49005,0,0,0
14,follow,none,0.6675,NOMINAL,19341,-1,65535,0,36517,0,0,0
14,follow,none,0.7009,NOMINAL,19342,-1,65535,0,36600,0,0,0
14,follow,none,0.7342,NOMINAL,19343,-1,65535,0,27647,0,0,0
14,follow,none,0.7675,NOMINAL,19344,-1,65535,0,55687,0,0,0
14,follow,none,0.8012,NOMINAL,19345,-1,65535,0,98185,0,0,0
14,follow,none,0.8343,NOMINAL,19346,-1,65535,0,62508,0,0,0
14,follow,none,0.8675,NOMINAL,19347,-1,65535,0,38707,0,0,0
14,follow,none,0.9010,NOMINAL,19348,-1,65535,0,38299,0,0,0
14,follow,none,0.9342,NOMINAL,19349,-1,65535,0,43680,0,0,0
14,follow,none,0.9675,NOMINAL,19350,-1,65535,0,21829,0,0,0
14,follow,none,1.0007,NOMINAL,19351,-1,65535,0,52529,0,0,0
14,follow,none,1.0342,NOMINAL,19352,-1,65535,0,22138,0,0,0
14,follow,none,1.0676,NOMINAL,19353,-1,65535,0,37661,0,0,0
14,follow,none,1.1009,NOMINAL,19354,-1,65535,0,44046,0,0,0
14,follow,none,1.1342,NOMINAL,19355,-1,65535,0,43689,0,0,0
14,follow,none,1.1675,NOMINAL,19356,-1,65535,0,37003,0,0,0
14,follow,none,1.2009,NOMINAL,19357,-1,65535,0,58679,0,0,0
14,follow,none,1.2343,NOMINAL,19358,-1,65535,0,43247,0,0,0
14,follow,none,1.2677,NOMINAL,19359,-1,65535,0,38844,0,0,0
14,follow,none,1.3008,NOMINAL,19360,-1,65535,0,21306,0,0,0
14,follow,none,1.3342,NOMINAL,19361,-1,65535,0,42163,0,0,0
14,follow,none,1.3675,NOMINAL,19362,-1,65535,0,55537,0,0,0
14,follow,none,1.4007,NOMINAL,19363,-1,65535,0,36054,0,0,0
14,follow,none,1.4342,NOMINAL,19364,-1,65535,0,62180,0,0,0
14,follow,none,1.4675,NOMINAL,19365,-1,65535,0,55702,0,0,0
14,follow,none,1.5009,NOMINAL,19366,-1,65535,0,40172,0,0,0
14,follow,none,1.5342,NOMINAL,19367,-1,65535,0,43614,0,0,0
14,follow,none,1.5675,NOMINAL,19368,-1,65535,0,38130,0,0,0
14,follow,none,1.6010,NOMINAL,19369,-1,65535,0,22762,0,0,0
14,follow,none,1.6342,NOMINAL,19370,-1,65535,0,61580,0,0,0
14,follow,none,1.6675,NOMINAL,19371,-1,65535,0,55387,0,0,0
14,follow,none,1.7009,NOMINAL,19372,-1,65535,0,36121,0,0,0
14,follow,none,1.7342,NOMINAL,19373,-1,65535,0,22949,0,0,0
14,follow,none,1.7677,NOMINAL,19374,-1,65535,0,39158,0,0,0
14,follow,none,1.8010,NOMINAL,19375,-1,65535,0,38986,0,0,0
14,follow,none,1.8342,NOMINAL,19376,-1,65535,0,58731,0,0,0
14,follow,none,1.8677,NOMINAL,19377,-1,65535,0,37170,0,0,0
14,follow,none,1.9008,NOMINAL,19378,-1,65535,0,55542,0,0,0
14,follow,none,1.9343,NOMINAL,19379,-1,65535,0,97551,0,0,0
14,follow,none,1.9676,NOMINAL,19380,-1,65535,0,58887,0,0,0
14,follow,none,2.0009,NOMINAL,19381,-1,65535,0,39538,0,0,0
14,follow,none,2.0341,NOMINAL,19382,-1,65535,0,40256,0,0,0
14,follow,none,2.0673,NOMINAL,19383,-1,65535,0,40140,0,0,0
14,follow,none,2.1008,NOMINAL,19384,-1,65535,0,35853,0,0,0
14,follow,none,2.1344,NOMINAL,19385,-1,65535,0,81085,0,0,0
14,follow,none,2.1673,NOMINAL,19386,-1,65535,0,38067,0,0,0
14,follow,none,2.2009,NOMINAL,19387,-1,65535,0,56945,0,0,0
14,follow,none,2.2342,NOMINAL,19388,-1,65535,0,24975,0,0,0
14,follow,none,2.2675,NOMINAL,19389,-1,65535,0,34744,0,0,0
14,follow,none,2.3009,NOMINAL,19390,-1,65535,0,37103,0,0,0
14,follow,none,2.3342,NOMINAL,19391,-1,65535,0,53575,0,0,0
14,follow,none,2.3675,NOMINAL,19392,-1,65535,0,38269,0,0,0
14,follow,none,2.4010,NOMINAL,19393,-1,65535,0,57546,0,0,0
14,follow,none,2.4342,NOMINAL,19394,-1,65535,0,41930,0,0,0
14,follow,none,2.4675,NOMINAL,19395,-1,65535,0,94441,0,0,0
14,follow,none,2.5009,NOMINAL,19396,-1,65535,0,40162,0,0,0
14,follow,none,2.5342,NOMINAL,19397,-1,65535,0,35680,0,0,0
14,follow,none,2.5675,NOMINAL,19398,-1,65535,0,56836,0,0,0
14,follow,none,2.6006,NOMINAL,19399,-1,65535,0,36470,0,0,0
14,follow,none,2.6342,NOMINAL,19400,-1,65535,0,38936,0,0,0
14,follow,none,2.6675,NOMINAL,19401,-1,65535,0,39487,0,0,0
14,follow,none,2.7008,NOMINAL,19402,-1,65535,0,37329,0,0,0
14,follow,none,2.7341,NOMINAL,19403,-1,65535,0,63742,0,0,0
14,follow,none,2.7675,NOMINAL,19404,-1,65535,0,39038,0,0,0
14,follow,none,2.8009,NOMINAL,19405,-1,65535,0,36546,0,0,0
14,follow,none,2.8343,NOMINAL,19406,-1,65535,0,57436,0,0,0
14,follow,none,2.8677,NOMINAL,19407,-1,65535,0,36204,0,0,0
14,follow,none,2.9010,NOMINAL,19408,-1,65535,0,98217,0,0,0
14,follow,none,2.9342,NOMINAL,19409,-1,65535,0,39821,0,0,0
14,follow,none,2.9675,NOMINAL,19410,-1,65535,0,35845,0,0,0
14,follow,none,3.0745,FAILSAFE,19410,-1,65535,1,0,0,0,0
15,follow,none,-0.9989,FAILSAFE,19411,-1,65535,0,48177,0,0,0
15,follow,none,-0.9659,FAILSAFE,19412,-1,65535,0,35587,0,0,0
15,follow,none,-0.9459,FAILSAFE,19412,-1,65535,0,0,0,0,0
15,follow,none,-0.9326,FAILSAFE,19413,-1,65535,0,45605,0,0,0
15,follow,none,-0.8989,FAILSAFE,19414,-1,65535,0,51371,0,0,0
15,follow,none,-0.8658,FAILSAFE,19415,-1,65535,0,37029,0,0,0
15,follow,none,-0.8457,FAILSAFE,19415,-1,65535,0,0,0,0,0
15,follow,none,-0.8325,FAILSAFE,19416,-1,65535,0,38582,0,0,0
15,follow,none,-0.7991,FAILSAFE,19417,-1,65535,0,88593,0,0,0
15,follow,none,-0.7659,FAILSAFE,19418,-1,65535,0,93868,0,0,0
15,follow,none,-0.7458,FAILSAFE,19418,-1,65535,0,0,0,0,0
15,follow,none,-0.7326,FAILSAFE,19419,-1,65535,0,29404,0,0,0
15,follow,none,-0.6989,NOMINAL,19420,-1,65535,0,68864,0,0,0
15,follow,none,-0.6654,NOMINAL,19421,-1,65535,0,41248,0,0,0
15,follow,none,-0.6325,NOMINAL,19422,-1,65535,0,38479,0,0,0
15,follow,none,-0.5992,NOMINAL,19423,-1,65535,0,35537,0,0,0
15,follow,none,-0.5658,NOMINAL,19424,-1,65535,0,35109,0,0,0
15,follow,none,-0.5326,NOMINAL,19425,-1,65535,0,37702,0,0,0
15,follow,none,-0.4991,NOMINAL,19426,-1,65535,0,95700,0,0,0
15,follow,none,-0.4661,NOMINAL,19427,-1,65535,0,41502,0,0,0
15,follow,none,-0.4325,NOMINAL,19428,-1,65535,0,96822,0,0,0
15,follow,none,-0.3991,NOMINAL,19429,-1,65535,0,80654,0,0,0
15,follow,none,-0.3659,NOMINAL,19430,-1,65535,0,43238,0,0,0
15,follow,none,-0.3326,NOMINAL,19431,-1,65535,0,56037,0,0,0
15,follow,none,-0.2991,NOMINAL,19432,-1,65535,0,36979,0,0,0
15,follow,none,-0.2658,NOMINAL,19433,-1,65535,0,42634,0,0,0
15,follow,none,-0.2326,NOMINAL,19434,-1,65535,0,40161,0,0,0
15,follow,none,-0.1993,NOMINAL,19435,-1,65535,0,39736,0,0,0
15,follow,none,-0.1660,NOMINAL,19436,-1,65535,0,40822,0,0,0
15,follow,none,-0.1324,NOMINAL,19437,-1,65535,0,41571,0,0,0
15,follow,none,-0.0990,NOMINAL,19438,-1,65535,0,38152,0,0,0
15,follow,none,-0.0658,NOMINAL,19439,-1,65535,0,42606,0,0,0
15,follow,none,-0.0319,NOMINAL,19440,-1,65535,0,80488,0,0,0
15,follow,none,0.0012,NOMINAL,19441,-1,65535,0,47000,0,0,0
15,follow,none,0.0344,NOMINAL,19442,-1,65535,0,45122,0,0,0
15,follow,none,0.0675,NOMINAL,19443,-1,65535,0,39579,0,0,0
15,follow,none,0.1010,NOMINAL,19444,-1,65535,0,59938,0,0,0
15,follow,none,0.1341,NOMINAL,19445,-1,65535,0,20690,0,0,0
15,follow,none,0.1676,NOMINAL,19446,-1,65535,0,38575,0,0,0
15,follow,none,0.2008,NOMINAL,19447,-1,65535,0,55190,0,0,0
15,follow,none,0.2342,NOMINAL,19448,-1,65535,0,59334,0,0,0
15,follow,none,0.2674,NOMINAL,19449,-1,65535,0,39913,0,0,0
15,follow,none,0.3010,NOMINAL,19450,-1,65535,0,22390,0,0,0
15,follow,none,0.3342,NOMINAL,19451,-1,65535,0,41584,0,0,0
15,follow,none,0.3675,NOMINAL,19452,-1,65535,0,56250,0,0,0
15,follow,none,0.4009,NOMINAL,19453,-1,65535,0,41455,0,0,0
15,follow,none,0.4343,NOMINAL,19454,-1,65535,0,41806,0,0,0
15,follow,none,0.4675,NOMINAL,19455,-1,65535,0,38332,0,0,0
15,follow,none,0.5009,NOMINAL,19456,-1,65535,0,38199,0,0,0
15,follow,none,0.5341,NOMINAL,19457,-1,65535,0,40918,0,0,0
15,follow,none,0.5675,NOMINAL,19458,-1,65535,0,36141,0,0,0
15,follow,none,0.6008,NOMINAL,19459,-1,65535,0,38382,0,0,0
15,follow,none,0.6343,NOMINAL,19460,-1,65535,0,56224,0,0,0
15,follow,none,0.6674,NOMINAL,19461,-1,65535,0,22016,0,0,0
15,follow,none,0.7009,NOMINAL,19462,-1,65535,0,37990,0,0,0
15,follow,none,0.7344,NOMINAL,19463,-1,65535,0,44110,0,0,0
15,follow,none,0.7676,NOMINAL,19464,-1,65535,0,57538,0,0,0
15,follow,none,0.8007,NOMINAL,19465,-1,65535,0,36732,0,0,0
15,follow,none,0.8343,NOMINAL,19466,-1,65535,0,115860,0,0,0
15,follow,none,0.8676,NOMINAL,19467,-1,65535,0,39349,0,0,0
15,follow,none,0.9009,NOMINAL,19468,-1,65535,0,40248,0,0,0
15,follow,none,0.9343,NOMINAL,19469,-1,65535,0,43526,0,0,0
15,follow,none,0.9675,NOMINAL,19470,-1,65535,0,39723,0,0,0
15,follow,none,1.0008,NOMINAL,19471,-1,65535,0,22339,0,0,0
15,follow,none,1.0341,NOMINAL,19472,-1,65535,0,36720,0,0,0
15,follow,none,1.0676,NOMINAL,19473,-1,65535,0,39073,0,0,0
15,follow,none,1.1010,NOMINAL,19474,-1,65535,0,41954,0,0,0
15,follow,none,1.1340,NOMINAL,19475,-1,65535,0,44863,0,0,0
15,follow,none,1.1675,NOMINAL,19476,-1,65535,0,38017,0,0,0
15,follow,none,1.2010,NOMINAL,19477,-1,65535,0,25607,0,0,0
15,follow,none,1.2341,NOMINAL,19478,-1,65535,0,19099,0,0,0
15,follow,none,1.2676,NOMINAL,19479,-1,65535,0,38731,0,0,0
15,follow,none,1.3008,NOMINAL,19480,-1,65535,0,36682,0,0,0
15,follow,none,1.3342,NOMINAL,19481,-1,65535,0,40009,0,0,0
15,follow,none,1.3675,NOMINAL,19482,-1,65535,0,38090,0,0,0
15,follow,none,1.4008,NOMINAL,19483,-1,65535,0,19431,0,0,0
15,follow,none,1.4343,NOMINAL,19484,-1,65535,0,42558,0,0,0
15,follow,none,1.4676,NOMINAL,19485,-1,65535,0,57349,0,0,0
15,follow,none,1.5009,NOMINAL,19486,-1,65535,0,54982,0,0,0
15,follow,none,1.5342,NOMINAL,19487,-1,65535,0,38772,0,0,0
15,follow,none,1.5675,NOMINAL,19488,-1,65535,0,20548,0,0,0
15,follow,none,1.6009,NOMINAL,19489,-1,65535,0,40465,0,0,0
15,follow,none,1.6342,NOMINAL,19490,-1,65535,0,24557,0,0,0
15,follow,none,1.6672,NOMINAL,19491,-1,65535,0,37774,0,0,0
15,follow,none,1.7009,NOMINAL,19492,-1,65535,0,35398,0,0,0
15,follow,none,1.7343,NOMINAL,19493,-1,65535,0,40794,0,0,0
15,follow,none,1.7676,NOMINAL,19494,-1,65535,0,39140,0,0,0
15,follow,none,1.8009,NOMINAL,19495,-1,65535,0,22183,0,0,0
15,follow,none,1.8343,NOMINAL,19496,-1,65535,0,57966,0,0,0
15,follow,none,1.8676,NOMINAL,19497,-1,65535,0,19257,0,0,0
15,follow,none,1.9011,NOMINAL,19498,-1,65535,0,98648,0,0,0
15,follow,none,1.9342,NOMINAL,19499,-1,65535,0,49807,0,0,0
15,follow,none,1.9676,NOMINAL,19500,-1,65535,0,40148,0,0,0
15,follow,none,2.0008,NOMINAL,19501,-1,65535,0,37457,0,0,0
15,follow,none,2.0343,NOMINAL,19502,-1,65535,0,36915,0,0,0
15,follow,none,2.0676,NOMINAL,19503,-1,65535,0,39729,0,0,0
15,follow,none,2.1010,NOMINAL,19504,-1,65535,0,93998,0,0,0
15,follow,none,2.1342,NOMINAL,19505,-1,65535,0,42658,0,0,0
15,follow,none,2.1674,NOMINAL,19506,-1,65535,0,38879,0,0,0
15,follow,none,2.2008,NOMINAL,19507,-1,65535,0,38979,0,0,0
15,follow,none,2.2341,NOMINAL,19508,-1,65535,0,36371,0,0,0
15,follow,none,2.2675,NOMINAL,19509,-1,65535,0,44213,0,0,0
15,follow,none,2.3011,NOMINAL,19510,-1,65535,0,40322,0,0,0
15,follow,none,2.3344,NOMINAL,19511,-1,65535,0,40439,0,0,0
15,follow,none,2.3676,NOMINAL,19512,-1,65535,0,38930,0,0,0
15,follow,none,2.4009,NOMINAL,19513,-1,65535,0,36114,0,0,0
15,follow,none,2.4343,NOMINAL,19514,-1,65535,0,58037,0,0,0
15,follow,none,2.4675,NOMINAL,19515,-1,65535,0,39679,0,0,0
15,follow,none,2.5009,NOMINAL,19516,-1,65535,0,40353,0,0,0
15,follow,none,2.5340,NOMINAL,19517,-1,65535,0,36754,0,0,0
15,follow,none,2.5675,NOMINAL,19518,-1,65535,0,20463,0,0,0
15,follow,none,2.6008,NOMINAL,19519,-1,65535,0,20302,0,0,0
15,follow,none,2.6341,NOMINAL,19520,-1,65535,0,39679,0,0,0
15,follow,none,2.6676,NOMINAL,19521,-1,65535,0,60276,0,0,0
15,follow,none,2.7010,NOMINAL,19522,-1,65535,0,39080,0,0,0
15,follow,none,2.7342,NOMINAL,19523,-1,65535,0,37961,0,0,0
15,follow,none,2.7674,NOMINAL,19524,-1,65535,0,56786,0,0,0
15,follow,none,2.8009,NOMINAL,19525,-1,65535,0,54663,0,0,0
15,follow,none,2.8342,NOMINAL,19526,-1,65535,0,35920,0,0,0
15,follow,none,2.8675,NOMINAL,19527,-1,65535,0,39770,0,0,0
15,follow,none,2.9009,NOMINAL,19528,-1,65535,0,34828,0,0,0
15,follow,none,2.9343,NOMINAL,19529,-1,65535,0,37678,0,0,0
15,follow,none,2.9677,NOMINAL,19530,-1,65535,0,44439,0,0,0
15,follow,none,3.0746,FAILSAFE,19530,-1,65535,1,0,0,0,0
16,follow,none,-0.9990,FAILSAFE,19531,-1,65535,0,51849,0,0,0
16,follow,none,-0.9657,FAILSAFE,19532,-1,65535,0,45760,0,0,0
16,follow,none,-0.9457,FAILSAFE,19532,-1,65535,0,0,0,0,0
16,follow,none,-0.9325,FAILSAFE,19533,-1,65535,0,31138,0,0,0
16,follow,none,-0.8992,FAILSAFE,19534,-1,65535,0,11521,0,0,0
16,follow,none,-0.8659,FAILSAFE,19535,-1,65535,0,69547,0,0,0
16,follow,none,-0.8459,FAILSAFE,19535,-1,65535,0,0,0,0,0
16,follow,none,-0.8326,FAILSAFE,19536,-1,65535,0,29603,0,0,0
16,follow,none,-0.7992,FAILSAFE,19537,-1,65535,0,36622,0,0,0
16,follow,none,-0.7658,FAILSAFE,19538,-1,65535,0,33013,0,0,0
16,follow,none,-0.7459,FAILSAFE,19538,-1,65535,0,0,0,0,0
16,follow,none,-0.7326,FAILSAFE,19539,-1,65535,0,30547,0,0,0
16,follow,none,-0.6988,NOMINAL,19540,-1,65535,0,74354,0,0,0
16,follow,none,-0.6657,NOMINAL,19541,-1,65535,0,42435,0,0,0
16,follow,none,-0.6321,NOMINAL,19542,-1,65535,0,114046,0,0,0
16,follow,none,-0.5992,NOMINAL,19543,-1,65535,0,37444,0,0,0
16,follow,none,-0.5658,NOMINAL,19544,-1,65535,0,77170,0,0,0
16,follow,none,-0.5326,NOMINAL,19545,-1,65535,0,39153,0,0,0
16,follow,none,-0.4990,NOMINAL,19546,-1,65535,0,113860,0,0,0
16,follow,none,-0.4657,NOMINAL,19547,-1,65535,0,24758,0,0,0
16,follow,none,-0.4324,NOMINAL,19548,-1,65535,0,37121,0,0,0
16,follow,none,-0.3990,NOMINAL,19549,-1,65535,0,57452,0,0,0
16,follow,none,-0.3657,NOMINAL,19550,-1,65535,0,39837,0,0,0
16,follow,none,-0.3326,NOMINAL,19551,-1,65535,0,20887,0,0,0
16,follow,none,-0.2991,NOMINAL,19552,-1,65535,0,56812,0,0,0
16,follow,none,-0.2658,NOMINAL,19553,-1,65535,0,39934,0,0,0
16,follow,none,-0.2322,NOMINAL,19554,-1,65535,0,39570,0,0,0
16,follow,none,-0.1991,NOMINAL,19555,-1,65535,0,40805,0,0,0
16,follow,none,-0.1657,NOMINAL,19556,-1,65535,0,59646,0,0,0
16,follow,none,-0.1325,NOMINAL,19557,-1,65535,0,55561,0,0,0
16,follow,none,-0.0990,NOMINAL,19558,-1,65535,0,20295,0,0,0
16,follow,none,-0.0658,NOMINAL,19559,-1,65535,0,43264,0,0,0
16,follow,none,-0.0318,NOMINAL,19560,-1,65535,0,120590,0,0,0
16,follow,none,0.0012,NOMINAL,19561,-1,65535,0,45576,0,0,0
16,follow,none,0.0343,NOMINAL,19562,-1,65535,0,43021,0,0,0
16,follow,none,0.0676,NOMINAL,19563,-1,65535,0,30717,0,0,0
16,follow,none,0.1008,NOMINAL,19564,-1,65535,0,36870,0,0,0
16,follow,none,0.1341,NOMINAL,19565,-1,65535,0,37539,0,0,0
16,follow,none,0.1676,NOMINAL,19566,-1,65535,0,94460,0,0,0
16,follow,none,0.2007,NOMINAL,19567,-1,65535,0,60580,0,0,0
16,follow,none,0.2342,NOMINAL,19568,-1,65535,0,36696,0,0,0
16,follow,none,0.2676,NOMINAL,19569,-1,65535,0,56530,0,0,0
16,follow,none,0.3007,NOMINAL,19570,-1,65535,0,37813,0,0,0
16,follow,none,0.3342,NOMINAL,19571,-1,65535,0,104310,0,0,0
16,follow,none,0.3675,NOMINAL,19572,-1,65535,0,40737,0,0,0
16,follow,none,0.4009,NOMINAL,19573,-1,65535,0,39795,0,0,0
16,follow,none,0.4341,NOMINAL,19574,-1,65535,0,55821,0,0,0
16,follow,none,0.4676,NOMINAL,19575,-1,65535,0,39037,0,0,0
16,follow,none,0.5008,NOMINAL,19576,-1,65535,0,35072,0,0,0
16,follow,none,0.5342,NOMINAL,19577,-1,65535,0,51493,0,0,0
16,follow,none,0.5678,NOMINAL,19578,-1,65535,0,38952,0,0,0
16,follow,none,0.6009,NOMINAL,19579,-1,65535,0,53446,0,0,0
16,follow,none,0.6341,NOMINAL,19580,-1,65535,0,55022,0,0,0
16,follow,none,0.6675,NOMINAL,19581,-1,65535,0,39469,0,0,0
16,follow,none,0.7008,NOMINAL,19582,-1,65535,0,55054,0,0,0
16,follow,none,0.7340,NOMINAL,19583,-1,65535,0,37521,0,0,0
16,follow,none,0.7676,NOMINAL,19584,-1,65535,0,34941,0,0,0
16,follow,none,0.8009,NOMINAL,19585,-1,65535,0,56669,0,0,0
16,follow,none,0.8342,NOMINAL,19586,-1,65535,0,95996,0,0,0
16,follow,none,0.8676,NOMINAL,19587,-1,65535,0,24332,0,0,0
16,follow,none,0.9008,NOMINAL,19588,-1,65535,0,36464,0,0,0
16,follow,none,0.9341,NOMINAL,19589,-1,65535,0,19279,0,0,0
16,follow,none,0.9676,NOMINAL,19590,-1,65535,0,20571,0,0,0
16,follow,none,1.0009,NOMINAL,19591,-1,65535,0,36529,0,0,0
16,follow,none,1.0342,NOMINAL,19592,-1,65535,0,67090,0,0,0
16,follow,none,1.0676,NOMINAL,19593,-1,65535,0,39186,0,0,0
16,follow,none,1.1007,NOMINAL,19594,-1,65535,0,38161,0,0,0
16,follow,none,1.1343,NOMINAL,19595,-1,65535,0,41404,0,0,0
16,follow,none,1.1676,NOMINAL,19596,-1,65535,0,37478,0,0,0
16,follow,none,1.2009,NOMINAL,19597,-1,65535,0,39004,0,0,0
16,follow,none,1.2342,NOMINAL,19598,-1,65535,0,37504,0,0,0
16,follow,none,1.2673,NOMINAL,19599,-1,65535,0,37853,0,0,0
16,follow,none,1.3010,NOMINAL,19600,-1,65535,0,41060,0,0,0
16,follow,none,1.3341,NOMINAL,19601,-1,65535,0,36338,0,0,0
16,follow,none,1.3675,NOMINAL,19602,-1,65535,0,19895,0,0,0
16,follow,none,1.4008,NOMINAL,19603,-1,65535,0,55830,0,0,0
16,follow,none,1.4343,NOMINAL,19604,-1,65535,0,38637,0,0,0
16,follow,none,1.4676,NOMINAL,19605,-1,65535,0,57855,0,0,0
16,follow,none,1.5008,NOMINAL,19606,-1,65535,0,40345,0,0,0
16,follow,none,1.5343,NOMINAL,19607,-1,65535,0,57315,0,0,0
16,follow,none,1.5675,NOMINAL,19608,-1,65535,0,38077,0,0,0
16,follow,none,1.6010,NOMINAL,19609,-1,65535,0,38470,0,0,0
16,follow,none,1.6342,NOMINAL,19610,-1,65535,0,57405,0,0,0
16,follow,none,1.6674,NOMINAL,19611,-1,65535,0,38194,0,0,0
16,follow,none,1.7009,NOMINAL,19612,-1,65535,0,100767,0,0,0
16,follow,none,1.7342,NOMINAL,19613,-1,65535,0,37418,0,0,0
16,follow,none,1.7676,NOMINAL,19614,-1,65535,0,58129,0,0,0
16,follow,none,1.8007,NOMINAL,19615,-1,65535,0,21193,0,0,0
16,follow,none,1.8341,NOMINAL,19616,-1,65535,0,55547,0,0,0
16,follow,none,1.8676,NOMINAL,19617,-1,65535,0,61145,0,0,0
16,follow,none,1.9008,NOMINAL,19618,-1,65535,0,37530,0,0,0
16,follow,none,1.9343,NOMINAL,19619,-1,65535,0,96683,0,0,0
16,follow,none,1.9675,NOMINAL,19620,-1,65535,0,38145,0,0,0
16,follow,none,2.0009,NOMINAL,19621,-1,65535,0,31798,0,0,0
16,follow,none,2.0342,NOMINAL,19622,-1,65535,0,35753,0,0,0
16,follow,none,2.0674,NOMINAL,19623,-1,65535,0,41511,0,0,0
16,follow,none,2.1009,NOMINAL,19624,-1,65535,0,40253,0,0,0
16,follow,none,2.1342,NOMINAL,19625,-1,65535,0,53988,0,0,0
16,follow,none,2.1677,NOMINAL,19626,-1,65535,0,58093,0,0,0
16,follow,none,2.2010,NOMINAL,19627,-1,65535,0,99312,0,0,0
16,follow,none,2.2341,NOMINAL,19628,-1,65535,0,38649,0,0,0
16,follow,none,2.2675,NOMINAL,19629,-1,65535,0,28065,0,0,0
16,follow,none,2.3009,NOMINAL,19630,-1,65535,0,41971,0,0,0
16,follow,none,2.3340,NOMINAL,19631,-1,65535,0,41279,0,0,0
16,follow,none,2.3675,NOMINAL,19632,-1,65535,0,44762,0,0,0
16,follow,none,2.4009,NOMINAL,19633,-1,65535,0,57405,0,0,0
16,follow,none,2.4342,NOMINAL,19634,-1,65535,0,19539,0,0,0
16,follow,none,2.4675,NOMINAL,19635,-1,65535,0,37778,0,0,0
16,follow,none,2.5009,NOMINAL,19636,-1,65535,0,35196,0,0,0
16,follow,none,2.5342,NOMINAL,19637,-1,65535,0,52631,0,0,0
16,follow,none,2.5675,NOMINAL,19638,-1,65535,0,43412,0,0,0
16,follow,none,2.6008,NOMINAL,19639,-1,65535,0,20769,0,0,0
16,follow,none,2.6342,NOMINAL,19640,-1,65535,0,20070,0,0,0
16,follow,none,2.6675,NOMINAL,19641,-1,65535,0,42331,0,0,0
16,follow,none,2.7009,NOMINAL,19642,-1,65535,0,54303,0,0,0
16,follow,none,2.7342,NOMINAL,19643,-1,65535,0,35045,0,0,0
16,follow,none,2.7675,NOMINAL,19644,-1,65535,0,26515,0,0,0
16,follow,none,2.8009,NOMINAL,19645,-1,65535,0,39645,0,0,0
16,follow,none,2.8342,NOMINAL,19646,-1,65535,0,112212,0,0,0
16,follow,none,2.8674,NOMINAL,19647,-1,65535,0,43364,0,0,0
16,follow,none,2.9009,NOMINAL,19648,-1,65535,0,40613,0,0,0
16,follow,none,2.9341,NOMINAL,19649,-1,65535,0,38895,0,0,0
16,follow,none,2.9676,NOMINAL,19650,-1,65535,0,45272,0,0,0
16,follow,none,3.0748,FAILSAFE,19650,-1,65535,1,0,0,0,0
17,follow,none,-0.9992,FAILSAFE,19651,-1,65535,0,38885,0,0,0
17,follow,none,-0.9658,FAILSAFE,19652,-1,65535,0,92831,0,0,0
17,follow,none,-0.9457,FAILSAFE,19652,-1,65535,0,0,0,0,0
17,follow,none,-0.9323,FAILSAFE,19653,-1,65535,0,87192,0,0,0
17,follow,none,-0.8991,FAILSAFE,19654,-1,65535,0,13355,0,0,0
17,follow,none,-0.8659,FAILSAFE,19655,-1,65535,0,32680,0,0,0
17,follow,none,-0.8459,FAILSAFE,19655,-1,65535,0,0,0,0,0
17,follow,none,-0.8326,FAILSAFE,19656,-1,65535,0,31530,0,0,0
17,follow,none,-0.7992,FAILSAFE,19657,-1,65535,0,32006,0,0,0
17,follow,none,-0.7659,FAILSAFE,19658,-1,65535,0,34729,0,0,0
17,follow,none,-0.7457,FAILSAFE,19658,-1,65535,0,0,0,0,0
17,follow,none,-0.7327,FAILSAFE,19659,-1,65535,0,33495,0,0,0
17,follow,none,-0.6987,NOMINAL,19660,-1,65535,0,99305,0,0,0
17,follow,none,-0.6657,NOMINAL,19661,-1,65535,0,60817,0,0,0
17,follow,none,-0.6324,NOMINAL,19662,-1,65535,0,59294,0,0,0
17,follow,none,-0.5993,NOMINAL,19663,-1,65535,0,20362,0,0,0
17,follow,none,-0.5659,NOMINAL,19664,-1,65535,0,38936,0,0,0
17,follow,none,-0.5326,NOMINAL,19665,-1,65535,0,57605,0,0,0
17,follow,none,-0.4992,NOMINAL,19666,-1,65535,0,36913,0,0,0
17,follow,none,-0.4657,NOMINAL,19667,-1,65535,0,48764,0,0,0
17,follow,none,-0.4325,NOMINAL,19668,-1,65535,0,39462,0,0,0
17,follow,none,-0.3992,NOMINAL,19669,-1,65535,0,35770,0,0,0
17,follow,none,-0.3658,NOMINAL,19670,-1,65535,0,39012,0,0,0
17,follow,none,-0.3323,NOMINAL,19671,-1,65535,0,73860,0,0,0
17,follow,none,-0.2991,NOMINAL,19672,-1,65535,0,41730,0,0,0
17,follow,none,-0.2660,NOMINAL,19673,-1,65535,0,40761,0,0,0
17,follow,none,-0.2326,NOMINAL,19674,-1,65535,0,38920,0,0,0
17,follow,none,-0.1993,NOMINAL,19675,-1,65535,0,38012,0,0,0
17,follow,none,-0.1658,NOMINAL,19676,-1,65535,0,42763,0,0,0
17,follow,none,-0.1325,NOMINAL,19677,-1,65535,0,53537,0,0,0
17,follow,none,-0.0992,NOMINAL,19678,-1,65535,0,36062,0,0,0
17,follow,none,-0.0659,NOMINAL,19679,-1,65535,0,41386,0,0,0
17,follow,none,-0.0320,NOMINAL,19680,-1,65535,0,113020,0,0,0
17,follow,none,0.0012,NOMINAL,19681,-1,65535,0,49168,0,0,0
17,follow,none,0.0341,NOMINAL,19682,-1,65535,0,36525,0,0,0
17,follow,none,0.0677,NOMINAL,19683,-1,65535,0,58557,0,0,0
17,follow,none,0.1009,NOMINAL,19684,-1,65535,0,38148,0,0,0
17,follow,none,0.1342,NOMINAL,19685,-1,65535,0,41113,0,0,0
17,follow,none,0.1675,NOMINAL,19686,-1,65535,0,42712,0,0,0
17,follow,none,0.2009,NOMINAL,19687,-1,65535,0,53381,0,0,0
17,follow,none,0.2342,NOMINAL,19688,-1,65535,0,21837,0,0,0
17,follow,none,0.2674,NOMINAL,19689,-1,65535,0,38496,0,0,0
17,follow,none,0.3008,NOMINAL,19690,-1,65535,0,38411,0,0,0
17,follow,none,0.3341,NOMINAL,19691,-1,65535,0,36503,0,0,0
17,follow,none,0.3676,NOMINAL,19692,-1,65535,0,26502,0,0,0
17,follow,none,0.4009,NOMINAL,19693,-1,65535,0,41362,0,0,0
17,follow,none,0.4341,NOMINAL,19694,-1,65535,0,39124,0,0,0
17,follow,none,0.4677,NOMINAL,19695,-1,65535,0,84046,0,0,0
17,follow,none,0.5010,NOMINAL,19696,-1,65535,0,39363,0,0,0
17,follow,none,0.5342,NOMINAL,19697,-1,65535,0,41162,0,0,0
17,follow,none,0.5675,NOMINAL,19698,-1,65535,0,45430,0,0,0
17,follow,none,0.6009,NOMINAL,19699,-1,65535,0,40030,0,0,0
17,follow,none,0.6342,NOMINAL,19700,-1,65535,0,57720,0,0,0
17,follow,none,0.6675,NOMINAL,19701,-1,65535,0,26910,0,0,0
17,follow,none,0.7008,NOMINAL,19702,-1,65535,0,54822,0,0,0
17,follow,none,0.7341,NOMINAL,19703,-1,65535,0,34987,0,0,0
17,follow,none,0.7674,NOMINAL,19704,-1,65535,0,42635,0,0,0
17,follow,none,0.8007,NOMINAL,19705,-1,65535,0,21011,0,0,0
17,follow,none,0.8342,NOMINAL,19706,-1,65535,0,38798,0,0,0
17,follow,none,0.8675,NOMINAL,19707,-1,65535,0,43879,0,0,0
17,follow,none,0.9010,NOMINAL,19708,-1,65535,0,39138,0,0,0
17,follow,none,0.9343,NOMINAL,19709,-1,65535,0,35506,0,0,0
17,follow,none,0.9675,NOMINAL,19710,-1,65535,0,44980,0,0,0
17,follow,none,1.0008,NOMINAL,19711,-1,65535,0,19986,0,0,0
17,follow,none,1.0340,NOMINAL,19712,-1,65535,0,21479,0,0,0
17,follow,none,1.0674,NOMINAL,19713,-1,65535,0,24405,0,0,0
17,follow,none,1.1008,NOMINAL,19714,-1,65535,0,36563,0,0,0
17,follow,none,1.1342,NOMINAL,19715,-1,65535,0,58619,0,0,0
17,follow,none,1.1674,NOMINAL,19716,-1,65535,0,25404,0,0,0
17,follow,none,1.2010,NOMINAL,19717,-1,65535,0,20354,0,0,0
17,follow,none,1.2342,NOMINAL,19718,-1,65535,0,39680,0,0,0
17,follow,none,1.2677,NOMINAL,19719,-1,65535,0,43066,0,0,0
17,follow,none,1.3009,NOMINAL,19720,-1,65535,0,56645,0,0,0
17,follow,none,1.3341,NOMINAL,19721,-1,65535,0,21627,0,0,0
17,follow,none,1.3675,NOMINAL,19722,-1,65535,0,42383,0,0,0
17,follow,none,1.4007,NOMINAL,19723,-1,65535,0,42307,0,0,0
17,follow,none,1.4343,NOMINAL,19724,-1,65535,0,20237,0,0,0
17,follow,none,1.4675,NOMINAL,19725,-1,65535,0,42456,0,0,0
17,follow,none,1.5009,NOMINAL,19726,-1,65535,0,19622,0,0,0
17,follow,none,1.5341,NOMINAL,19727,-1,65535,0,39140,0,0,0
17,follow,none,1.5675,NOMINAL,19728,-1,65535,0,38307,0,0,0
17,follow,none,1.6009,NOMINAL,19729,-1,65535,0,58963,0,0,0
17,follow,none,1.6342,NOMINAL,19730,-1,65535,0,78302,0,0,0
17,follow,none,1.6677,NOMINAL,19731,-1,65535,0,95327,0,0,0
17,follow,none,1.7009,NOMINAL,19732,-1,65535,0,47599,0,0,0
17,follow,none,1.7341,NOMINAL,19733,-1,65535,0,38068,0,0,0
17,follow,none,1.7676,NOMINAL,19734,-1,65535,0,43043,0,0,0
17,follow,none,1.8007,NOMINAL,19735,-1,65535,0,53363,0,0,0
17,follow,none,1.8341,NOMINAL,19736,-1,65535,0,50622,0,0,0
17,follow,none,1.8675,NOMINAL,19737,-1,65535,0,24060,0,0,0
17,follow,none,1.9009,NOMINAL,19738,-1,65535,0,36555,0,0,0
17,follow,none,1.9341,NOMINAL,19739,-1,65535,0,55863,0,0,0
17,follow,none,1.9675,NOMINAL,19740,-1,65535,0,44349,0,0,0
17,follow,none,2.0008,NOMINAL,19741,-1,65535,0,53905,0,0,0
17,follow,none,2.0342,NOMINAL,19742,-1,65535,0,37971,0,0,0
17,follow,none,2.0675,NOMINAL,19743,-1,65535,0,52130,0,0,0
17,follow,none,2.1008,NOMINAL,19744,-1,65535,0,38816,0,0,0
17,follow,none,2.1341,NOMINAL,19745,-1,65535,0,69915,0,0,0
17,follow,none,2.1675,NOMINAL,19746,-1,65535,0,24143,0,0,0
17,follow,none,2.2009,NOMINAL,19747,-1,65535,0,115263,0,0,0
17,follow,none,2.2342,NOMINAL,19748,-1,65535,0,38009,0,0,0
17,follow,none,2.2674,NOMINAL,19749,-1,65535,0,61944,0,0,0
17,follow,none,2.3008,NOMINAL,19750,-1,65535,0,23972,0,0,0
17,follow,none,2.3341,NOMINAL,19751,-1,65535,0,48624,0,0,0
17,follow,none,2.3674,NOMINAL,19752,-1,65535,0,25723,0,0,0
17,follow,none,2.4010,NOMINAL,19753,-1,65535,0,50703,0,0,0
17,follow,none,2.4342,NOMINAL,19754,-1,65535,0,19305,0,0,0
17,follow,none,2.4676,NOMINAL,19755,-1,65535,0,43396,0,0,0
17,follow,none,2.5010,NOMINAL,19756,-1,65535,0,55345,0,0,0
17,follow,none,2.5342,NOMINAL,19757,-1,65535,0,36519,0,0,0
17,follow,none,2.5675,NOMINAL,19758,-1,65535,0,61137,0,0,0
17,follow,none,2.6007,NOMINAL,19759,-1,65535,0,53365,0,0,0
17,follow,none,2.6341,NOMINAL,19760,-1,65535,0,70387,0,0,0
17,follow,none,2.6676,NOMINAL,19761,-1,65535,0,46033,0,0,0
17,follow,none,2.7009,NOMINAL,19762,-1,65535,0,53945,0,0,0
17,follow,none,2.7343,NOMINAL,19763,-1,65535,0,96492,0,0,0
17,follow,none,2.7676,NOMINAL,19764,-1,65535,0,29583,0,0,0
17,follow,none,2.8007,NOMINAL,19765,-1,65535,0,40064,0,0,0
17,follow,none,2.8341,NOMINAL,19766,-1,65535,0,52882,0,0,0
17,follow,none,2.8676,NOMINAL,19767,-1,65535,0,42840,0,0,0
17,follow,none,2.9008,NOMINAL,19768,-1,65535,0,39228,0,0,0
17,follow,none,2.9343,NOMINAL,19769,-1,65535,0,72445,0,0,0
17,follow,none,2.9675,NOMINAL,19770,-1,65535,0,45938,0,0,0
17,follow,none,3.0750,FAILSAFE,19770,-1,65535,1,0,0,0,0
18,follow,none,-0.9989,FAILSAFE,19771,-1,65535,0,93646,0,0,0
18,follow,none,-0.9658,FAILSAFE,19772,-1,65535,0,43862,0,0,0
18,follow,none,-0.9324,FAILSAFE,19773,-1,65535,0,51116,0,0,0
18,follow,none,-0.9123,FAILSAFE,19773,-1,65535,0,0,0,0,0
18,follow,none,-0.8991,FAILSAFE,19774,-1,65535,0,33105,0,0,0
18,follow,none,-0.8659,FAILSAFE,19775,-1,65535,0,48962,0,0,0
18,follow,none,-0.8325,FAILSAFE,19776,-1,65535,0,76667,0,0,0
18,follow,none,-0.8124,FAILSAFE,19776,-1,65535,0,0,0,0,0
18,follow,none,-0.7992,FAILSAFE,19777,-1,65535,0,66016,0,0,0
18,follow,none,-0.7658,FAILSAFE,19778,-1,65535,0,29729,0,0,0
18,follow,none,-0.7327,FAILSAFE,19779,-1,65535,0,33693,0,0,0
18,follow,none,-0.7125,FAILSAFE,19779,-1,65535,0,0,0,0,0
18,follow,none,-0.6990,NOMINAL,19780,-1,65535,0,85992,0,0,0
18,follow,none,-0.6657,NOMINAL,19781,-1,65535,0,73896,0,0,0
18,follow,none,-0.6325,NOMINAL,19782,-1,65535,0,37896,0,0,0
18,follow,none,-0.5993,NOMINAL,19783,-1,65535,0,54512,0,0,0
18,follow,none,-0.5659,NOMINAL,19784,-1,65535,0,34404,0,0,0
18,follow,none,-0.5325,NOMINAL,19785,-1,65535,0,22974,0,0,0
18,follow,none,-0.4991,NOMINAL,19786,-1,65535,0,55280,0,0,0
18,follow,none,-0.4659,NOMINAL,19787,-1,65535,0,56337,0,0,0
18,follow,none,-0.4323,NOMINAL,19788,-1,65535,0,132045,0,0,0
18,follow,none,-0.3992,NOMINAL,19789,-1,65535,0,54546,0,0,0
18,follow,none,-0.3658,NOMINAL,19790,-1,65535,0,53638,0,0,0
18,follow,none,-0.3326,NOMINAL,19791,-1,65535,0,42069,0,0,0
18,follow,none,-0.2991,NOMINAL,19792,-1,65535,0,55885,0,0,0
18,follow,none,-0.2658,NOMINAL,19793,-1,65535,0,55369,0,0,0
18,follow,none,-0.2325,NOMINAL,19794,-1,65535,0,41090,0,0,0
18,follow,none,-0.1992,NOMINAL,19795,-1,65535,0,53871,0,0,0
18,follow,none,-0.1659,NOMINAL,19796,-1,65535,0,34228,0,0,0
18,follow,none,-0.1326,NOMINAL,19797,-1,65535,0,53895,0,0,0
18,follow,none,-0.0993,NOMINAL,19798,-1,65535,0,53099,0,0,0
18,follow,none,-0.0660,NOMINAL,19799,-1,65535,0,44465,0,0,0
18,follow,none,-0.0320,NOMINAL,19800,-1,65535,0,35702,0,0,0
18,follow,none,0.0012,NOMINAL,19801,-1,65535,0,44895,0,0,0
18,follow,none,0.0342,NOMINAL,19802,-1,65535,0,40210,0,0,0
18,follow,none,0.0676,NOMINAL,19803,-1,65535,0,46994,0,0,0
18,follow,none,0.1009,NOMINAL,19804,-1,65535,0,37982,0,0,0
18,follow,none,0.1342,NOMINAL,19805,-1,65535,0,38815,0,0,0
18,follow,none,0.1675,NOMINAL,19806,-1,65535,0,44338,0,0,0
18,follow,none,0.2009,NOMINAL,19807,-1,65535,0,36687,0,0,0
18,follow,none,0.2341,NOMINAL,19808,-1,65535,0,21132,0,0,0
18,follow,none,0.2677,NOMINAL,19809,-1,65535,0,97459,0,0,0
18,follow,none,0.3007,NOMINAL,19810,-1,65535,0,42197,0,0,0
18,follow,none,0.3343,NOMINAL,19811,-1,65535,0,41454,0,0,0
18,follow,none,0.3675,NOMINAL,19812,-1,65535,0,42891,0,0,0
18,follow,none,0.4010,NOMINAL,19813,-1,65535,0,57790,0,0,0
18,follow,none,0.4343,NOMINAL,19814,-1,65535,0,113564,0,0,0
18,follow,none,0.4675,NOMINAL,19815,-1,65535,0,43322,0,0,0
18,follow,none,0.5008,NOMINAL,19816,-1,65535,0,38595,0,0,0
18,follow,none,0.5342,NOMINAL,19817,-1,65535,0,38105,0,0,0
18,follow,none,0.5675,NOMINAL,19818,-1,65535,0,42218,0,0,0
18,follow,none,0.6009,NOMINAL,19819,-1,65535,0,41229,0,0,0
18,follow,none,0.6341,NOMINAL,19820,-1,65535,0,22110,0,0,0
18,follow,none,0.6674,NOMINAL,19821,-1,65535,0,25445,0,0,0
18,follow,none,0.7008,NOMINAL,19822,-1,65535,0,40570,0,0,0
18,follow,none,0.7342,NOMINAL,19823,-1,65535,0,57815,0,0,0
18,follow,none,0.7676,NOMINAL,19824,-1,65535,0,42776,0,0,0
18,follow,none,0.8009,NOMINAL,19825,-1,65535,0,22629,0,0,0
18,follow,none,0.8342,NOMINAL,19826,-1,65535,0,36805,0,0,0
18,follow,none,0.8676,NOMINAL,19827,-1,65535,0,41872,0,0,0
18,follow,none,0.9008,NOMINAL,19828,-1,65535,0,37095,0,0,0
18,follow,none,0.9341,NOMINAL,19829,-1,65535,0,38762,0,0,0
18,follow,none,0.9675,NOMINAL,19830,-1,65535,0,26614,0,0,0
18,follow,none,1.0007,NOMINAL,19831,-1,65535,0,39537,0,0,0
18,follow,none,1.0341,NOMINAL,19832,-1,65535,0,38137,0,0,0
18,follow,none,1.0675,NOMINAL,19833,-1,65535,0,28966,0,0,0
18,follow,none,1.1009,NOMINAL,19834,-1,65535,0,59437,0,0,0
18,follow,none,1.1341,NOMINAL,19835,-1,65535,0,55495,0,0,0
18,follow,none,1.1676,NOMINAL,19836,-1,65535,0,56211,0,0,0
18,follow,none,1.2008,NOMINAL,19837,-1,65535,0,96616,0,0,0
18,follow,none,1.2343,NOMINAL,19838,-1,65535,0,54853,0,0,0
18,follow,none,1.2675,NOMINAL,19839,-1,65535,0,43872,0,0,0
18,follow,none,1.3008,NOMINAL,19840,-1,65535,0,22930,0,0,0
18,follow,none,1.3341,NOMINAL,19841,-1,65535,0,38487,0,0,0
18,follow,none,1.3676,NOMINAL,19842,-1,65535,0,45047,0,0,0
18,follow,none,1.4008,NOMINAL,19843,-1,65535,0,38166,0,0,0
18,follow,none,1.4341,NOMINAL,19844,-1,65535,0,55998,0,0,0
18,follow,none,1.4674,NOMINAL,19845,-1,65535,0,63563,0,0,0
18,follow,none,1.5010,NOMINAL,19846,-1,65535,0,96361,0,0,0
18,follow,none,1.5341,NOMINAL,19847,-1,65535,0,43410,0,0,0
18,follow,none,1.5676,NOMINAL,19848,-1,65535,0,42784,0,0,0
18,follow,none,1.6008,NOMINAL,19849,-1,65535,0,37985,0,0,0
18,follow,none,1.6343,NOMINAL,19850,-1,65535,0,54493,0,0,0
18,follow,none,1.6675,NOMINAL,19851,-1,65535,0,24695,0,0,0
18,follow,none,1.7008,NOMINAL,19852,-1,65535,0,38628,0,0,0
18,follow,none,1.7343,NOMINAL,19853,-1,65535,0,40585,0,0,0
18,follow,none,1.7675,NOMINAL,19854,-1,65535,0,20873,0,0,0
18,follow,none,1.8008,NOMINAL,19855,-1,65535,0,42194,0,0,0
18,follow,none,1.8340,NOMINAL,19856,-1,65535,0,36329,0,0,0
18,follow,none,1.8675,NOMINAL,19857,-1,65535,0,41386,0,0,0
18,follow,none,1.9008,NOMINAL,19858,-1,65535,0,39128,0,0,0
18,follow,none,1.9342,NOMINAL,19859,-1,65535,0,37629,0,0,0
18,follow,none,1.9675,NOMINAL,19860,-1,65535,0,20176,0,0,0
18,follow,none,2.0008,NOMINAL,19861,-1,65535,0,21795,0,0,0
18,follow,none,2.0343,NOMINAL,19862,-1,65535,0,96888,0,0,0
18,follow,none,2.0673,NOMINAL,19863,-1,65535,0,42849,0,0,0
18,follow,none,2.1008,NOMINAL,19864,-1,65535,0,40270,0,0,0
18,follow,none,2.1342,NOMINAL,19865,-1,65535,0,34579,0,0,0
18,follow,none,2.1675,NOMINAL,19866,-1,65535,0,37211,0,0,0
18,follow,none,2.2008,NOMINAL,19867,-1,65535,0,36014,0,0,0
18,follow,none,2.2342,NOMINAL,19868,-1,65535,0,38659,0,0,0
18,follow,none,2.2675,NOMINAL,19869,-1,65535,0,41983,0,0,0
18,follow,none,2.3007,NOMINAL,19870,-1,65535,0,23407,0,0,0
18,follow,none,2.3342,NOMINAL,19871,-1,65535,0,57177,0,0,0
18,follow,none,2.3677,NOMINAL,19872,-1,65535,0,42311,0,0,0
18,follow,none,2.4008,NOMINAL,19873,-1,65535,0,38214,0,0,0
18,follow,none,2.4341,NOMINAL,19874,-1,65535,0,19537,0,0,0
18,follow,none,2.4677,NOMINAL,19875,-1,65535,0,62889,0,0,0
18,follow,none,2.5008,NOMINAL,19876,-1,65535,0,38554,0,0,0
18,follow,none,2.5341,NOMINAL,19877,-1,65535,0,19330,0,0,0
18,follow,none,2.5675,NOMINAL,19878,-1,65535,0,41901,0,0,0
18,follow,none,2.6006,NOMINAL,19879,-1,65535,0,56719,0,0,0
18,follow,none,2.6340,NOMINAL,19880,-1,65535,0,39603,0,0,0
18,follow,none,2.6676,NOMINAL,19881,-1,65535,0,42636,0,0,0
18,follow,none,2.7008,NOMINAL,19882,-1,65535,0,40046,0,0,0
18,follow,none,2.7342,NOMINAL,19883,-1,65535,0,57493,0,0,0
18,follow,none,2.7676,NOMINAL,19884,-1,65535,0,43604,0,0,0
18,follow,none,2.8008,NOMINAL,19885,-1,65535,0,41385,0,0,0
18,follow,none,2.8342,NOMINAL,19886,-1,65535,0,40029,0,0,0
18,follow,none,2.8677,NOMINAL,19887,-1,65535,0,25184,0,0,0
18,follow,none,2.9008,NOMINAL,19888,-1,65535,0,39145,0,0,0
18,follow,none,2.9341,NOMINAL,19889,-1,65535,0,40822,0,0,0
18,follow,none,2.9678,NOMINAL,19890,-1,65535,0,41294,0,0,0
18,follow,none,3.0754,FAILSAFE,19890,-1,65535,1,0,0,0,0
19,follow,none,-0.9992,FAILSAFE,19891,-1,65535,0,38769,0,0,0
19,follow,none,-0.9658,FAILSAFE,19892,-1,65535,0,30788,0,0,0
19,follow,none,-0.9326,FAILSAFE,19893,-1,65535,0,49860,0,0,0
19,follow,none,-0.9127,FAILSAFE,19893,-1,65535,0,0,0,0,0
19,follow,none,-0.8994,FAILSAFE,19894,-1,65535,0,32521,0,0,0
19,follow,none,-0.8659,FAILSAFE,19895,-1,65535,0,29713,0,0,0
19,follow,none,-0.8326,FAILSAFE,19896,-1,65535,0,33618,0,0,0
19,follow,none,-0.8126,FAILSAFE,19896,-1,65535,0,0,0,0,0
19,follow,none,-0.7992,FAILSAFE,19897,-1,65535,0,36747,0,0,0
19,follow,none,-0.7659,FAILSAFE,19898,-1,65535,0,14118,0,0,0
19,follow,none,-0.7325,FAILSAFE,19899,-1,65535,0,39865,0,0,0
19,follow,none,-0.7125,FAILSAFE,19899,-1,65535,0,0,0,0,0
19,follow,none,-0.6989,NOMINAL,19900,-1,65535,0,74318,0,0,0
19,follow,none,-0.6657,NOMINAL,19901,-1,65535,0,60744,0,0,0
19,follow,none,-0.6324,NOMINAL,19902,-1,65535,0,58662,0,0,0
19,follow,none,-0.5991,NOMINAL,19903,-1,65535,0,97688,0,0,0
19,follow,none,-0.5657,NOMINAL,19904,-1,65535,0,37012,0,0,0
19,follow,none,-0.5324,NOMINAL,19905,-1,65535,0,23887,0,0,0
19,follow,none,-0.4992,NOMINAL,19906,-1,65535,0,37719,0,0,0
19,follow,none,-0.4660,NOMINAL,19907,-1,65535,0,35886,0,0,0
19,follow,none,-0.4324,NOMINAL,19908,-1,65535,0,58848,0,0,0
19,follow,none,-0.3991,NOMINAL,19909,-1,65535,0,43287,0,0,0
19,follow,none,-0.3656,NOMINAL,19910,-1,65535,0,82800,0,0,0
19,follow,none,-0.3324,NOMINAL,19911,-1,65535,0,45357,0,0,0
19,follow,none,-0.2990,NOMINAL,19912,-1,65535,0,96512,0,0,0
19,follow,none,-0.2658,NOMINAL,19913,-1,65535,0,19578,0,0,0
19,follow,none,-0.2326,NOMINAL,19914,-1,65535,0,21910,0,0,0
19,follow,none,-0.1990,NOMINAL,19915,-1,65535,0,111183,0,0,0
19,follow,none,-0.1659,NOMINAL,19916,-1,65535,0,39096,0,0,0
19,follow,none,-0.1325,NOMINAL,19917,-1,65535,0,30831,0,0,0
19,follow,none,-0.0991,NOMINAL,19918,-1,65535,0,60669,0,0,0
19,follow,none,-0.0660,NOMINAL,19919,-1,65535,0,38903,0,0,0
19,follow,none,-0.0320,NOMINAL,19920,-1,65535,0,79587,0,0,0
19,follow,none,0.0014,NOMINAL,19921,-1,65535,0,40318,0,0,0
19,follow,none,0.0346,NOMINAL,19922,-1,65535,0,40412,0,0,0
19,follow,none,0.0674,NOMINAL,19923,-1,65535,0,43902,0,0,0
19,follow,none,0.1007,NOMINAL,19924,-1,65535,0,37885,0,0,0
19,follow,none,0.1342,NOMINAL,19925,-1,65535,0,55164,0,0,0
19,follow,none,0.1676,NOMINAL,19926,-1,65535,0,23911,0,0,0
19,follow,none,0.2007,NOMINAL,19927,-1,65535,0,38335,0,0,0
19,follow,none,0.2342,NOMINAL,19928,-1,65535,0,38423,0,0,0
19,follow,none,0.2675,NOMINAL,19929,-1,65535,0,41644,0,0,0
19,follow,none,0.3008,NOMINAL,19930,-1,65535,0,37592,0,0,0
19,follow,none,0.3342,NOMINAL,19931,-1,65535,0,40511,0,0,0
19,follow,none,0.3674,NOMINAL,19932,-1,65535,0,43657,0,0,0
19,follow,none,0.4008,NOMINAL,19933,-1,65535,0,39569,0,0,0
19,follow,none,0.4343,NOMINAL,19934,-1,65535,0,40835,0,0,0
19,follow,none,0.4674,NOMINAL,19935,-1,65535,0,59440,0,0,0
19,follow,none,0.5010,NOMINAL,19936,-1,65535,0,111173,0,0,0
19,follow,none,0.5342,NOMINAL,19937,-1,65535,0,41269,0,0,0
19,follow,none,0.5675,NOMINAL,19938,-1,65535,0,40527,0,0,0
19,follow,none,0.6006,NOMINAL,19939,-1,65535,0,19032,0,0,0
19,follow,none,0.6342,NOMINAL,19940,-1,65535,0,18264,0,0,0
19,follow,none,0.6676,NOMINAL,19941,-1,65535,0,42286,0,0,0
19,follow,none,0.7009,NOMINAL,19942,-1,65535,0,101471,0,0,0
19,follow,none,0.7342,NOMINAL,19943,-1,65535,0,26169,0,0,0
19,follow,none,0.7674,NOMINAL,19944,-1,65535,0,39689,0,0,0
19,follow,none,0.8009,NOMINAL,19945,-1,65535,0,39228,0,0,0
19,follow,none,0.8341,NOMINAL,19946,-1,65535,0,19927,0,0,0
19,follow,none,0.8675,NOMINAL,19947,-1,65535,0,55264,0,0,0
19,follow,none,0.9009,NOMINAL,19948,-1,65535,0,42066,0,0,0
19,follow,none,0.9341,NOMINAL,19949,-1,65535,0,37095,0,0,0
19,follow,none,0.9676,NOMINAL,19950,-1,65535,0,63953,0,0,0
19,follow,none,1.0008,NOMINAL,19951,-1,65535,0,41078,0,0,0
19,follow,none,1.0344,NOMINAL,19952,-1,65535,0,39070,0,0,0
19,follow,none,1.0674,NOMINAL,19953,-1,65535,0,41856,0,0,0
19,follow,none,1.1010,NOMINAL,19954,-1,65535,0,40695,0,0,0
19,follow,none,1.1341,NOMINAL,19955,-1,65535,0,37013,0,0,0
19,follow,none,1.1674,NOMINAL,19956,-1,65535,0,27087,0,0,0
19,follow,none,1.2008,NOMINAL,19957,-1,65535,0,23345,0,0,0
19,follow,none,1.2342,NOMINAL,19958,-1,65535,0,37211,0,0,0
19,follow,none,1.2673,NOMINAL,19959,-1,65535,0,40328,0,0,0
19,follow,none,1.3009,NOMINAL,19960,-1,65535,0,39162,0,0,0
19,follow,none,1.3342,NOMINAL,19961,-1,65535,0,39678,0,0,0
19,follow,none,1.3674,NOMINAL,19962,-1,65535,0,42752,0,0,0
19,follow,none,1.4008,NOMINAL,19963,-1,65535,0,37587,0,0,0
19,follow,none,1.4345,NOMINAL,19964,-1,65535,0,98613,0,0,0
19,follow,none,1.4675,NOMINAL,19965,-1,65535,0,63239,0,0,0
19,follow,none,1.5008,NOMINAL,19966,-1,65535,0,26017,0,0,0
19,follow,none,1.5342,NOMINAL,19967,-1,65535,0,39228,0,0,0
19,follow,none,1.5675,NOMINAL,19968,-1,65535,0,99552,0,0,0
19,follow,none,1.6007,NOMINAL,19969,-1,65535,0,51997,0,0,0
19,follow,none,1.6340,NOMINAL,19970,-1,65535,0,38685,0,0,0
19,follow,none,1.6674,NOMINAL,19971,-1,65535,0,42932,0,0,0
19,follow,none,1.7007,NOMINAL,19972,-1,65535,0,38703,0,0,0
19,follow,none,1.7342,NOMINAL,19973,-1,65535,0,40389,0,0,0
19,follow,none,1.7676,NOMINAL,19974,-1,65535,0,62730,0,0,0
19,follow,none,1.8010,NOMINAL,19975,-1,65535,0,36737,0,0,0
19,follow,none,1.8341,NOMINAL,19976,-1,65535,0,39003,0,0,0
19,follow,none,1.8677,NOMINAL,19977,-1,65535,0,61866,0,0,0
19,follow,none,1.9009,NOMINAL,19978,-1,65535,0,96899,0,0,0
19,follow,none,1.9341,NOMINAL,19979,-1,65535,0,39847,0,0,0
19,follow,none,1.9677,NOMINAL,19980,-1,65535,0,35192,0,0,0
19,follow,none,2.0008,NOMINAL,19981,-1,65535,0,40103,0,0,0
19,follow,none,2.0341,NOMINAL,19982,-1,65535,0,55665,0,0,0
19,follow,none,2.0675,NOMINAL,19983,-1,65535,0,120989,0,0,0
19,follow,none,2.1009,NOMINAL,19984,-1,65535,0,23782,0,0,0
19,follow,none,2.1342,NOMINAL,19985,-1,65535,0,37813,0,0,0
19,follow,none,2.1675,NOMINAL,19986,-1,65535,0,16220,0,0,0
19,follow,none,2.2008,NOMINAL,19987,-1,65535,0,30541,0,0,0
19,follow,none,2.2343,NOMINAL,19988,-1,65535,0,57755,0,0,0
19,follow,none,2.2675,NOMINAL,19989,-1,65535,0,41949,0,0,0
19,follow,none,2.3008,NOMINAL,19990,-1,65535,0,37429,0,0,0
19,follow,none,2.3341,NOMINAL,19991,-1,65535,0,38845,0,0,0
19,follow,none,2.3675,NOMINAL,19992,-1,65535,0,43650,0,0,0
19,follow,none,2.4009,NOMINAL,19993,-1,65535,0,55069,0,0,0
19,follow,none,2.4342,NOMINAL,19994,-1,65535,0,20612,0,0,0
19,follow,none,2.4674,NOMINAL,19995,-1,65535,0,47581,0,0,0
19,follow,none,2.5009,NOMINAL,19996,-1,65535,0,55461,0,0,0
19,follow,none,2.5342,NOMINAL,19997,-1,65535,0,23403,0,0,0
19,follow,none,2.5674,NOMINAL,19998,-1,65535,0,38379,0,0,0
19,follow,none,2.6009,NOMINAL,19999,-1,65535,0,54061,0,0,0
19,follow,none,2.6341,NOMINAL,20000,-1,65535,0,38378,0,0,0
19,follow,none,2.6676,NOMINAL,20001,-1,65535,0,40322,0,0,0
19,follow,none,2.7007,NOMINAL,20002,-1,65535,0,37012,0,0,0
19,follow,none,2.7342,NOMINAL,20003,-1,65535,0,95403,0,0,0
19,follow,none,2.7674,NOMINAL,20004,-1,65535,0,46274,0,0,0
19,follow,none,2.8010,NOMINAL,20005,-1,65535,0,37301,0,0,0
19,follow,none,2.8342,NOMINAL,20006,-1,65535,0,21311,0,0,0
19,follow,none,2.8676,NOMINAL,20007,-1,65535,0,57948,0,0,0
19,follow,none,2.9008,NOMINAL,20008,-1,65535,0,38937,0,0,0
19,follow,none,2.9341,NOMINAL,20009,-1,65535,0,41896,0,0,0
19,follow,none,2.9675,NOMINAL,20010,-1,65535,0,62165,0,0,0
19,follow,none,3.0760,FAILSAFE,20010,-1,65535,1,0,0,0,0
