run,scenario,faults,t_s,state,seq_echo,ttc_ms,threat_id,fault_flags,decision_latency_ns,imu_ax_mg,imu_ay_mg,maneuver
0,follow,stop-at 2.00s,-0.9989,FAILSAFE,17611,-1,65535,32,68182,329,-239,3
0,follow,stop-at 2.00s,-0.9655,FAILSAFE,17612,-1,65535,32,106105,329,-238,3
0,follow,stop-at 2.00s,-0.9324,FAILSAFE,17613,-1,65535,32,33899,328,-239,3
0,follow,stop-at 2.00s,-0.9123,FAILSAFE,17613,-1,65535,32,0,329,-239,3
0,follow,stop-at 2.00s,-0.8992,FAILSAFE,17614,-1,65535,32,15083,329,-239,3
0,follow,stop-at 2.00s,-0.8657,FAILSAFE,17615,-1,65535,32,33942,329,-239,3
0,follow,stop-at 2.00s,-0.8323,FAILSAFE,17616,-1,65535,32,33574,329,-239,3
0,follow,stop-at 2.00s,-0.7991,FAILSAFE,17617,-1,65535,32,39897,329,-239,3
0,follow,stop-at 2.00s,-0.7790,FAILSAFE,17617,-1,65535,32,0,329,-239,3
0,follow,stop-at 2.00s,-0.7658,FAILSAFE,17618,-1,65535,32,36767,329,-239,3
0,follow,stop-at 2.00s,-0.7323,FAILSAFE,17619,-1,65535,32,36058,329,-239,3
0,follow,stop-at 2.00s,-0.6987,NOMINAL,17620,-1,65535,32,97831,329,-239,3
0,follow,stop-at 2.00s,-0.6657,NOMINAL,17621,-1,65535,32,56650,329,-239,3
0,follow,stop-at 2.00s,-0.6324,NOMINAL,17622,-1,65535,32,42731,329,-239,3
0,follow,stop-at 2.00s,-0.5990,NOMINAL,17623,-1,65535,32,43616,329,-239,3
0,follow,stop-at 2.00s,-0.5659,NOMINAL,17624,-1,65535,32,23587,329,-239,3
0,follow,stop-at 2.00s,-0.5324,NOMINAL,17625,-1,65535,32,58715,329,-239,3
0,follow,stop-at 2.00s,-0.4990,NOMINAL,17626,-1,65535,32,72699,329,-239,3
0,follow,stop-at 2.00s,-0.4656,NOMINAL,17627,-1,65535,32,87399,329,-239,3
0,follow,stop-at 2.00s,-0.4323,NOMINAL,17628,-1,65535,32,23305,329,-239,3
0,follow,stop-at 2.00s,-0.3991,NOMINAL,17629,-1,65535,32,61482,329,-239,3
0,follow,stop-at 2.00s,-0.3654,NOMINAL,17630,-1,65535,32,66950,329,-239,3
0,follow,stop-at 2.00s,-0.3321,NOMINAL,17631,-1,65535,32,40324,329,-239,3
0,follow,stop-at 2.00s,-0.2989,NOMINAL,17632,-1,65535,32,59174,329,-239,3
0,follow,stop-at 2.00s,-0.2657,NOMINAL,17633,-1,65535,32,72719,329,-238,3
0,follow,stop-at 2.00s,-0.2320,NOMINAL,17634,-1,65535,32,72530,329,-238,3
0,follow,stop-at 2.00s,-0.1990,NOMINAL,17635,-1,65535,32,66398,329,-238,3
0,follow,stop-at 2.00s,-0.1657,NOMINAL,17636,-1,65535,32,72608,329,-238,3
0,follow,stop-at 2.00s,-0.1324,NOMINAL,17637,-1,65535,32,59337,329,-238,3
0,follow,stop-at 2.00s,-0.0993,NOMINAL,17638,-1,65535,32,46452,329,-238,3
0,follow,stop-at 2.00s,-0.0657,NOMINAL,17639,-1,65535,32,59160,329,-238,3
0,follow,stop-at 2.00s,-0.0325,NOMINAL,17640,-1,65535,32,40257,328,-238,3
0,follow,stop-at 2.00s,0.0010,NOMINAL,17641,-1,65535,32,72063,328,-239,3
0,follow,stop-at 2.00s,0.0344,NOMINAL,17642,-1,65535,32,41977,328,-239,3
0,follow,stop-at 2.00s,0.0677,NOMINAL,17643,-1,65535,32,44239,328,-239,3
0,follow,stop-at 2.00s,0.1009,NOMINAL,17644,-1,65535,32,40483,329,-239,3
0,follow,stop-at 2.00s,0.1342,NOMINAL,17645,-1,65535,32,39949,329,-239,3
0,follow,stop-at 2.00s,0.1678,NOMINAL,17646,-1,65535,32,64886,328,-239,3
0,follow,stop-at 2.00s,0.2010,NOMINAL,17647,-1,65535,32,87379,329,-239,3
0,follow,stop-at 2.00s,0.2343,NOMINAL,17648,-1,65535,32,44982,329,-239,3
0,follow,stop-at 2.00s,0.2676,NOMINAL,17649,-1,65535,32,57569,329,-239,3
0,follow,stop-at 2.00s,0.3011,NOMINAL,17650,-1,65535,32,40260,329,-239,3
0,follow,stop-at 2.00s,0.3346,NOMINAL,17651,-1,65535,32,51270,329,-239,3
0,follow,stop-at 2.00s,0.3677,NOMINAL,17652,-1,65535,32,44336,329,-239,3
0,follow,stop-at 2.00s,0.4010,NOMINAL,17653,-1,65535,32,46309,329,-239,3
0,follow,stop-at 2.00s,0.4343,NOMINAL,17654,-1,65535,32,45925,328,-239,3
0,follow,stop-at 2.00s,0.4677,NOMINAL,17655,-1,65535,32,82787,328,-239,3
0,follow,stop-at 2.00s,0.5010,NOMINAL,17656,-1,65535,32,88161,329,-239,3
0,follow,stop-at 2.00s,0.5344,NOMINAL,17657,-1,65535,32,41490,329,-239,3
0,follow,stop-at 2.00s,0.5676,NOMINAL,17658,-1,65535,32,59907,329,-239,3
0,follow,stop-at 2.00s,0.6010,NOMINAL,17659,-1,65535,32,44756,329,-239,3
0,follow,stop-at 2.00s,0.6342,NOMINAL,17660,-1,65535,32,38278,329,-238,3
0,follow,stop-at 2.00s,0.6675,NOMINAL,17661,-1,65535,32,25599,329,-238,3
0,follow,stop-at 2.00s,0.7011,NOMINAL,17662,-1,65535,32,39416,329,-238,3
0,follow,stop-at 2.00s,0.7344,NOMINAL,17663,-1,65535,32,41797,329,-239,3
0,follow,stop-at 2.00s,0.7677,NOMINAL,17664,-1,65535,32,41566,329,-239,3
0,follow,stop-at 2.00s,0.8010,NOMINAL,17665,-1,65535,32,58151,329,-239,3
0,follow,stop-at 2.00s,0.8343,NOMINAL,17666,-1,65535,32,40607,329,-239,3
0,follow,stop-at 2.00s,0.8677,NOMINAL,17667,-1,65535,32,71770,329,-239,3
0,follow,stop-at 2.00s,0.9010,NOMINAL,17668,-1,65535,32,84895,329,-239,3
0,follow,stop-at 2.00s,0.9344,NOMINAL,17669,-1,65535,32,58534,329,-239,3
0,follow,stop-at 2.00s,0.9676,NOMINAL,17670,-1,65535,32,48840,329,-239,3
0,follow,stop-at 2.00s,1.0010,NOMINAL,17671,-1,65535,32,64190,329,-238,3
0,follow,stop-at 2.00s,1.0343,NOMINAL,17672,-1,65535,32,99758,329,-239,3
0,follow,stop-at 2.00s,1.0677,NOMINAL,17673,-1,65535,32,82513,329,-239,3
0,follow,stop-at 2.00s,1.1010,NOMINAL,17674,-1,65535,32,42775,329,-239,3
0,follow,stop-at 2.00s,1.1342,NOMINAL,17675,-1,65535,32,38877,328,-239,3
0,follow,stop-at 2.00s,1.1675,NOMINAL,17676,-1,65535,32,21781,329,-239,3
0,follow,stop-at 2.00s,1.2011,NOMINAL,17677,-1,65535,32,44676,329,-239,3
0,follow,stop-at 2.00s,1.2343,NOMINAL,17678,-1,65535,32,44900,329,-239,3
0,follow,stop-at 2.00s,1.2675,NOMINAL,17679,-1,65535,32,58363,329,-239,3
0,follow,stop-at 2.00s,1.3010,NOMINAL,17680,-1,65535,32,16241,329,-239,3
0,follow,stop-at 2.00s,1.3342,NOMINAL,17681,-1,65535,32,39645,329,-239,3
0,follow,stop-at 2.00s,1.3676,NOMINAL,17682,-1,65535,32,58679,329,-239,3
0,follow,stop-at 2.00s,1.4011,NOMINAL,17683,-1,65535,32,68204,329,-238,3
0,follow,stop-at 2.00s,1.4342,NOMINAL,17684,-1,65535,32,41352,329,-238,3
0,follow,stop-at 2.00s,1.4675,NOMINAL,17685,-1,65535,32,37215,329,-239,3
0,follow,stop-at 2.00s,1.5007,NOMINAL,17686,-1,65535,32,46859,329,-239,3
0,follow,stop-at 2.00s,1.5342,NOMINAL,17687,-1,65535,32,95169,328,-239,3
0,follow,stop-at 2.00s,1.5677,NOMINAL,17688,-1,65535,32,46388,329,-239,3
0,follow,stop-at 2.00s,1.6010,NOMINAL,17689,-1,65535,32,70826,329,-239,3
0,follow,stop-at 2.00s,1.6345,NOMINAL,17690,-1,65535,32,77967,328,-239,3
0,follow,stop-at 2.00s,1.6676,NOMINAL,17691,-1,65535,32,42445,328,-239,3
0,follow,stop-at 2.00s,1.7011,NOMINAL,17692,-1,65535,32,119294,328,-239,3
0,follow,stop-at 2.00s,1.7343,NOMINAL,17693,-1,65535,32,83092,329,-239,3
0,follow,stop-at 2.00s,1.7676,NOMINAL,17694,-1,65535,32,59628,329,-239,3
0,follow,stop-at 2.00s,1.8010,NOMINAL,17695,-1,65535,32,34504,329,-239,3
0,follow,stop-at 2.00s,1.8345,NOMINAL,17696,-1,65535,32,58016,329,-239,3
0,follow,stop-at 2.00s,1.8677,NOMINAL,17697,-1,65535,32,35597,329,-239,3
0,follow,stop-at 2.00s,1.9010,NOMINAL,17698,-1,65535,32,43437,329,-239,3
0,follow,stop-at 2.00s,1.9343,NOMINAL,17699,-1,65535,32,42701,329,-239,3
0,follow,stop-at 2.00s,1.9675,NOMINAL,17700,-1,65535,32,21900,329,-239,3
0,follow,stop-at 2.00s,2.0697,FAILSAFE,17700,-1,65535,33,0,329,-239,3
0,follow,stop-at 2.00s,2.1701,FAILSAFE,17700,-1,65535,33,0,329,-239,3
0,follow,stop-at 2.00s,2.2707,FAILSAFE,17700,-1,65535,33,0,328,-239,3
0,follow,stop-at 2.00s,2.3712,FAILSAFE,17700,-1,65535,33,0,328,-239,3
0,follow,stop-at 2.00s,2.4718,FAILSAFE,17700,-1,65535,33,0,328,-239,3
0,follow,stop-at 2.00s,2.5722,FAILSAFE,17700,-1,65535,33,0,329,-239,3
1,follow,stop-at 2.00s,-0.9990,FAILSAFE,17701,-1,65535,32,71577,329,-239,3
1,follow,stop-at 2.00s,-0.9657,FAILSAFE,17702,-1,65535,32,19325,329,-238,3
1,follow,stop-at 2.00s,-0.9323,FAILSAFE,17703,-1,65535,32,39222,329,-239,3
1,follow,stop-at 2.00s,-0.9122,FAILSAFE,17703,-1,65535,32,0,329,-239,3
1,follow,stop-at 2.00s,-0.8990,FAILSAFE,17704,-1,65535,32,49039,329,-239,3
1,follow,stop-at 2.00s,-0.8659,FAILSAFE,17705,-1,65535,32,37951,329,-239,3
1,follow,stop-at 2.00s,-0.8326,FAILSAFE,17706,-1,65535,32,34614,329,-239,3
1,follow,stop-at 2.00s,-0.8126,FAILSAFE,17706,-1,65535,32,0,329,-239,3
1,follow,stop-at 2.00s,-0.7992,FAILSAFE,17707,-1,65535,32,33926,329,-239,3
1,follow,stop-at 2.00s,-0.7659,FAILSAFE,17708,-1,65535,32,34816,329,-239,3
1,follow,stop-at 2.00s,-0.7321,FAILSAFE,17709,-1,65535,32,56622,329,-239,3
1,follow,stop-at 2.00s,-0.7123,FAILSAFE,17709,-1,65535,32,0,329,-239,3
1,follow,stop-at 2.00s,-0.6986,NOMINAL,17710,-1,65535,32,78867,329,-239,3
1,follow,stop-at 2.00s,-0.6657,NOMINAL,17711,-1,65535,32,101442,329,-239,3
1,follow,stop-at 2.00s,-0.6324,NOMINAL,17712,-1,65535,32,65868,329,-239,3
1,follow,stop-at 2.00s,-0.5990,NOMINAL,17713,-1,65535,32,41013,329,-239,3
1,follow,stop-at 2.00s,-0.5657,NOMINAL,17714,-1,65535,32,58274,329,-238,3
1,follow,stop-at 2.00s,-0.5324,NOMINAL,17715,-1,65535,32,41538,329,-238,3
1,follow,stop-at 2.00s,-0.4990,NOMINAL,17716,-1,65535,32,40766,329,-239,3
1,follow,stop-at 2.00s,-0.4657,NOMINAL,17717,-1,65535,32,23427,329,-239,3
1,follow,stop-at 2.00s,-0.4324,NOMINAL,17718,-1,65535,32,44223,329,-239,3
1,follow,stop-at 2.00s,-0.3992,NOMINAL,17719,-1,65535,32,42937,329,-239,3
1,follow,stop-at 2.00s,-0.3655,NOMINAL,17720,-1,65535,32,67917,329,-239,3
1,follow,stop-at 2.00s,-0.3324,NOMINAL,17721,-1,65535,32,72052,329,-238,3
1,follow,stop-at 2.00s,-0.2991,NOMINAL,17722,-1,65535,32,21790,329,-239,3
1,follow,stop-at 2.00s,-0.2658,NOMINAL,17723,-1,65535,32,41748,329,-239,3
1,follow,stop-at 2.00s,-0.2324,NOMINAL,17724,-1,65535,32,83814,329,-238,3
1,follow,stop-at 2.00s,-0.1992,NOMINAL,17725,-1,65535,32,42443,329,-239,3
1,follow,stop-at 2.00s,-0.1656,NOMINAL,17726,-1,65535,32,38302,329,-238,3
1,follow,stop-at 2.00s,-0.1322,NOMINAL,17727,-1,65535,32,50106,329,-238,3
1,follow,stop-at 2.00s,-0.0991,NOMINAL,17728,-1,65535,32,59090,329,-238,3
1,follow,stop-at 2.00s,-0.0657,NOMINAL,17729,-1,65535,32,61054,329,-238,3
1,follow,stop-at 2.00s,-0.0324,NOMINAL,17730,-1,65535,32,52703,329,-238,3
1,follow,stop-at 2.00s,0.0010,NOMINAL,17731,-1,65535,32,62919,329,-238,3
1,follow,stop-at 2.00s,0.0345,NOMINAL,17732,-1,65535,32,64867,329,-238,3
1,follow,stop-at 2.00s,0.0678,NOMINAL,17733,-1,65535,32,39886,329,-238,3
1,follow,stop-at 2.00s,0.1012,NOMINAL,17734,-1,65535,32,67666,328,-239,3
1,follow,stop-at 2.00s,0.1345,NOMINAL,17735,-1,65535,32,39719,329,-238,3
1,follow,stop-at 2.00s,0.1676,NOMINAL,17736,-1,65535,32,24953,328,-238,3
1,follow,stop-at 2.00s,0.2010,NOMINAL,17737,-1,65535,32,34077,328,-239,3
1,follow,stop-at 2.00s,0.2345,NOMINAL,17738,-1,65535,32,60804,329,-239,3
1,follow,stop-at 2.00s,0.2676,NOMINAL,17739,-1,65535,32,61338,329,-238,3
1,follow,stop-at 2.00s,0.3011,NOMINAL,17740,-1,65535,32,57986,329,-238,3
1,follow,stop-at 2.00s,0.3348,NOMINAL,17741,-1,65535,32,39267,329,-238,3
1,follow,stop-at 2.00s,0.3676,NOMINAL,17742,-1,65535,32,55095,329,-238,3
1,follow,stop-at 2.00s,0.4010,NOMINAL,17743,-1,65535,32,65275,329,-238,3
1,follow,stop-at 2.00s,0.4345,NOMINAL,17744,-1,65535,32,62241,328,-238,3
1,follow,stop-at 2.00s,0.4676,NOMINAL,17745,-1,65535,32,41937,328,-238,3
1,follow,stop-at 2.00s,0.5012,NOMINAL,17746,-1,65535,32,68803,328,-238,3
1,follow,stop-at 2.00s,0.5342,NOMINAL,17747,-1,65535,32,40820,328,-239,3
1,follow,stop-at 2.00s,0.5675,NOMINAL,17748,-1,65535,32,41144,329,-238,3
1,follow,stop-at 2.00s,0.6009,NOMINAL,17749,-1,65535,32,41829,329,-239,3
1,follow,stop-at 2.00s,0.6341,NOMINAL,17750,-1,65535,32,37949,329,-239,3
1,follow,stop-at 2.00s,0.6677,NOMINAL,17751,-1,65535,32,60993,329,-239,3
1,follow,stop-at 2.00s,0.7008,NOMINAL,17752,-1,65535,32,45432,329,-239,3
1,follow,stop-at 2.00s,0.7342,NOMINAL,17753,-1,65535,32,55810,329,-239,3
1,follow,stop-at 2.00s,0.7676,NOMINAL,17754,-1,65535,32,63523,329,-239,3
1,follow,stop-at 2.00s,0.8009,NOMINAL,17755,-1,65535,32,57476,329,-239,3
1,follow,stop-at 2.00s,0.8344,NOMINAL,17756,-1,65535,32,39026,329,-239,3
1,follow,stop-at 2.00s,0.8676,NOMINAL,17757,-1,65535,32,39264,329,-239,3
1,follow,stop-at 2.00s,0.9010,NOMINAL,17758,-1,65535,32,44932,329,-239,3
1,follow,stop-at 2.00s,0.9341,NOMINAL,17759,-1,65535,32,39015,328,-239,3
1,follow,stop-at 2.00s,0.9674,NOMINAL,17760,-1,65535,32,40880,329,-239,3
1,follow,stop-at 2.00s,1.0009,NOMINAL,17761,-1,65535,32,99387,329,-239,3
1,follow,stop-at 2.00s,1.0345,NOMINAL,17762,-1,65535,32,42871,329,-239,3
1,follow,stop-at 2.00s,1.0676,NOMINAL,17763,-1,65535,32,34791,328,-239,3
1,follow,stop-at 2.00s,1.1011,NOMINAL,17764,-1,65535,32,54621,328,-239,3
1,follow,stop-at 2.00s,1.1342,NOMINAL,17765,-1,65535,32,57153,329,-239,3
1,follow,stop-at 2.00s,1.1677,NOMINAL,17766,-1,65535,32,45155,329,-239,3
1,follow,stop-at 2.00s,1.2011,NOMINAL,17767,-1,65535,32,45066,329,-239,3
1,follow,stop-at 2.00s,1.2343,NOMINAL,17768,-1,65535,32,21219,329,-239,3
1,follow,stop-at 2.00s,1.2676,NOMINAL,17769,-1,65535,32,41594,329,-239,3
1,follow,stop-at 2.00s,1.3009,NOMINAL,17770,-1,65535,32,21741,329,-239,3
1,follow,stop-at 2.00s,1.3341,NOMINAL,17771,-1,65535,32,83900,329,-239,3
1,follow,stop-at 2.00s,1.3678,NOMINAL,17772,-1,65535,32,70078,329,-239,3
1,follow,stop-at 2.00s,1.4010,NOMINAL,17773,-1,65535,32,40386,329,-239,3
1,follow,stop-at 2.00s,1.4344,NOMINAL,17774,-1,65535,32,35910,329,-239,3
1,follow,stop-at 2.00s,1.4676,NOMINAL,17775,-1,65535,32,29155,329,-239,3
1,follow,stop-at 2.00s,1.5010,NOMINAL,17776,-1,65535,32,57460,329,-239,3
1,follow,stop-at 2.00s,1.5345,NOMINAL,17777,-1,65535,32,43842,328,-239,3
1,follow,stop-at 2.00s,1.5675,NOMINAL,17778,-1,65535,32,56770,328,-239,3
1,follow,stop-at 2.00s,1.6010,NOMINAL,17779,-1,65535,32,84925,329,-239,3
1,follow,stop-at 2.00s,1.6344,NOMINAL,17780,-1,65535,32,58986,329,-239,3
1,follow,stop-at 2.00s,1.6676,NOMINAL,17781,-1,65535,32,62104,329,-239,3
1,follow,stop-at 2.00s,1.7009,NOMINAL,17782,-1,65535,32,66853,328,-238,3
1,follow,stop-at 2.00s,1.7342,NOMINAL,17783,-1,65535,32,68566,329,-238,3
1,follow,stop-at 2.00s,1.7676,NOMINAL,17784,-1,65535,32,42357,329,-238,3
1,follow,stop-at 2.00s,1.8011,NOMINAL,17785,-1,65535,32,26373,329,-238,3
1,follow,stop-at 2.00s,1.8343,NOMINAL,17786,-1,65535,32,43960,329,-238,3
1,follow,stop-at 2.00s,1.8675,NOMINAL,17787,-1,65535,32,59524,329,-239,3
1,follow,stop-at 2.00s,1.9010,NOMINAL,17788,-1,65535,32,67220,329,-239,3
1,follow,stop-at 2.00s,1.9343,NOMINAL,17789,-1,65535,32,39718,329,-238,3
1,follow,stop-at 2.00s,1.9676,NOMINAL,17790,-1,65535,32,38827,329,-238,3
1,follow,stop-at 2.00s,2.0775,FAILSAFE,17790,-1,65535,33,0,329,-239,3
1,follow,stop-at 2.00s,2.1781,FAILSAFE,17790,-1,65535,33,0,329,-239,3
1,follow,stop-at 2.00s,2.2785,FAILSAFE,17790,-1,65535,33,0,329,-239,3
1,follow,stop-at 2.00s,2.3791,FAILSAFE,17790,-1,65535,33,0,329,-239,3
1,follow,stop-at 2.00s,2.4796,FAILSAFE,17790,-1,65535,33,0,330,-239,3
1,follow,stop-at 2.00s,2.5802,FAILSAFE,17790,-1,65535,33,0,329,-239,3
2,follow,stop-at 2.00s,-0.9989,FAILSAFE,17791,-1,65535,32,63979,329,-239,3
2,follow,stop-at 2.00s,-0.9659,FAILSAFE,17792,-1,65535,32,20625,329,-239,3
2,follow,stop-at 2.00s,-0.9324,FAILSAFE,17793,-1,65535,32,50006,328,-239,3
2,follow,stop-at 2.00s,-0.9123,FAILSAFE,17793,-1,65535,32,0,328,-239,3
2,follow,stop-at 2.00s,-0.8992,FAILSAFE,17794,-1,65535,32,35418,328,-239,3
2,follow,stop-at 2.00s,-0.8656,FAILSAFE,17795,-1,65535,32,37204,329,-239,3
2,follow,stop-at 2.00s,-0.8323,FAILSAFE,17796,-1,65535,32,50759,329,-239,3
2,follow,stop-at 2.00s,-0.8122,FAILSAFE,17796,-1,65535,32,0,328,-239,3
2,follow,stop-at 2.00s,-0.7992,FAILSAFE,17797,-1,65535,32,18604,328,-239,3
2,follow,stop-at 2.00s,-0.7658,FAILSAFE,17798,-1,65535,32,34141,329,-239,3
2,follow,stop-at 2.00s,-0.7326,FAILSAFE,17799,-1,65535,32,32329,329,-239,3
2,follow,stop-at 2.00s,-0.6983,NOMINAL,17800,-1,65535,32,110200,329,-239,3
2,follow,stop-at 2.00s,-0.6657,NOMINAL,17801,-1,65535,32,45237,329,-239,3
2,follow,stop-at 2.00s,-0.6325,NOMINAL,17802,-1,65535,32,44997,329,-239,3
2,follow,stop-at 2.00s,-0.5990,NOMINAL,17803,-1,65535,32,57628,329,-239,3
2,follow,stop-at 2.00s,-0.5657,NOMINAL,17804,-1,65535,32,44371,329,-239,3
2,follow,stop-at 2.00s,-0.5323,NOMINAL,17805,-1,65535,32,20236,329,-239,3
2,follow,stop-at 2.00s,-0.4991,NOMINAL,17806,-1,65535,32,39994,329,-238,3
2,follow,stop-at 2.00s,-0.4658,NOMINAL,17807,-1,65535,32,67771,329,-238,3
2,follow,stop-at 2.00s,-0.4324,NOMINAL,17808,-1,65535,32,67257,329,-239,3
2,follow,stop-at 2.00s,-0.3991,NOMINAL,17809,-1,65535,32,70382,329,-239,3
2,follow,stop-at 2.00s,-0.3655,NOMINAL,17810,-1,65535,32,84780,329,-239,3
2,follow,stop-at 2.00s,-0.3324,NOMINAL,17811,-1,65535,32,44795,329,-239,3
2,follow,stop-at 2.00s,-0.2991,NOMINAL,17812,-1,65535,32,42509,329,-239,3
2,follow,stop-at 2.00s,-0.2657,NOMINAL,17813,-1,65535,32,43856,329,-239,3
2,follow,stop-at 2.00s,-0.2324,NOMINAL,17814,-1,65535,32,57025,329,-239,3
2,follow,stop-at 2.00s,-0.1991,NOMINAL,17815,-1,65535,32,69574,329,-239,3
2,follow,stop-at 2.00s,-0.1659,NOMINAL,17816,-1,65535,32,25929,329,-239,3
2,follow,stop-at 2.00s,-0.1323,NOMINAL,17817,-1,65535,32,40310,329,-239,3
2,follow,stop-at 2.00s,-0.0991,NOMINAL,17818,-1,65535,32,58578,329,-238,3
2,follow,stop-at 2.00s,-0.0656,NOMINAL,17819,-1,65535,32,58360,329,-239,3
2,follow,stop-at 2.00s,-0.0323,NOMINAL,17820,-1,65535,32,43363,329,-239,3
2,follow,stop-at 2.00s,0.0012,NOMINAL,17821,-1,65535,32,20061,329,-239,3
2,follow,stop-at 2.00s,0.0345,NOMINAL,17822,-1,65535,32,37645,329,-239,3
2,follow,stop-at 2.00s,0.0677,NOMINAL,17823,-1,65535,32,58261,329,-239,3
2,follow,stop-at 2.00s,0.1009,NOMINAL,17824,-1,65535,32,24025,329,-239,3
2,follow,stop-at 2.00s,0.1343,NOMINAL,17825,-1,65535,32,62825,329,-239,3
2,follow,stop-at 2.00s,0.1676,NOMINAL,17826,-1,65535,32,40024,328,-239,3
2,follow,stop-at 2.00s,0.2011,NOMINAL,17827,-1,65535,32,57133,328,-239,3
2,follow,stop-at 2.00s,0.2345,NOMINAL,17828,-1,65535,32,42775,328,-238,3
2,follow,stop-at 2.00s,0.2677,NOMINAL,17829,-1,65535,32,39390,329,-238,3
2,follow,stop-at 2.00s,0.3009,NOMINAL,17830,-1,65535,32,41736,329,-239,3
2,follow,stop-at 2.00s,0.3347,NOMINAL,17831,-1,65535,32,47093,329,-239,3
2,follow,stop-at 2.00s,0.3679,NOMINAL,17832,-1,65535,32,106219,329,-239,3
2,follow,stop-at 2.00s,0.4011,NOMINAL,17833,-1,65535,32,86033,329,-239,3
2,follow,stop-at 2.00s,0.4343,NOMINAL,17834,-1,65535,32,80938,329,-239,3
2,follow,stop-at 2.00s,0.4676,NOMINAL,17835,-1,65535,32,40174,329,-239,3
2,follow,stop-at 2.00s,0.5007,NOMINAL,17836,-1,65535,32,39761,329,-239,3
2,follow,stop-at 2.00s,0.5344,NOMINAL,17837,-1,65535,32,110313,329,-239,3
2,follow,stop-at 2.00s,0.5677,NOMINAL,17838,-1,65535,32,87970,329,-239,3
2,follow,stop-at 2.00s,0.6010,NOMINAL,17839,-1,65535,32,67036,329,-239,3
2,follow,stop-at 2.00s,0.6342,NOMINAL,17840,-1,65535,32,60250,328,-239,3
2,follow,stop-at 2.00s,0.6673,NOMINAL,17841,-1,65535,32,59278,328,-239,3
2,follow,stop-at 2.00s,0.7009,NOMINAL,17842,-1,65535,32,82296,329,-239,3
2,follow,stop-at 2.00s,0.7344,NOMINAL,17843,-1,65535,32,43533,329,-239,3
2,follow,stop-at 2.00s,0.7676,NOMINAL,17844,-1,65535,32,58482,329,-239,3
2,follow,stop-at 2.00s,0.8009,NOMINAL,17845,-1,65535,32,57574,329,-238,3
2,follow,stop-at 2.00s,0.8343,NOMINAL,17846,-1,65535,32,40430,329,-239,3
2,follow,stop-at 2.00s,0.8675,NOMINAL,17847,-1,65535,32,40282,328,-239,3
2,follow,stop-at 2.00s,0.9011,NOMINAL,17848,-1,65535,32,42848,328,-239,3
2,follow,stop-at 2.00s,0.9343,NOMINAL,17849,-1,65535,32,39731,329,-238,3
2,follow,stop-at 2.00s,0.9676,NOMINAL,17850,-1,65535,32,61307,329,-239,3
2,follow,stop-at 2.00s,1.0011,NOMINAL,17851,-1,65535,32,56861,329,-239,3
2,follow,stop-at 2.00s,1.0345,NOMINAL,17852,-1,65535,32,41450,329,-238,3
2,follow,stop-at 2.00s,1.0678,NOMINAL,17853,-1,65535,32,57424,328,-239,3
2,follow,stop-at 2.00s,1.1010,NOMINAL,17854,-1,65535,32,81888,328,-239,3
2,follow,stop-at 2.00s,1.1344,NOMINAL,17855,-1,65535,32,68805,329,-239,3
2,follow,stop-at 2.00s,1.1677,NOMINAL,17856,-1,65535,32,51783,329,-239,3
2,follow,stop-at 2.00s,1.2008,NOMINAL,17857,-1,65535,32,40669,329,-239,3
2,follow,stop-at 2.00s,1.2345,NOMINAL,17858,-1,65535,32,37678,329,-239,3
2,follow,stop-at 2.00s,1.2677,NOMINAL,17859,-1,65535,32,70113,329,-239,3
2,follow,stop-at 2.00s,1.3011,NOMINAL,17860,-1,65535,32,44711,329,-239,3
2,follow,stop-at 2.00s,1.3342,NOMINAL,17861,-1,65535,32,57039,329,-239,3
2,follow,stop-at 2.00s,1.3675,NOMINAL,17862,-1,65535,32,60017,329,-239,3
2,follow,stop-at 2.00s,1.4007,NOMINAL,17863,-1,65535,32,22275,329,-239,3
2,follow,stop-at 2.00s,1.4342,NOMINAL,17864,-1,65535,32,38804,329,-239,3
2,follow,stop-at 2.00s,1.4676,NOMINAL,17865,-1,65535,32,22750,329,-239,3
2,follow,stop-at 2.00s,1.5010,NOMINAL,17866,-1,65535,32,114253,329,-239,3
2,follow,stop-at 2.00s,1.5343,NOMINAL,17867,-1,65535,32,57881,329,-239,3
2,follow,stop-at 2.00s,1.5676,NOMINAL,17868,-1,65535,32,115260,329,-239,3
2,follow,stop-at 2.00s,1.6012,NOMINAL,17869,-1,65535,32,88796,329,-239,3
2,follow,stop-at 2.00s,1.6343,NOMINAL,17870,-1,65535,32,68013,328,-239,3
2,follow,stop-at 2.00s,1.6676,NOMINAL,17871,-1,65535,32,45043,329,-239,3
2,follow,stop-at 2.00s,1.7009,NOMINAL,17872,-1,65535,32,53196,329,-239,3
2,follow,stop-at 2.00s,1.7344,NOMINAL,17873,-1,65535,32,36592,329,-238,3
2,follow,stop-at 2.00s,1.7677,NOMINAL,17874,-1,65535,32,73018,329,-239,3
2,follow,stop-at 2.00s,1.8009,NOMINAL,17875,-1,65535,32,41620,329,-239,3
2,follow,stop-at 2.00s,1.8341,NOMINAL,17876,-1,65535,32,40001,330,-239,3
2,follow,stop-at 2.00s,1.8674,NOMINAL,17877,-1,65535,32,99462,329,-239,3
2,follow,stop-at 2.00s,1.9009,NOMINAL,17878,-1,65535,32,41054,329,-239,3
2,follow,stop-at 2.00s,1.9343,NOMINAL,17879,-1,65535,32,58911,329,-239,3
2,follow,stop-at 2.00s,1.9678,NOMINAL,17880,-1,65535,32,46070,329,-239,3
2,follow,stop-at 2.00s,2.0755,FAILSAFE,17880,-1,65535,33,0,329,-239,3
2,follow,stop-at 2.00s,2.1760,FAILSAFE,17880,-1,65535,33,0,329,-238,3
2,follow,stop-at 2.00s,2.2765,FAILSAFE,17880,-1,65535,33,0,329,-239,3
2,follow,stop-at 2.00s,2.3771,FAILSAFE,17880,-1,65535,33,0,328,-239,3
2,follow,stop-at 2.00s,2.4776,FAILSAFE,17880,-1,65535,33,0,329,-238,3
2,follow,stop-at 2.00s,2.5780,FAILSAFE,17880,-1,65535,33,0,328,-238,3
3,follow,stop-at 2.00s,-0.9990,FAILSAFE,17881,-1,65535,32,67074,329,-239,3
3,follow,stop-at 2.00s,-0.9657,FAILSAFE,17882,-1,65535,32,60055,329,-239,3
3,follow,stop-at 2.00s,-0.9324,FAILSAFE,17883,-1,65535,32,18254,329,-239,3
3,follow,stop-at 2.00s,-0.9124,FAILSAFE,17883,-1,65535,32,0,329,-239,3
3,follow,stop-at 2.00s,-0.8990,FAILSAFE,17884,-1,65535,32,23074,329,-239,3
3,follow,stop-at 2.00s,-0.8658,FAILSAFE,17885,-1,65535,32,33301,329,-239,3
3,follow,stop-at 2.00s,-0.8324,FAILSAFE,17886,-1,65535,32,51375,329,-239,3
3,follow,stop-at 2.00s,-0.8124,FAILSAFE,17886,-1,65535,32,0,329,-239,3
3,follow,stop-at 2.00s,-0.7991,FAILSAFE,17887,-1,65535,32,39121,329,-239,3
3,follow,stop-at 2.00s,-0.7659,FAILSAFE,17888,-1,65535,32,38740,329,-238,3
3,follow,stop-at 2.00s,-0.7324,FAILSAFE,17889,-1,65535,32,49440,329,-239,3
3,follow,stop-at 2.00s,-0.7121,FAILSAFE,17889,-1,65535,32,0,329,-239,3
3,follow,stop-at 2.00s,-0.6984,NOMINAL,17890,-1,65535,32,145215,329,-239,3
3,follow,stop-at 2.00s,-0.6656,NOMINAL,17891,-1,65535,32,43323,329,-238,3
3,follow,stop-at 2.00s,-0.6324,NOMINAL,17892,-1,65535,32,27420,329,-239,3
3,follow,stop-at 2.00s,-0.5991,NOMINAL,17893,-1,65535,32,27480,329,-239,3
3,follow,stop-at 2.00s,-0.5657,NOMINAL,17894,-1,65535,32,49163,329,-239,3
3,follow,stop-at 2.00s,-0.5325,NOMINAL,17895,-1,65535,32,41700,329,-239,3
3,follow,stop-at 2.00s,-0.4991,NOMINAL,17896,-1,65535,32,61066,328,-239,3
3,follow,stop-at 2.00s,-0.4658,NOMINAL,17897,-1,65535,32,136877,328,-239,3
3,follow,stop-at 2.00s,-0.4324,NOMINAL,17898,-1,65535,32,98916,328,-239,3
3,follow,stop-at 2.00s,-0.3990,NOMINAL,17899,-1,65535,32,67305,329,-239,3
3,follow,stop-at 2.00s,-0.3660,NOMINAL,17900,-1,65535,32,22484,329,-239,3
3,follow,stop-at 2.00s,-0.3326,NOMINAL,17901,-1,65535,32,40265,329,-239,3
3,follow,stop-at 2.00s,-0.2992,NOMINAL,17902,-1,65535,32,41770,329,-239,3
3,follow,stop-at 2.00s,-0.2658,NOMINAL,17903,-1,65535,32,36348,329,-238,3
3,follow,stop-at 2.00s,-0.2325,NOMINAL,17904,-1,65535,32,51184,329,-238,3
3,follow,stop-at 2.00s,-0.1990,NOMINAL,17905,-1,65535,32,80276,329,-238,3
3,follow,stop-at 2.00s,-0.1655,NOMINAL,17906,-1,65535,32,56322,329,-239,3
3,follow,stop-at 2.00s,-0.1324,NOMINAL,17907,-1,65535,32,57958,328,-239,3
3,follow,stop-at 2.00s,-0.0989,NOMINAL,17908,-1,65535,32,25280,328,-238,3
3,follow,stop-at 2.00s,-0.0660,NOMINAL,17909,-1,65535,32,66242,328,-238,3
3,follow,stop-at 2.00s,-0.0323,NOMINAL,17910,-1,65535,32,84225,328,-238,3
3,follow,stop-at 2.00s,0.0009,NOMINAL,17911,-1,65535,32,43753,328,-239,3
3,follow,stop-at 2.00s,0.0341,NOMINAL,17912,-1,65535,32,42527,328,-238,3
3,follow,stop-at 2.00s,0.0676,NOMINAL,17913,-1,65535,32,23994,328,-238,3
3,follow,stop-at 2.00s,0.1010,NOMINAL,17914,-1,65535,32,68197,329,-238,3
3,follow,stop-at 2.00s,0.1342,NOMINAL,17915,-1,65535,32,78745,329,-238,3
3,follow,stop-at 2.00s,0.1677,NOMINAL,17916,-1,65535,32,84880,329,-239,3
3,follow,stop-at 2.00s,0.2009,NOMINAL,17917,-1,65535,32,83217,329,-239,3
3,follow,stop-at 2.00s,0.2344,NOMINAL,17918,-1,65535,32,48884,329,-239,3
3,follow,stop-at 2.00s,0.2678,NOMINAL,17919,-1,65535,32,66055,329,-239,3
3,follow,stop-at 2.00s,0.3010,NOMINAL,17920,-1,65535,32,47464,329,-239,3
3,follow,stop-at 2.00s,0.3346,NOMINAL,17921,-1,65535,32,46858,329,-239,3
3,follow,stop-at 2.00s,0.3676,NOMINAL,17922,-1,65535,32,42613,329,-239,3
3,follow,stop-at 2.00s,0.4009,NOMINAL,17923,-1,65535,32,23930,329,-238,3
3,follow,stop-at 2.00s,0.4342,NOMINAL,17924,-1,65535,32,41037,329,-239,3
3,follow,stop-at 2.00s,0.4675,NOMINAL,17925,-1,65535,32,25741,329,-239,3
3,follow,stop-at 2.00s,0.5010,NOMINAL,17926,-1,65535,32,40076,329,-239,3
3,follow,stop-at 2.00s,0.5343,NOMINAL,17927,-1,65535,32,46510,329,-239,3
3,follow,stop-at 2.00s,0.5676,NOMINAL,17928,-1,65535,32,55599,329,-239,3
3,follow,stop-at 2.00s,0.6009,NOMINAL,17929,-1,65535,32,103295,328,-239,3
3,follow,stop-at 2.00s,0.6344,NOMINAL,17930,-1,65535,32,17443,328,-239,3
3,follow,stop-at 2.00s,0.6678,NOMINAL,17931,-1,65535,32,122547,328,-239,3
3,follow,stop-at 2.00s,0.7009,NOMINAL,17932,-1,65535,32,37281,329,-239,3
3,follow,stop-at 2.00s,0.7342,NOMINAL,17933,-1,65535,32,58550,329,-239,3
3,follow,stop-at 2.00s,0.7677,NOMINAL,17934,-1,65535,32,40589,329,-239,3
3,follow,stop-at 2.00s,0.8007,NOMINAL,17935,-1,65535,32,40894,329,-239,3
3,follow,stop-at 2.00s,0.8343,NOMINAL,17936,-1,65535,32,63715,329,-238,3
3,follow,stop-at 2.00s,0.8678,NOMINAL,17937,-1,65535,32,59380,329,-238,3
3,follow,stop-at 2.00s,0.9009,NOMINAL,17938,-1,65535,32,23815,329,-239,3
3,follow,stop-at 2.00s,0.9344,NOMINAL,17939,-1,65535,32,60071,329,-239,3
3,follow,stop-at 2.00s,0.9677,NOMINAL,17940,-1,65535,32,81950,329,-239,3
3,follow,stop-at 2.00s,1.0009,NOMINAL,17941,-1,65535,32,58764,329,-239,3
3,follow,stop-at 2.00s,1.0346,NOMINAL,17942,-1,65535,32,76853,329,-239,3
3,follow,stop-at 2.00s,1.0676,NOMINAL,17943,-1,65535,32,57847,329,-239,3
3,follow,stop-at 2.00s,1.1009,NOMINAL,17944,-1,65535,32,41854,329,-239,3
3,follow,stop-at 2.00s,1.1344,NOMINAL,17945,-1,65535,32,24382,328,-239,3
3,follow,stop-at 2.00s,1.1678,NOMINAL,17946,-1,65535,32,42667,329,-238,3
3,follow,stop-at 2.00s,1.2010,NOMINAL,17947,-1,65535,32,93232,329,-238,3
3,follow,stop-at 2.00s,1.2344,NOMINAL,17948,-1,65535,32,72311,329,-238,3
3,follow,stop-at 2.00s,1.2679,NOMINAL,17949,-1,65535,32,76622,329,-238,3
3,follow,stop-at 2.00s,1.3011,NOMINAL,17950,-1,65535,32,23845,329,-238,3
3,follow,stop-at 2.00s,1.3343,NOMINAL,17951,-1,65535,32,40469,329,-239,3
3,follow,stop-at 2.00s,1.3675,NOMINAL,17952,-1,65535,32,39554,329,-239,3
3,follow,stop-at 2.00s,1.4009,NOMINAL,17953,-1,65535,32,66745,329,-239,3
3,follow,stop-at 2.00s,1.4342,NOMINAL,17954,-1,65535,32,38950,329,-239,3
3,follow,stop-at 2.00s,1.4675,NOMINAL,17955,-1,65535,32,41250,329,-239,3
3,follow,stop-at 2.00s,1.5011,NOMINAL,17956,-1,65535,32,38680,329,-239,3
3,follow,stop-at 2.00s,1.5340,NOMINAL,17957,-1,65535,32,43203,329,-238,3
3,follow,stop-at 2.00s,1.5675,NOMINAL,17958,-1,65535,32,58682,329,-239,3
3,follow,stop-at 2.00s,1.6007,NOMINAL,17959,-1,65535,32,37497,329,-239,3
3,follow,stop-at 2.00s,1.6344,NOMINAL,17960,-1,65535,32,53036,329,-238,3
3,follow,stop-at 2.00s,1.6677,NOMINAL,17961,-1,65535,32,41806,329,-239,3
3,follow,stop-at 2.00s,1.7009,NOMINAL,17962,-1,65535,32,55966,329,-238,3
3,follow,stop-at 2.00s,1.7344,NOMINAL,17963,-1,65535,32,116117,328,-238,3
3,follow,stop-at 2.00s,1.7676,NOMINAL,17964,-1,65535,32,36833,328,-238,3
3,follow,stop-at 2.00s,1.8009,NOMINAL,17965,-1,65535,32,58804,328,-238,3
3,follow,stop-at 2.00s,1.8345,NOMINAL,17966,-1,65535,32,41061,329,-239,3
3,follow,stop-at 2.00s,1.8674,NOMINAL,17967,-1,65535,32,40654,329,-239,3
3,follow,stop-at 2.00s,1.9009,NOMINAL,17968,-1,65535,32,39983,329,-238,3
3,follow,stop-at 2.00s,1.9344,NOMINAL,17969,-1,65535,32,42650,329,-238,3
3,follow,stop-at 2.00s,1.9677,NOMINAL,17970,-1,65535,32,97816,329,-239,3
3,follow,stop-at 2.00s,2.0731,FAILSAFE,17970,-1,65535,33,0,329,-239,3
3,follow,stop-at 2.00s,2.1736,FAILSAFE,17970,-1,65535,33,0,330,-238,3
3,follow,stop-at 2.00s,2.2741,FAILSAFE,17970,-1,65535,33,0,329,-239,3
3,follow,stop-at 2.00s,2.3746,FAILSAFE,17970,-1,65535,33,0,329,-239,3
3,follow,stop-at 2.00s,2.4751,FAILSAFE,17970,-1,65535,33,0,328,-238,3
3,follow,stop-at 2.00s,2.5756,FAILSAFE,17970,-1,65535,33,0,329,-239,3
4,follow,stop-at 2.00s,-0.9990,FAILSAFE,17971,-1,65535,32,84122,329,-238,3
4,follow,stop-at 2.00s,-0.9658,FAILSAFE,17972,-1,65535,32,63905,329,-239,3
4,follow,stop-at 2.00s,-0.9324,FAILSAFE,17973,-1,65535,32,34417,329,-239,3
4,follow,stop-at 2.00s,-0.9123,FAILSAFE,17973,-1,65535,32,0,328,-239,3
4,follow,stop-at 2.00s,-0.8992,FAILSAFE,17974,-1,65535,32,53368,328,-239,3
4,follow,stop-at 2.00s,-0.8659,FAILSAFE,17975,-1,65535,32,34573,329,-239,3
4,follow,stop-at 2.00s,-0.8323,FAILSAFE,17976,-1,65535,32,48230,329,-239,3
4,follow,stop-at 2.00s,-0.8125,FAILSAFE,17976,-1,65535,32,0,329,-239,3
4,follow,stop-at 2.00s,-0.7991,FAILSAFE,17977,-1,65535,32,74648,329,-239,3
4,follow,stop-at 2.00s,-0.7657,FAILSAFE,17978,-1,65535,32,35168,329,-239,3
4,follow,stop-at 2.00s,-0.7327,FAILSAFE,17979,-1,65535,32,37949,329,-239,3
4,follow,stop-at 2.00s,-0.7121,FAILSAFE,17979,-1,65535,32,0,329,-238,3
4,follow,stop-at 2.00s,-0.6984,NOMINAL,17980,-1,65535,32,99815,329,-238,3
4,follow,stop-at 2.00s,-0.6655,NOMINAL,17981,-1,65535,32,97603,328,-238,3
4,follow,stop-at 2.00s,-0.6324,NOMINAL,17982,-1,65535,32,26113,329,-238,3
4,follow,stop-at 2.00s,-0.5992,NOMINAL,17983,-1,65535,32,24599,329,-238,3
4,follow,stop-at 2.00s,-0.5659,NOMINAL,17984,-1,65535,32,39014,329,-239,3
4,follow,stop-at 2.00s,-0.5324,NOMINAL,17985,-1,65535,32,86293,329,-238,3
4,follow,stop-at 2.00s,-0.4991,NOMINAL,17986,-1,65535,32,22104,329,-238,3
4,follow,stop-at 2.00s,-0.4657,NOMINAL,17987,-1,65535,32,58964,329,-238,3
4,follow,stop-at 2.00s,-0.4324,NOMINAL,17988,-1,65535,32,23537,329,-238,3
4,follow,stop-at 2.00s,-0.3991,NOMINAL,17989,-1,65535,32,52256,329,-238,3
4,follow,stop-at 2.00s,-0.3657,NOMINAL,17990,-1,65535,32,39213,329,-238,3
4,follow,stop-at 2.00s,-0.3324,NOMINAL,17991,-1,65535,32,57298,329,-239,3
4,follow,stop-at 2.00s,-0.2989,NOMINAL,17992,-1,65535,32,56395,329,-239,3
4,follow,stop-at 2.00s,-0.2657,NOMINAL,17993,-1,65535,32,43393,328,-239,3
4,follow,stop-at 2.00s,-0.2327,NOMINAL,17994,-1,65535,32,42321,329,-239,3
4,follow,stop-at 2.00s,-0.1990,NOMINAL,17995,-1,65535,32,67962,329,-239,3
4,follow,stop-at 2.00s,-0.1657,NOMINAL,17996,-1,65535,32,68533,329,-240,3
4,follow,stop-at 2.00s,-0.1324,NOMINAL,17997,-1,65535,32,52867,329,-239,3
4,follow,stop-at 2.00s,-0.0991,NOMINAL,17998,-1,65535,32,42388,329,-239,3
4,follow,stop-at 2.00s,-0.0656,NOMINAL,17999,-1,65535,32,79622,328,-239,3
4,follow,stop-at 2.00s,-0.0324,NOMINAL,18000,-1,65535,32,44025,328,-239,3
4,follow,stop-at 2.00s,0.0012,NOMINAL,18001,-1,65535,32,71778,329,-239,3
4,follow,stop-at 2.00s,0.0344,NOMINAL,18002,-1,65535,32,42582,329,-239,3
4,follow,stop-at 2.00s,0.0676,NOMINAL,18003,-1,65535,32,58279,329,-239,3
4,follow,stop-at 2.00s,0.1010,NOMINAL,18004,-1,65535,32,42648,330,-239,3
4,follow,stop-at 2.00s,0.1342,NOMINAL,18005,-1,65535,32,42194,329,-239,3
4,follow,stop-at 2.00s,0.1678,NOMINAL,18006,-1,65535,32,85475,329,-239,3
4,follow,stop-at 2.00s,0.2011,NOMINAL,18007,-1,65535,32,41096,329,-238,3
4,follow,stop-at 2.00s,0.2343,NOMINAL,18008,-1,65535,32,43738,329,-238,3
4,follow,stop-at 2.00s,0.2677,NOMINAL,18009,-1,65535,32,37730,329,-238,3
4,follow,stop-at 2.00s,0.3008,NOMINAL,18010,-1,65535,32,38642,328,-238,3
4,follow,stop-at 2.00s,0.3347,NOMINAL,18011,-1,65535,32,58715,328,-239,3
4,follow,stop-at 2.00s,0.3677,NOMINAL,18012,-1,65535,32,41110,328,-239,3
4,follow,stop-at 2.00s,0.4009,NOMINAL,18013,-1,65535,32,41540,328,-238,3
4,follow,stop-at 2.00s,0.4343,NOMINAL,18014,-1,65535,32,38839,329,-239,3
4,follow,stop-at 2.00s,0.4676,NOMINAL,18015,-1,65535,32,16957,329,-238,3
4,follow,stop-at 2.00s,0.5010,NOMINAL,18016,-1,65535,32,29819,328,-239,3
4,follow,stop-at 2.00s,0.5343,NOMINAL,18017,-1,65535,32,25671,329,-239,3
4,follow,stop-at 2.00s,0.5676,NOMINAL,18018,-1,65535,32,44412,329,-239,3
4,follow,stop-at 2.00s,0.6011,NOMINAL,18019,-1,65535,32,42022,329,-239,3
4,follow,stop-at 2.00s,0.6343,NOMINAL,18020,-1,65535,32,42891,329,-239,3
4,follow,stop-at 2.00s,0.6678,NOMINAL,18021,-1,65535,32,60518,329,-239,3
4,follow,stop-at 2.00s,0.7010,NOMINAL,18022,-1,65535,32,38420,329,-239,3
4,follow,stop-at 2.00s,0.7345,NOMINAL,18023,-1,65535,32,71828,329,-239,3
4,follow,stop-at 2.00s,0.7676,NOMINAL,18024,-1,65535,32,43895,329,-239,3
4,follow,stop-at 2.00s,0.8008,NOMINAL,18025,-1,65535,32,23896,328,-239,3
4,follow,stop-at 2.00s,0.8343,NOMINAL,18026,-1,65535,32,37065,329,-239,3
4,follow,stop-at 2.00s,0.8676,NOMINAL,18027,-1,65535,32,96474,328,-239,3
4,follow,stop-at 2.00s,0.9009,NOMINAL,18028,-1,65535,32,47775,328,-239,3
4,follow,stop-at 2.00s,0.9343,NOMINAL,18029,-1,65535,32,85785,328,-239,3
4,follow,stop-at 2.00s,0.9677,NOMINAL,18030,-1,65535,32,43520,328,-239,3
4,follow,stop-at 2.00s,1.0013,NOMINAL,18031,-1,65535,32,47691,329,-239,3
4,follow,stop-at 2.00s,1.0345,NOMINAL,18032,-1,65535,32,41700,329,-239,3
4,follow,stop-at 2.00s,1.0677,NOMINAL,18033,-1,65535,32,37408,329,-239,3
4,follow,stop-at 2.00s,1.1009,NOMINAL,18034,-1,65535,32,42467,329,-239,3
4,follow,stop-at 2.00s,1.1342,NOMINAL,18035,-1,65535,32,23128,329,-239,3
4,follow,stop-at 2.00s,1.1677,NOMINAL,18036,-1,65535,32,79503,328,-238,3
4,follow,stop-at 2.00s,1.2010,NOMINAL,18037,-1,65535,32,46947,328,-239,3
4,follow,stop-at 2.00s,1.2342,NOMINAL,18038,-1,65535,32,41443,328,-238,3
4,follow,stop-at 2.00s,1.2676,NOMINAL,18039,-1,65535,32,66276,329,-239,3
4,follow,stop-at 2.00s,1.3009,NOMINAL,18040,-1,65535,32,40116,329,-239,3
4,follow,stop-at 2.00s,1.3344,NOMINAL,18041,-1,65535,32,40095,329,-239,3
4,follow,stop-at 2.00s,1.3676,NOMINAL,18042,-1,65535,32,40580,329,-239,3
4,follow,stop-at 2.00s,1.4008,NOMINAL,18043,-1,65535,32,38864,328,-239,3
4,follow,stop-at 2.00s,1.4343,NOMINAL,18044,-1,65535,32,42962,328,-239,3
4,follow,stop-at 2.00s,1.4678,NOMINAL,18045,-1,65535,32,44893,329,-239,3
4,follow,stop-at 2.00s,1.5011,NOMINAL,18046,-1,65535,32,65951,329,-238,3
4,follow,stop-at 2.00s,1.5342,NOMINAL,18047,-1,65535,32,22926,328,-238,3
4,follow,stop-at 2.00s,1.5677,NOMINAL,18048,-1,65535,32,42517,328,-238,3
4,follow,stop-at 2.00s,1.6011,NOMINAL,18049,-1,65535,32,63425,328,-238,3
4,follow,stop-at 2.00s,1.6343,NOMINAL,18050,-1,65535,32,39736,329,-238,3
4,follow,stop-at 2.00s,1.6679,NOMINAL,18051,-1,65535,32,85592,328,-238,3
4,follow,stop-at 2.00s,1.7012,NOMINAL,18052,-1,65535,32,59107,329,-238,3
4,follow,stop-at 2.00s,1.7344,NOMINAL,18053,-1,65535,32,40852,329,-238,3
4,follow,stop-at 2.00s,1.7677,NOMINAL,18054,-1,65535,32,66290,329,-238,3
4,follow,stop-at 2.00s,1.8010,NOMINAL,18055,-1,65535,32,42273,329,-239,3
4,follow,stop-at 2.00s,1.8343,NOMINAL,18056,-1,65535,32,67100,328,-239,3
4,follow,stop-at 2.00s,1.8677,NOMINAL,18057,-1,65535,32,78087,329,-239,3
4,follow,stop-at 2.00s,1.9008,NOMINAL,18058,-1,65535,32,71675,328,-239,3
4,follow,stop-at 2.00s,1.9343,NOMINAL,18059,-1,65535,32,32493,328,-238,3
4,follow,stop-at 2.00s,1.9676,NOMINAL,18060,-1,65535,32,39130,329,-238,3
4,follow,stop-at 2.00s,2.0701,FAILSAFE,18060,-1,65535,33,0,329,-238,3
4,follow,stop-at 2.00s,2.1707,FAILSAFE,18060,-1,65535,33,0,329,-239,3
4,follow,stop-at 2.00s,2.2712,FAILSAFE,18060,-1,65535,33,0,329,-239,3
4,follow,stop-at 2.00s,2.3717,FAILSAFE,18060,-1,65535,33,0,329,-239,3
4,follow,stop-at 2.00s,2.4721,FAILSAFE,18060,-1,65535,33,0,329,-239,3
4,follow,stop-at 2.00s,2.5727,FAILSAFE,18060,-1,65535,33,0,329,-238,3
5,follow,stop-at 2.00s,-0.9990,FAILSAFE,18061,-1,65535,32,84319,329,-238,3
5,follow,stop-at 2.00s,-0.9656,FAILSAFE,18062,-1,65535,32,53861,329,-238,3
5,follow,stop-at 2.00s,-0.9323,FAILSAFE,18063,-1,65535,32,40081,329,-239,3
5,follow,stop-at 2.00s,-0.9123,FAILSAFE,18063,-1,65535,32,0,329,-238,3
5,follow,stop-at 2.00s,-0.8992,FAILSAFE,18064,-1,65535,32,34082,329,-238,3
5,follow,stop-at 2.00s,-0.8660,FAILSAFE,18065,-1,65535,32,85880,329,-239,3
5,follow,stop-at 2.00s,-0.8324,FAILSAFE,18066,-1,65535,32,77884,329,-238,3
5,follow,stop-at 2.00s,-0.8123,FAILSAFE,18066,-1,65535,32,0,329,-239,3
5,follow,stop-at 2.00s,-0.7992,FAILSAFE,18067,-1,65535,32,34726,329,-239,3
5,follow,stop-at 2.00s,-0.7658,FAILSAFE,18068,-1,65535,32,36834,329,-239,3
5,follow,stop-at 2.00s,-0.7318,FAILSAFE,18069,-1,65535,32,123041,329,-239,3
5,follow,stop-at 2.00s,-0.7117,FAILSAFE,18069,-1,65535,32,0,329,-239,3
5,follow,stop-at 2.00s,-0.6986,NOMINAL,18070,-1,65535,32,57363,329,-239,3
5,follow,stop-at 2.00s,-0.6657,NOMINAL,18071,-1,65535,32,46223,328,-239,3
5,follow,stop-at 2.00s,-0.6324,NOMINAL,18072,-1,65535,32,30852,329,-239,3
5,follow,stop-at 2.00s,-0.5991,NOMINAL,18073,-1,65535,32,40417,329,-239,3
5,follow,stop-at 2.00s,-0.5656,NOMINAL,18074,-1,65535,32,37674,328,-239,3
5,follow,stop-at 2.00s,-0.5323,NOMINAL,18075,-1,65535,32,59585,328,-239,3
5,follow,stop-at 2.00s,-0.4992,NOMINAL,18076,-1,65535,32,41281,329,-239,3
5,follow,stop-at 2.00s,-0.4658,NOMINAL,18077,-1,65535,32,37191,328,-239,3
5,follow,stop-at 2.00s,-0.4326,NOMINAL,18078,-1,65535,32,38803,328,-239,3
5,follow,stop-at 2.00s,-0.3993,NOMINAL,18079,-1,65535,32,40752,328,-238,3
5,follow,stop-at 2.00s,-0.3660,NOMINAL,18080,-1,65535,32,51650,329,-239,3
5,follow,stop-at 2.00s,-0.3325,NOMINAL,18081,-1,65535,32,39818,329,-238,3
5,follow,stop-at 2.00s,-0.2991,NOMINAL,18082,-1,65535,32,40542,329,-239,3
5,follow,stop-at 2.00s,-0.2658,NOMINAL,18083,-1,65535,32,53758,329,-239,3
5,follow,stop-at 2.00s,-0.2326,NOMINAL,18084,-1,65535,32,64798,329,-239,3
5,follow,stop-at 2.00s,-0.1991,NOMINAL,18085,-1,65535,32,57392,329,-239,3
5,follow,stop-at 2.00s,-0.1659,NOMINAL,18086,-1,65535,32,56512,329,-239,3
5,follow,stop-at 2.00s,-0.1324,NOMINAL,18087,-1,65535,32,101906,328,-239,3
5,follow,stop-at 2.00s,-0.0990,NOMINAL,18088,-1,65535,32,69514,328,-239,3
5,follow,stop-at 2.00s,-0.0657,NOMINAL,18089,-1,65535,32,65699,328,-239,3
5,follow,stop-at 2.00s,-0.0324,NOMINAL,18090,-1,65535,32,66218,329,-239,3
5,follow,stop-at 2.00s,0.0010,NOMINAL,18091,-1,65535,32,72784,329,-239,3
5,follow,stop-at 2.00s,0.0341,NOMINAL,18092,-1,65535,32,43051,329,-239,3
5,follow,stop-at 2.00s,0.0676,NOMINAL,18093,-1,65535,32,58333,329,-239,3
5,follow,stop-at 2.00s,0.1012,NOMINAL,18094,-1,65535,32,84992,329,-238,3
5,follow,stop-at 2.00s,0.1342,NOMINAL,18095,-1,65535,32,57626,329,-238,3
5,follow,stop-at 2.00s,0.1678,NOMINAL,18096,-1,65535,32,46993,329,-239,3
5,follow,stop-at 2.00s,0.2011,NOMINAL,18097,-1,65535,32,64206,329,-239,3
5,follow,stop-at 2.00s,0.2344,NOMINAL,18098,-1,65535,32,40210,329,-239,3
5,follow,stop-at 2.00s,0.2676,NOMINAL,18099,-1,65535,32,27659,329,-239,3
5,follow,stop-at 2.00s,0.3010,NOMINAL,18100,-1,65535,32,56056,329,-238,3
5,follow,stop-at 2.00s,0.3347,NOMINAL,18101,-1,65535,32,45603,329,-238,3
5,follow,stop-at 2.00s,0.3675,NOMINAL,18102,-1,65535,32,45044,329,-238,3
5,follow,stop-at 2.00s,0.4009,NOMINAL,18103,-1,65535,32,42924,329,-238,3
5,follow,stop-at 2.00s,0.4344,NOMINAL,18104,-1,65535,32,63625,329,-239,3
5,follow,stop-at 2.00s,0.4676,NOMINAL,18105,-1,65535,32,22784,329,-238,3
5,follow,stop-at 2.00s,0.5010,NOMINAL,18106,-1,65535,32,58283,328,-239,3
5,follow,stop-at 2.00s,0.5345,NOMINAL,18107,-1,65535,32,57009,329,-238,3
5,follow,stop-at 2.00s,0.5679,NOMINAL,18108,-1,65535,32,44514,329,-239,3
5,follow,stop-at 2.00s,0.6008,NOMINAL,18109,-1,65535,32,58178,329,-239,3
5,follow,stop-at 2.00s,0.6345,NOMINAL,18110,-1,65535,32,41618,329,-239,3
5,follow,stop-at 2.00s,0.6676,NOMINAL,18111,-1,65535,32,41378,329,-238,3
5,follow,stop-at 2.00s,0.7011,NOMINAL,18112,-1,65535,32,52704,329,-238,3
5,follow,stop-at 2.00s,0.7343,NOMINAL,18113,-1,65535,32,84883,329,-239,3
5,follow,stop-at 2.00s,0.7677,NOMINAL,18114,-1,65535,32,85844,329,-239,3
5,follow,stop-at 2.00s,0.8010,NOMINAL,18115,-1,65535,32,41289,329,-238,3
5,follow,stop-at 2.00s,0.8340,NOMINAL,18116,-1,65535,32,58461,329,-239,3
5,follow,stop-at 2.00s,0.8675,NOMINAL,18117,-1,65535,32,41842,328,-239,3
5,follow,stop-at 2.00s,0.9011,NOMINAL,18118,-1,65535,32,56393,329,-239,3
5,follow,stop-at 2.00s,0.9342,NOMINAL,18119,-1,65535,32,39158,329,-239,3
5,follow,stop-at 2.00s,0.9676,NOMINAL,18120,-1,65535,32,56817,329,-239,3
5,follow,stop-at 2.00s,1.0009,NOMINAL,18121,-1,65535,32,49401,329,-239,3
5,follow,stop-at 2.00s,1.0343,NOMINAL,18122,-1,65535,32,39168,329,-239,3
5,follow,stop-at 2.00s,1.0676,NOMINAL,18123,-1,65535,32,44741,329,-239,3
5,follow,stop-at 2.00s,1.1009,NOMINAL,18124,-1,65535,32,54949,329,-239,3
5,follow,stop-at 2.00s,1.1344,NOMINAL,18125,-1,65535,32,90516,329,-239,3
5,follow,stop-at 2.00s,1.1676,NOMINAL,18126,-1,65535,32,27421,329,-238,3
5,follow,stop-at 2.00s,1.2008,NOMINAL,18127,-1,65535,32,56887,329,-239,3
5,follow,stop-at 2.00s,1.2342,NOMINAL,18128,-1,65535,32,68059,329,-239,3
5,follow,stop-at 2.00s,1.2677,NOMINAL,18129,-1,65535,32,79858,329,-239,3
5,follow,stop-at 2.00s,1.3011,NOMINAL,18130,-1,65535,32,40702,329,-239,3
5,follow,stop-at 2.00s,1.3344,NOMINAL,18131,-1,65535,32,64373,329,-239,3
5,follow,stop-at 2.00s,1.3677,NOMINAL,18132,-1,65535,32,66265,329,-239,3
5,follow,stop-at 2.00s,1.4008,NOMINAL,18133,-1,65535,32,44781,329,-239,3
5,follow,stop-at 2.00s,1.4345,NOMINAL,18134,-1,65535,32,67688,329,-239,3
5,follow,stop-at 2.00s,1.4677,NOMINAL,18135,-1,65535,32,67756,329,-239,3
5,follow,stop-at 2.00s,1.5011,NOMINAL,18136,-1,65535,32,84988,328,-239,3
5,follow,stop-at 2.00s,1.5344,NOMINAL,18137,-1,65535,32,81772,329,-239,3
5,follow,stop-at 2.00s,1.5678,NOMINAL,18138,-1,65535,32,57885,328,-239,3
5,follow,stop-at 2.00s,1.6010,NOMINAL,18139,-1,65535,32,68133,329,-239,3
5,follow,stop-at 2.00s,1.6343,NOMINAL,18140,-1,65535,32,59095,329,-239,3
5,follow,stop-at 2.00s,1.6678,NOMINAL,18141,-1,65535,32,56488,329,-239,3
5,follow,stop-at 2.00s,1.7010,NOMINAL,18142,-1,65535,32,60165,329,-239,3
5,follow,stop-at 2.00s,1.7342,NOMINAL,18143,-1,65535,32,37458,329,-239,3
5,follow,stop-at 2.00s,1.7676,NOMINAL,18144,-1,65535,32,77190,328,-239,3
5,follow,stop-at 2.00s,1.8009,NOMINAL,18145,-1,65535,32,55800,329,-239,3
5,follow,stop-at 2.00s,1.8344,NOMINAL,18146,-1,65535,32,39667,328,-238,3
5,follow,stop-at 2.00s,1.8676,NOMINAL,18147,-1,65535,32,62130,328,-239,3
5,follow,stop-at 2.00s,1.9011,NOMINAL,18148,-1,65535,32,23304,329,-239,3
5,follow,stop-at 2.00s,1.9342,NOMINAL,18149,-1,65535,32,58887,329,-238,3
5,follow,stop-at 2.00s,1.9677,NOMINAL,18150,-1,65535,32,40637,329,-238,3
5,follow,stop-at 2.00s,2.0775,FAILSAFE,18150,-1,65535,33,0,329,-238,3
5,follow,stop-at 2.00s,2.1779,FAILSAFE,18150,-1,65535,33,0,329,-239,3
5,follow,stop-at 2.00s,2.2784,FAILSAFE,18150,-1,65535,33,0,329,-239,3
5,follow,stop-at 2.00s,2.3790,FAILSAFE,18150,-1,65535,33,0,329,-239,3
5,follow,stop-at 2.00s,2.4794,FAILSAFE,18150,-1,65535,33,0,329,-239,3
5,follow,stop-at 2.00s,2.5799,FAILSAFE,18150,-1,65535,33,0,329,-238,3
6,follow,stop-at 2.00s,-0.9992,FAILSAFE,18151,-1,65535,32,32309,329,-239,3
6,follow,stop-at 2.00s,-0.9659,FAILSAFE,18152,-1,65535,32,33663,329,-238,3
6,follow,stop-at 2.00s,-0.9324,FAILSAFE,18153,-1,65535,32,50775,329,-239,3
6,follow,stop-at 2.00s,-0.9122,FAILSAFE,18153,-1,65535,32,0,329,-239,3
6,follow,stop-at 2.00s,-0.8991,FAILSAFE,18154,-1,65535,32,31886,329,-239,3
6,follow,stop-at 2.00s,-0.8658,FAILSAFE,18155,-1,65535,32,66418,329,-239,3
6,follow,stop-at 2.00s,-0.8325,FAILSAFE,18156,-1,65535,32,51560,329,-239,3
6,follow,stop-at 2.00s,-0.8125,FAILSAFE,18156,-1,65535,32,0,329,-239,3
6,follow,stop-at 2.00s,-0.7992,FAILSAFE,18157,-1,65535,32,34942,329,-239,3
6,follow,stop-at 2.00s,-0.7656,FAILSAFE,18158,-1,65535,32,56022,329,-238,3
6,follow,stop-at 2.00s,-0.7325,FAILSAFE,18159,-1,65535,32,43167,329,-239,3
6,follow,stop-at 2.00s,-0.7122,FAILSAFE,18159,-1,65535,32,0,329,-238,3
6,follow,stop-at 2.00s,-0.6986,NOMINAL,18160,-1,65535,32,89721,329,-238,3
6,follow,stop-at 2.00s,-0.6656,NOMINAL,18161,-1,65535,32,64134,329,-238,3
6,follow,stop-at 2.00s,-0.6325,NOMINAL,18162,-1,65535,32,32072,329,-238,3
6,follow,stop-at 2.00s,-0.5991,NOMINAL,18163,-1,65535,32,40966,329,-238,3
6,follow,stop-at 2.00s,-0.5659,NOMINAL,18164,-1,65535,32,43170,329,-238,3
6,follow,stop-at 2.00s,-0.5323,NOMINAL,18165,-1,65535,32,42225,329,-239,3
6,follow,stop-at 2.00s,-0.4990,NOMINAL,18166,-1,65535,32,84781,328,-239,3
6,follow,stop-at 2.00s,-0.4658,NOMINAL,18167,-1,65535,32,41745,328,-239,3
6,follow,stop-at 2.00s,-0.4323,NOMINAL,18168,-1,65535,32,39567,328,-239,3
6,follow,stop-at 2.00s,-0.3991,NOMINAL,18169,-1,65535,32,61650,328,-239,3
6,follow,stop-at 2.00s,-0.3658,NOMINAL,18170,-1,65535,32,30506,328,-239,3
6,follow,stop-at 2.00s,-0.3324,NOMINAL,18171,-1,65535,32,41625,328,-239,3
6,follow,stop-at 2.00s,-0.2989,NOMINAL,18172,-1,65535,32,38446,329,-239,3
6,follow,stop-at 2.00s,-0.2655,NOMINAL,18173,-1,65535,32,63359,328,-239,3
6,follow,stop-at 2.00s,-0.2325,NOMINAL,18174,-1,65535,32,33075,328,-239,3
6,follow,stop-at 2.00s,-0.1989,NOMINAL,18175,-1,65535,32,59771,329,-239,3
6,follow,stop-at 2.00s,-0.1658,NOMINAL,18176,-1,65535,32,66413,328,-239,3
6,follow,stop-at 2.00s,-0.1323,NOMINAL,18177,-1,65535,32,79610,329,-240,3
6,follow,stop-at 2.00s,-0.0990,NOMINAL,18178,-1,65535,32,45613,328,-240,3
6,follow,stop-at 2.00s,-0.0657,NOMINAL,18179,-1,65535,32,67878,328,-239,3
6,follow,stop-at 2.00s,-0.0325,NOMINAL,18180,-1,65535,32,69843,328,-239,3
6,follow,stop-at 2.00s,0.0011,NOMINAL,18181,-1,65535,32,87835,328,-239,3
6,follow,stop-at 2.00s,0.0344,NOMINAL,18182,-1,65535,32,72678,328,-239,3
6,follow,stop-at 2.00s,0.0675,NOMINAL,18183,-1,65535,32,40825,328,-239,3
6,follow,stop-at 2.00s,0.1010,NOMINAL,18184,-1,65535,32,41505,329,-239,3
6,follow,stop-at 2.00s,0.1342,NOMINAL,18185,-1,65535,32,60910,329,-240,3
6,follow,stop-at 2.00s,0.1676,NOMINAL,18186,-1,65535,32,35744,329,-239,3
6,follow,stop-at 2.00s,0.2008,NOMINAL,18187,-1,65535,32,27255,329,-238,3
6,follow,stop-at 2.00s,0.2343,NOMINAL,18188,-1,65535,32,38384,329,-238,3
6,follow,stop-at 2.00s,0.2678,NOMINAL,18189,-1,65535,32,58509,329,-239,3
6,follow,stop-at 2.00s,0.3010,NOMINAL,18190,-1,65535,32,100390,328,-239,3
6,follow,stop-at 2.00s,0.3347,NOMINAL,18191,-1,65535,32,111464,329,-239,3
6,follow,stop-at 2.00s,0.3679,NOMINAL,18192,-1,65535,32,23827,329,-239,3
6,follow,stop-at 2.00s,0.4010,NOMINAL,18193,-1,65535,32,44700,329,-239,3
6,follow,stop-at 2.00s,0.4345,NOMINAL,18194,-1,65535,32,70501,329,-239,3
6,follow,stop-at 2.00s,0.4677,NOMINAL,18195,-1,65535,32,46116,329,-239,3
6,follow,stop-at 2.00s,0.5009,NOMINAL,18196,-1,65535,32,48497,329,-239,3
6,follow,stop-at 2.00s,0.5343,NOMINAL,18197,-1,65535,32,62767,329,-239,3
6,follow,stop-at 2.00s,0.5678,NOMINAL,18198,-1,65535,32,23334,329,-238,3
6,follow,stop-at 2.00s,0.6010,NOMINAL,18199,-1,65535,32,112093,329,-238,3
6,follow,stop-at 2.00s,0.6344,NOMINAL,18200,-1,65535,32,83234,329,-238,3
6,follow,stop-at 2.00s,0.6677,NOMINAL,18201,-1,65535,32,83763,329,-238,3
6,follow,stop-at 2.00s,0.7009,NOMINAL,18202,-1,65535,32,38891,329,-239,3
6,follow,stop-at 2.00s,0.7345,NOMINAL,18203,-1,65535,32,57572,329,-239,3
6,follow,stop-at 2.00s,0.7677,NOMINAL,18204,-1,65535,32,69667,329,-239,3
6,follow,stop-at 2.00s,0.8010,NOMINAL,18205,-1,65535,32,71651,329,-239,3
6,follow,stop-at 2.00s,0.8344,NOMINAL,18206,-1,65535,32,28159,329,-238,3
6,follow,stop-at 2.00s,0.8677,NOMINAL,18207,-1,65535,32,80472,329,-239,3
6,follow,stop-at 2.00s,0.9009,NOMINAL,18208,-1,65535,32,22666,329,-239,3
6,follow,stop-at 2.00s,0.9343,NOMINAL,18209,-1,65535,32,40130,329,-239,3
6,follow,stop-at 2.00s,0.9678,NOMINAL,18210,-1,65535,32,69391,329,-239,3
6,follow,stop-at 2.00s,1.0008,NOMINAL,18211,-1,65535,32,22604,329,-239,3
6,follow,stop-at 2.00s,1.0342,NOMINAL,18212,-1,65535,32,40475,329,-239,3
6,follow,stop-at 2.00s,1.0677,NOMINAL,18213,-1,65535,32,60020,329,-238,3
6,follow,stop-at 2.00s,1.1009,NOMINAL,18214,-1,65535,32,67280,329,-238,3
6,follow,stop-at 2.00s,1.1343,NOMINAL,18215,-1,65535,32,37400,329,-238,3
6,follow,stop-at 2.00s,1.1675,NOMINAL,18216,-1,65535,32,45641,329,-239,3
6,follow,stop-at 2.00s,1.2011,NOMINAL,18217,-1,65535,32,37787,329,-239,3
6,follow,stop-at 2.00s,1.2343,NOMINAL,18218,-1,65535,32,44954,329,-239,3
6,follow,stop-at 2.00s,1.2676,NOMINAL,18219,-1,65535,32,43204,329,-239,3
6,follow,stop-at 2.00s,1.3010,NOMINAL,18220,-1,65535,32,38425,329,-239,3
6,follow,stop-at 2.00s,1.3341,NOMINAL,18221,-1,65535,32,42929,329,-239,3
6,follow,stop-at 2.00s,1.3676,NOMINAL,18222,-1,65535,32,56322,329,-239,3
6,follow,stop-at 2.00s,1.4011,NOMINAL,18223,-1,65535,32,58204,329,-239,3
6,follow,stop-at 2.00s,1.4343,NOMINAL,18224,-1,65535,32,41853,329,-239,3
6,follow,stop-at 2.00s,1.4678,NOMINAL,18225,-1,65535,32,36295,329,-239,3
6,follow,stop-at 2.00s,1.5011,NOMINAL,18226,-1,65535,32,82313,329,-239,3
6,follow,stop-at 2.00s,1.5342,NOMINAL,18227,-1,65535,32,52882,329,-239,3
6,follow,stop-at 2.00s,1.5676,NOMINAL,18228,-1,65535,32,41318,329,-239,3
6,follow,stop-at 2.00s,1.6010,NOMINAL,18229,-1,65535,32,38771,329,-239,3
6,follow,stop-at 2.00s,1.6346,NOMINAL,18230,-1,65535,32,46994,329,-239,3
6,follow,stop-at 2.00s,1.6677,NOMINAL,18231,-1,65535,32,83817,329,-239,3
6,follow,stop-at 2.00s,1.7010,NOMINAL,18232,-1,65535,32,70241,329,-238,3
6,follow,stop-at 2.00s,1.7344,NOMINAL,18233,-1,65535,32,107839,329,-239,3
6,follow,stop-at 2.00s,1.7675,NOMINAL,18234,-1,65535,32,41642,329,-239,3
6,follow,stop-at 2.00s,1.8009,NOMINAL,18235,-1,65535,32,41567,329,-239,3
6,follow,stop-at 2.00s,1.8343,NOMINAL,18236,-1,65535,32,54814,329,-238,3
6,follow,stop-at 2.00s,1.8675,NOMINAL,18237,-1,65535,32,38482,329,-238,3
6,follow,stop-at 2.00s,1.9010,NOMINAL,18238,-1,65535,32,38924,329,-238,3
6,follow,stop-at 2.00s,1.9342,NOMINAL,18239,-1,65535,32,43257,329,-238,3
6,follow,stop-at 2.00s,1.9675,NOMINAL,18240,-1,65535,32,56813,329,-238,3
6,follow,stop-at 2.00s,2.0747,FAILSAFE,18240,-1,65535,33,0,328,-238,3
6,follow,stop-at 2.00s,2.1751,FAILSAFE,18240,-1,65535,33,0,328,-238,3
6,follow,stop-at 2.00s,2.2757,FAILSAFE,18240,-1,65535,33,0,329,-239,3
6,follow,stop-at 2.00s,2.3761,FAILSAFE,18240,-1,65535,33,0,329,-239,3
6,follow,stop-at 2.00s,2.4766,FAILSAFE,18240,-1,65535,33,0,328,-239,3
6,follow,stop-at 2.00s,2.5772,FAILSAFE,18240,-1,65535,33,0,329,-239,3
7,follow,stop-at 2.00s,-0.9990,FAILSAFE,18241,-1,65535,32,37110,329,-239,3
7,follow,stop-at 2.00s,-0.9656,FAILSAFE,18242,-1,65535,32,77593,329,-240,3
7,follow,stop-at 2.00s,-0.9324,FAILSAFE,18243,-1,65535,32,15465,329,-240,3
7,follow,stop-at 2.00s,-0.9124,FAILSAFE,18243,-1,65535,32,0,328,-239,3
7,follow,stop-at 2.00s,-0.8989,FAILSAFE,18244,-1,65535,32,102581,328,-239,3
7,follow,stop-at 2.00s,-0.8658,FAILSAFE,18245,-1,65535,32,78014,328,-239,3
7,follow,stop-at 2.00s,-0.8325,FAILSAFE,18246,-1,65535,32,35724,329,-239,3
7,follow,stop-at 2.00s,-0.8124,FAILSAFE,18246,-1,65535,32,0,329,-239,3
7,follow,stop-at 2.00s,-0.7991,FAILSAFE,18247,-1,65535,32,31713,329,-239,3
7,follow,stop-at 2.00s,-0.7658,FAILSAFE,18248,-1,65535,32,35918,329,-239,3
7,follow,stop-at 2.00s,-0.7323,FAILSAFE,18249,-1,65535,32,35472,329,-239,3
7,follow,stop-at 2.00s,-0.7122,FAILSAFE,18249,-1,65535,32,0,329,-238,3
7,follow,stop-at 2.00s,-0.6983,NOMINAL,18250,-1,65535,32,103153,329,-238,3
7,follow,stop-at 2.00s,-0.6655,NOMINAL,18251,-1,65535,32,59010,329,-239,3
7,follow,stop-at 2.00s,-0.6325,NOMINAL,18252,-1,65535,32,40849,329,-238,3
7,follow,stop-at 2.00s,-0.5991,NOMINAL,18253,-1,65535,32,44759,329,-239,3
7,follow,stop-at 2.00s,-0.5657,NOMINAL,18254,-1,65535,32,71617,329,-239,3
7,follow,stop-at 2.00s,-0.5324,NOMINAL,18255,-1,65535,32,45617,329,-239,3
7,follow,stop-at 2.00s,-0.4991,NOMINAL,18256,-1,65535,32,32784,329,-239,3
7,follow,stop-at 2.00s,-0.4657,NOMINAL,18257,-1,65535,32,41445,329,-239,3
7,follow,stop-at 2.00s,-0.4323,NOMINAL,18258,-1,65535,32,85463,329,-238,3
7,follow,stop-at 2.00s,-0.3990,NOMINAL,18259,-1,65535,32,70404,329,-239,3
7,follow,stop-at 2.00s,-0.3658,NOMINAL,18260,-1,65535,32,39238,329,-239,3
7,follow,stop-at 2.00s,-0.3323,NOMINAL,18261,-1,65535,32,42844,329,-239,3
7,follow,stop-at 2.00s,-0.2991,NOMINAL,18262,-1,65535,32,91913,329,-239,3
7,follow,stop-at 2.00s,-0.2658,NOMINAL,18263,-1,65535,32,38791,329,-238,3
7,follow,stop-at 2.00s,-0.2325,NOMINAL,18264,-1,65535,32,40495,329,-238,3
7,follow,stop-at 2.00s,-0.1993,NOMINAL,18265,-1,65535,32,41117,328,-238,3
7,follow,stop-at 2.00s,-0.1658,NOMINAL,18266,-1,65535,32,40462,329,-238,3
7,follow,stop-at 2.00s,-0.1324,NOMINAL,18267,-1,65535,32,41117,329,-239,3
7,follow,stop-at 2.00s,-0.0990,NOMINAL,18268,-1,65535,32,95729,329,-238,3
7,follow,stop-at 2.00s,-0.0657,NOMINAL,18269,-1,65535,32,75977,329,-239,3
7,follow,stop-at 2.00s,-0.0325,NOMINAL,18270,-1,65535,32,40040,329,-238,3
7,follow,stop-at 2.00s,0.0012,NOMINAL,18271,-1,65535,32,59181,329,-239,3
7,follow,stop-at 2.00s,0.0344,NOMINAL,18272,-1,65535,32,80651,329,-239,3
7,follow,stop-at 2.00s,0.0678,NOMINAL,18273,-1,65535,32,58420,329,-239,3
7,follow,stop-at 2.00s,0.1009,NOMINAL,18274,-1,65535,32,25162,329,-239,3
7,follow,stop-at 2.00s,0.1342,NOMINAL,18275,-1,65535,32,39390,328,-239,3
7,follow,stop-at 2.00s,0.1676,NOMINAL,18276,-1,65535,32,42704,328,-239,3
7,follow,stop-at 2.00s,0.2010,NOMINAL,18277,-1,65535,32,56633,328,-239,3
7,follow,stop-at 2.00s,0.2344,NOMINAL,18278,-1,65535,32,38538,329,-239,3
7,follow,stop-at 2.00s,0.2675,NOMINAL,18279,-1,65535,32,43168,329,-238,3
7,follow,stop-at 2.00s,0.3011,NOMINAL,18280,-1,65535,32,46308,329,-239,3
7,follow,stop-at 2.00s,0.3344,NOMINAL,18281,-1,65535,32,46966,329,-239,3
7,follow,stop-at 2.00s,0.3676,NOMINAL,18282,-1,65535,32,51682,329,-239,3
7,follow,stop-at 2.00s,0.4009,NOMINAL,18283,-1,65535,32,59869,329,-239,3
7,follow,stop-at 2.00s,0.4342,NOMINAL,18284,-1,65535,32,44894,328,-239,3
7,follow,stop-at 2.00s,0.4677,NOMINAL,18285,-1,65535,32,62212,328,-239,3
7,follow,stop-at 2.00s,0.5008,NOMINAL,18286,-1,65535,32,42420,328,-239,3
7,follow,stop-at 2.00s,0.5342,NOMINAL,18287,-1,65535,32,68792,329,-239,3
7,follow,stop-at 2.00s,0.5676,NOMINAL,18288,-1,65535,32,40391,329,-239,3
7,follow,stop-at 2.00s,0.6011,NOMINAL,18289,-1,65535,32,119369,329,-239,3
7,follow,stop-at 2.00s,0.6345,NOMINAL,18290,-1,65535,32,68705,329,-239,3
7,follow,stop-at 2.00s,0.6677,NOMINAL,18291,-1,65535,32,62048,329,-239,3
7,follow,stop-at 2.00s,0.7009,NOMINAL,18292,-1,65535,32,34886,329,-239,3
7,follow,stop-at 2.00s,0.7342,NOMINAL,18293,-1,65535,32,49000,329,-239,3
7,follow,stop-at 2.00s,0.7676,NOMINAL,18294,-1,65535,32,41132,329,-239,3
7,follow,stop-at 2.00s,0.8011,NOMINAL,18295,-1,65535,32,96960,329,-239,3
7,follow,stop-at 2.00s,0.8345,NOMINAL,18296,-1,65535,32,81707,329,-239,3
7,follow,stop-at 2.00s,0.8676,NOMINAL,18297,-1,65535,32,67170,329,-239,3
7,follow,stop-at 2.00s,0.9011,NOMINAL,18298,-1,65535,32,20366,328,-239,3
7,follow,stop-at 2.00s,0.9343,NOMINAL,18299,-1,65535,32,69309,328,-239,3
7,follow,stop-at 2.00s,0.9676,NOMINAL,18300,-1,65535,32,63775,328,-238,3
7,follow,stop-at 2.00s,1.0011,NOMINAL,18301,-1,65535,32,81439,328,-238,3
7,follow,stop-at 2.00s,1.0345,NOMINAL,18302,-1,65535,32,84892,328,-238,3
7,follow,stop-at 2.00s,1.0677,NOMINAL,18303,-1,65535,32,69121,328,-238,3
7,follow,stop-at 2.00s,1.1010,NOMINAL,18304,-1,65535,32,68581,329,-239,3
7,follow,stop-at 2.00s,1.1342,NOMINAL,18305,-1,65535,32,20820,329,-238,3
7,follow,stop-at 2.00s,1.1675,NOMINAL,18306,-1,65535,32,42671,329,-239,3
7,follow,stop-at 2.00s,1.2010,NOMINAL,18307,-1,65535,32,55991,329,-238,3
7,follow,stop-at 2.00s,1.2344,NOMINAL,18308,-1,65535,32,57712,329,-238,3
7,follow,stop-at 2.00s,1.2675,NOMINAL,18309,-1,65535,32,61550,329,-238,3
7,follow,stop-at 2.00s,1.3011,NOMINAL,18310,-1,65535,32,41570,329,-239,3
7,follow,stop-at 2.00s,1.3344,NOMINAL,18311,-1,65535,32,41347,329,-239,3
7,follow,stop-at 2.00s,1.3675,NOMINAL,18312,-1,65535,32,56477,329,-239,3
7,follow,stop-at 2.00s,1.4010,NOMINAL,18313,-1,65535,32,81738,328,-239,3
7,follow,stop-at 2.00s,1.4343,NOMINAL,18314,-1,65535,32,38440,329,-238,3
7,follow,stop-at 2.00s,1.4677,NOMINAL,18315,-1,65535,32,64573,328,-239,3
7,follow,stop-at 2.00s,1.5011,NOMINAL,18316,-1,65535,32,57874,328,-239,3
7,follow,stop-at 2.00s,1.5343,NOMINAL,18317,-1,65535,32,46152,328,-239,3
7,follow,stop-at 2.00s,1.5678,NOMINAL,18318,-1,65535,32,79641,328,-239,3
7,follow,stop-at 2.00s,1.6011,NOMINAL,18319,-1,65535,32,67745,329,-239,3
7,follow,stop-at 2.00s,1.6343,NOMINAL,18320,-1,65535,32,79705,329,-239,3
7,follow,stop-at 2.00s,1.6675,NOMINAL,18321,-1,65535,32,21184,329,-239,3
7,follow,stop-at 2.00s,1.7010,NOMINAL,18322,-1,65535,32,38288,329,-239,3
7,follow,stop-at 2.00s,1.7342,NOMINAL,18323,-1,65535,32,40176,329,-238,3
7,follow,stop-at 2.00s,1.7675,NOMINAL,18324,-1,65535,32,42178,329,-238,3
7,follow,stop-at 2.00s,1.8012,NOMINAL,18325,-1,65535,32,50069,329,-238,3
7,follow,stop-at 2.00s,1.8344,NOMINAL,18326,-1,65535,32,81562,329,-238,3
7,follow,stop-at 2.00s,1.8678,NOMINAL,18327,-1,65535,32,65868,329,-239,3
7,follow,stop-at 2.00s,1.9012,NOMINAL,18328,-1,65535,32,45391,329,-239,3
7,follow,stop-at 2.00s,1.9342,NOMINAL,18329,-1,65535,32,41337,329,-238,3
7,follow,stop-at 2.00s,1.9676,NOMINAL,18330,-1,65535,32,38808,329,-239,3
7,follow,stop-at 2.00s,2.0717,FAILSAFE,18330,-1,65535,33,0,329,-239,3
7,follow,stop-at 2.00s,2.1722,FAILSAFE,18330,-1,65535,33,0,328,-239,3
7,follow,stop-at 2.00s,2.2727,FAILSAFE,18330,-1,65535,33,0,328,-239,3
7,follow,stop-at 2.00s,2.3732,FAILSAFE,18330,-1,65535,33,0,329,-239,3
7,follow,stop-at 2.00s,2.4738,FAILSAFE,18330,-1,65535,33,0,329,-238,3
7,follow,stop-at 2.00s,2.5744,FAILSAFE,18330,-1,65535,33,0,328,-239,3
8,follow,stop-at 2.00s,-0.9990,FAILSAFE,18331,-1,65535,32,42671,329,-239,3
8,follow,stop-at 2.00s,-0.9656,FAILSAFE,18332,-1,65535,32,40023,329,-239,3
8,follow,stop-at 2.00s,-0.9323,FAILSAFE,18333,-1,65535,32,39724,329,-239,3
8,follow,stop-at 2.00s,-0.9122,FAILSAFE,18333,-1,65535,32,0,329,-239,3
8,follow,stop-at 2.00s,-0.8991,FAILSAFE,18334,-1,65535,32,62059,329,-239,3
8,follow,stop-at 2.00s,-0.8658,FAILSAFE,18335,-1,65535,32,37138,329,-238,3
8,follow,stop-at 2.00s,-0.8326,FAILSAFE,18336,-1,65535,32,34638,329,-239,3
8,follow,stop-at 2.00s,-0.8124,FAILSAFE,18336,-1,65535,32,0,329,-238,3
8,follow,stop-at 2.00s,-0.7992,FAILSAFE,18337,-1,65535,32,54833,329,-238,3
8,follow,stop-at 2.00s,-0.7658,FAILSAFE,18338,-1,65535,32,17788,330,-238,3
8,follow,stop-at 2.00s,-0.7324,FAILSAFE,18339,-1,65535,32,35342,330,-239,3
8,follow,stop-at 2.00s,-0.7120,FAILSAFE,18339,-1,65535,32,0,330,-239,3
8,follow,stop-at 2.00s,-0.6986,NOMINAL,18340,-1,65535,32,65191,330,-239,3
8,follow,stop-at 2.00s,-0.6658,NOMINAL,18341,-1,65535,32,26440,329,-239,3
8,follow,stop-at 2.00s,-0.6323,NOMINAL,18342,-1,65535,32,63703,329,-239,3
8,follow,stop-at 2.00s,-0.5991,NOMINAL,18343,-1,65535,32,43822,329,-239,3
8,follow,stop-at 2.00s,-0.5657,NOMINAL,18344,-1,65535,32,57050,329,-239,3
8,follow,stop-at 2.00s,-0.5324,NOMINAL,18345,-1,65535,32,58374,329,-239,3
8,follow,stop-at 2.00s,-0.4991,NOMINAL,18346,-1,65535,32,56337,329,-239,3
8,follow,stop-at 2.00s,-0.4658,NOMINAL,18347,-1,65535,32,23683,329,-239,3
8,follow,stop-at 2.00s,-0.4322,NOMINAL,18348,-1,65535,32,80325,328,-239,3
8,follow,stop-at 2.00s,-0.3991,NOMINAL,18349,-1,65535,32,52559,329,-238,3
8,follow,stop-at 2.00s,-0.3657,NOMINAL,18350,-1,65535,32,85509,329,-239,3
8,follow,stop-at 2.00s,-0.3324,NOMINAL,18351,-1,65535,32,40650,329,-239,3
8,follow,stop-at 2.00s,-0.2990,NOMINAL,18352,-1,65535,32,64696,329,-239,3
8,follow,stop-at 2.00s,-0.2658,NOMINAL,18353,-1,65535,32,46833,329,-239,3
8,follow,stop-at 2.00s,-0.2323,NOMINAL,18354,-1,65535,32,68167,329,-239,3
8,follow,stop-at 2.00s,-0.1989,NOMINAL,18355,-1,65535,32,84075,329,-239,3
8,follow,stop-at 2.00s,-0.1657,NOMINAL,18356,-1,65535,32,67085,329,-239,3
8,follow,stop-at 2.00s,-0.1324,NOMINAL,18357,-1,65535,32,82750,329,-239,3
8,follow,stop-at 2.00s,-0.0992,NOMINAL,18358,-1,65535,32,66484,329,-239,3
8,follow,stop-at 2.00s,-0.0658,NOMINAL,18359,-1,65535,32,85745,329,-239,3
8,follow,stop-at 2.00s,-0.0324,NOMINAL,18360,-1,65535,32,71467,329,-238,3
8,follow,stop-at 2.00s,0.0009,NOMINAL,18361,-1,65535,32,41783,329,-239,3
8,follow,stop-at 2.00s,0.0346,NOMINAL,18362,-1,65535,32,85175,329,-238,3
8,follow,stop-at 2.00s,0.0679,NOMINAL,18363,-1,65535,32,78880,329,-238,3
8,follow,stop-at 2.00s,0.1011,NOMINAL,18364,-1,65535,32,36875,329,-239,3
8,follow,stop-at 2.00s,0.1342,NOMINAL,18365,-1,65535,32,27670,330,-239,3
8,follow,stop-at 2.00s,0.1674,NOMINAL,18366,-1,65535,32,45137,329,-239,3
8,follow,stop-at 2.00s,0.2008,NOMINAL,18367,-1,65535,32,43033,329,-239,3
8,follow,stop-at 2.00s,0.2343,NOMINAL,18368,-1,65535,32,44392,329,-239,3
8,follow,stop-at 2.00s,0.2678,NOMINAL,18369,-1,65535,32,97460,328,-239,3
8,follow,stop-at 2.00s,0.3009,NOMINAL,18370,-1,65535,32,79251,328,-239,3
8,follow,stop-at 2.00s,0.3346,NOMINAL,18371,-1,65535,32,47077,328,-239,3
8,follow,stop-at 2.00s,0.3679,NOMINAL,18372,-1,65535,32,59476,328,-239,3
8,follow,stop-at 2.00s,0.4010,NOMINAL,18373,-1,65535,32,40785,329,-239,3
8,follow,stop-at 2.00s,0.4343,NOMINAL,18374,-1,65535,32,37903,329,-239,3
8,follow,stop-at 2.00s,0.4677,NOMINAL,18375,-1,65535,32,60170,329,-239,3
8,follow,stop-at 2.00s,0.5010,NOMINAL,18376,-1,65535,32,50147,329,-239,3
8,follow,stop-at 2.00s,0.5342,NOMINAL,18377,-1,65535,32,37454,329,-239,3
8,follow,stop-at 2.00s,0.5676,NOMINAL,18378,-1,65535,32,40521,329,-239,3
8,follow,stop-at 2.00s,0.6009,NOMINAL,18379,-1,65535,32,58025,328,-239,3
8,follow,stop-at 2.00s,0.6343,NOMINAL,18380,-1,65535,32,43988,329,-239,3
8,follow,stop-at 2.00s,0.6678,NOMINAL,18381,-1,65535,32,38128,329,-239,3
8,follow,stop-at 2.00s,0.7008,NOMINAL,18382,-1,65535,32,37367,329,-239,3
8,follow,stop-at 2.00s,0.7342,NOMINAL,18383,-1,65535,32,39916,329,-239,3
8,follow,stop-at 2.00s,0.7678,NOMINAL,18384,-1,65535,32,85471,329,-239,3
8,follow,stop-at 2.00s,0.8010,NOMINAL,18385,-1,65535,32,46100,329,-239,3
8,follow,stop-at 2.00s,0.8344,NOMINAL,18386,-1,65535,32,23339,329,-239,3
8,follow,stop-at 2.00s,0.8679,NOMINAL,18387,-1,65535,32,53496,329,-239,3
8,follow,stop-at 2.00s,0.9010,NOMINAL,18388,-1,65535,32,71197,329,-238,3
8,follow,stop-at 2.00s,0.9344,NOMINAL,18389,-1,65535,32,57604,329,-238,3
8,follow,stop-at 2.00s,0.9677,NOMINAL,18390,-1,65535,32,36758,329,-239,3
8,follow,stop-at 2.00s,1.0011,NOMINAL,18391,-1,65535,32,43660,329,-239,3
8,follow,stop-at 2.00s,1.0343,NOMINAL,18392,-1,65535,32,48179,329,-239,3
8,follow,stop-at 2.00s,1.0675,NOMINAL,18393,-1,65535,32,42667,329,-239,3
8,follow,stop-at 2.00s,1.1012,NOMINAL,18394,-1,65535,32,57706,329,-239,3
8,follow,stop-at 2.00s,1.1342,NOMINAL,18395,-1,65535,32,50912,329,-239,3
8,follow,stop-at 2.00s,1.1677,NOMINAL,18396,-1,65535,32,66629,329,-239,3
8,follow,stop-at 2.00s,1.2009,NOMINAL,18397,-1,65535,32,59984,329,-239,3
8,follow,stop-at 2.00s,1.2342,NOMINAL,18398,-1,65535,32,68092,329,-238,3
8,follow,stop-at 2.00s,1.2680,NOMINAL,18399,-1,65535,32,51003,329,-239,3
8,follow,stop-at 2.00s,1.3010,NOMINAL,18400,-1,65535,32,79242,329,-239,3
8,follow,stop-at 2.00s,1.3344,NOMINAL,18401,-1,65535,32,83946,329,-239,3
8,follow,stop-at 2.00s,1.3676,NOMINAL,18402,-1,65535,32,41420,329,-239,3
8,follow,stop-at 2.00s,1.4008,NOMINAL,18403,-1,65535,32,55538,329,-238,3
8,follow,stop-at 2.00s,1.4343,NOMINAL,18404,-1,65535,32,58908,329,-238,3
8,follow,stop-at 2.00s,1.4676,NOMINAL,18405,-1,65535,32,56292,329,-238,3
8,follow,stop-at 2.00s,1.5010,NOMINAL,18406,-1,65535,32,43005,329,-239,3
8,follow,stop-at 2.00s,1.5343,NOMINAL,18407,-1,65535,32,24575,328,-239,3
8,follow,stop-at 2.00s,1.5676,NOMINAL,18408,-1,65535,32,56918,329,-239,3
8,follow,stop-at 2.00s,1.6010,NOMINAL,18409,-1,65535,32,27760,329,-239,3
8,follow,stop-at 2.00s,1.6343,NOMINAL,18410,-1,65535,32,55968,329,-239,3
8,follow,stop-at 2.00s,1.6677,NOMINAL,18411,-1,65535,32,63315,329,-239,3
8,follow,stop-at 2.00s,1.7009,NOMINAL,18412,-1,65535,32,81239,329,-239,3
8,follow,stop-at 2.00s,1.7345,NOMINAL,18413,-1,65535,32,133307,329,-239,3
8,follow,stop-at 2.00s,1.7676,NOMINAL,18414,-1,65535,32,86660,329,-239,3
8,follow,stop-at 2.00s,1.8011,NOMINAL,18415,-1,65535,32,99163,329,-239,3
8,follow,stop-at 2.00s,1.8343,NOMINAL,18416,-1,65535,32,40639,329,-239,3
8,follow,stop-at 2.00s,1.8676,NOMINAL,18417,-1,65535,32,39004,329,-239,3
8,follow,stop-at 2.00s,1.9009,NOMINAL,18418,-1,65535,32,42692,329,-239,3
8,follow,stop-at 2.00s,1.9341,NOMINAL,18419,-1,65535,32,54464,329,-239,3
8,follow,stop-at 2.00s,1.9677,NOMINAL,18420,-1,65535,32,59116,329,-239,3
8,follow,stop-at 2.00s,2.0790,FAILSAFE,18420,-1,65535,33,0,328,-239,3
8,follow,stop-at 2.00s,2.1795,FAILSAFE,18420,-1,65535,33,0,328,-239,3
8,follow,stop-at 2.00s,2.2800,FAILSAFE,18420,-1,65535,33,0,329,-238,3
8,follow,stop-at 2.00s,2.3805,FAILSAFE,18420,-1,65535,33,0,329,-239,3
8,follow,stop-at 2.00s,2.4810,FAILSAFE,18420,-1,65535,33,0,329,-239,3
8,follow,stop-at 2.00s,2.5816,FAILSAFE,18420,-1,65535,33,0,329,-238,3
9,follow,stop-at 2.00s,-0.9989,FAILSAFE,18421,-1,65535,32,37430,329,-239,3
9,follow,stop-at 2.00s,-0.9659,FAILSAFE,18422,-1,65535,32,19256,329,-238,3
9,follow,stop-at 2.00s,-0.9322,FAILSAFE,18423,-1,65535,32,52855,329,-238,3
9,follow,stop-at 2.00s,-0.9123,FAILSAFE,18423,-1,65535,32,0,329,-238,3
9,follow,stop-at 2.00s,-0.8990,FAILSAFE,18424,-1,65535,32,62905,329,-238,3
9,follow,stop-at 2.00s,-0.8657,FAILSAFE,18425,-1,65535,32,52353,330,-239,3
9,follow,stop-at 2.00s,-0.8325,FAILSAFE,18426,-1,65535,32,21374,330,-239,3
9,follow,stop-at 2.00s,-0.8124,FAILSAFE,18426,-1,65535,32,0,330,-239,3
9,follow,stop-at 2.00s,-0.7992,FAILSAFE,18427,-1,65535,32,50287,330,-239,3
9,follow,stop-at 2.00s,-0.7659,FAILSAFE,18428,-1,65535,32,25913,329,-239,3
9,follow,stop-at 2.00s,-0.7323,FAILSAFE,18429,-1,65535,32,38234,329,-240,3
9,follow,stop-at 2.00s,-0.7120,FAILSAFE,18429,-1,65535,32,0,329,-239,3
9,follow,stop-at 2.00s,-0.6985,NOMINAL,18430,-1,65535,32,104042,329,-239,3
9,follow,stop-at 2.00s,-0.6655,NOMINAL,18431,-1,65535,32,41237,328,-239,3
9,follow,stop-at 2.00s,-0.6324,NOMINAL,18432,-1,65535,32,42054,329,-239,3
9,follow,stop-at 2.00s,-0.5991,NOMINAL,18433,-1,65535,32,35670,329,-239,3
9,follow,stop-at 2.00s,-0.5657,NOMINAL,18434,-1,65535,32,63871,329,-239,3
9,follow,stop-at 2.00s,-0.5323,NOMINAL,18435,-1,65535,32,39668,328,-238,3
9,follow,stop-at 2.00s,-0.4992,NOMINAL,18436,-1,65535,32,40078,329,-238,3
9,follow,stop-at 2.00s,-0.4657,NOMINAL,18437,-1,65535,32,74788,329,-238,3
9,follow,stop-at 2.00s,-0.4324,NOMINAL,18438,-1,65535,32,79495,329,-239,3
9,follow,stop-at 2.00s,-0.3991,NOMINAL,18439,-1,65535,32,40367,329,-239,3
9,follow,stop-at 2.00s,-0.3657,NOMINAL,18440,-1,65535,32,60512,328,-239,3
9,follow,stop-at 2.00s,-0.3324,NOMINAL,18441,-1,65535,32,98217,329,-239,3
9,follow,stop-at 2.00s,-0.2990,NOMINAL,18442,-1,65535,32,69471,329,-239,3
9,follow,stop-at 2.00s,-0.2657,NOMINAL,18443,-1,65535,32,75625,329,-239,3
9,follow,stop-at 2.00s,-0.2323,NOMINAL,18444,-1,65535,32,24880,329,-239,3
9,follow,stop-at 2.00s,-0.1991,NOMINAL,18445,-1,65535,32,60421,329,-239,3
9,follow,stop-at 2.00s,-0.1657,NOMINAL,18446,-1,65535,32,49824,329,-239,3
9,follow,stop-at 2.00s,-0.1323,NOMINAL,18447,-1,65535,32,87936,329,-238,3
9,follow,stop-at 2.00s,-0.0991,NOMINAL,18448,-1,65535,32,66034,329,-238,3
9,follow,stop-at 2.00s,-0.0657,NOMINAL,18449,-1,65535,32,62700,329,-238,3
9,follow,stop-at 2.00s,-0.0324,NOMINAL,18450,-1,65535,32,75060,329,-238,3
9,follow,stop-at 2.00s,0.0009,NOMINAL,18451,-1,65535,32,57943,329,-239,3
9,follow,stop-at 2.00s,0.0343,NOMINAL,18452,-1,65535,32,38609,328,-239,3
9,follow,stop-at 2.00s,0.0675,NOMINAL,18453,-1,65535,32,34960,328,-239,3
9,follow,stop-at 2.00s,0.1010,NOMINAL,18454,-1,65535,32,35358,328,-239,3
9,follow,stop-at 2.00s,0.1343,NOMINAL,18455,-1,65535,32,40199,328,-238,3
9,follow,stop-at 2.00s,0.1678,NOMINAL,18456,-1,65535,32,82613,329,-239,3
9,follow,stop-at 2.00s,0.2009,NOMINAL,18457,-1,65535,32,57491,328,-239,3
9,follow,stop-at 2.00s,0.2343,NOMINAL,18458,-1,65535,32,56763,328,-239,3
9,follow,stop-at 2.00s,0.2676,NOMINAL,18459,-1,65535,32,43426,329,-239,3
9,follow,stop-at 2.00s,0.3009,NOMINAL,18460,-1,65535,32,36889,329,-239,3
9,follow,stop-at 2.00s,0.3345,NOMINAL,18461,-1,65535,32,51133,328,-239,3
9,follow,stop-at 2.00s,0.3677,NOMINAL,18462,-1,65535,32,60166,329,-239,3
9,follow,stop-at 2.00s,0.4010,NOMINAL,18463,-1,65535,32,57288,329,-239,3
9,follow,stop-at 2.00s,0.4342,NOMINAL,18464,-1,65535,32,39801,328,-239,3
9,follow,stop-at 2.00s,0.4678,NOMINAL,18465,-1,65535,32,81915,328,-238,3
9,follow,stop-at 2.00s,0.5010,NOMINAL,18466,-1,65535,32,46134,328,-239,3
9,follow,stop-at 2.00s,0.5341,NOMINAL,18467,-1,65535,32,39870,329,-239,3
9,follow,stop-at 2.00s,0.5676,NOMINAL,18468,-1,65535,32,36568,329,-239,3
9,follow,stop-at 2.00s,0.6009,NOMINAL,18469,-1,65535,32,43258,328,-238,3
9,follow,stop-at 2.00s,0.6343,NOMINAL,18470,-1,65535,32,41279,329,-239,3
9,follow,stop-at 2.00s,0.6678,NOMINAL,18471,-1,65535,32,42160,328,-239,3
9,follow,stop-at 2.00s,0.7010,NOMINAL,18472,-1,65535,32,44171,329,-239,3
9,follow,stop-at 2.00s,0.7342,NOMINAL,18473,-1,65535,32,39663,329,-238,3
9,follow,stop-at 2.00s,0.7676,NOMINAL,18474,-1,65535,32,27384,329,-239,3
9,follow,stop-at 2.00s,0.8008,NOMINAL,18475,-1,65535,32,99458,329,-239,3
9,follow,stop-at 2.00s,0.8343,NOMINAL,18476,-1,65535,32,77139,329,-239,3
9,follow,stop-at 2.00s,0.8677,NOMINAL,18477,-1,65535,32,44558,329,-238,3
9,follow,stop-at 2.00s,0.9011,NOMINAL,18478,-1,65535,32,69738,329,-238,3
9,follow,stop-at 2.00s,0.9343,NOMINAL,18479,-1,65535,32,60771,329,-238,3
9,follow,stop-at 2.00s,0.9678,NOMINAL,18480,-1,65535,32,39408,328,-238,3
9,follow,stop-at 2.00s,1.0010,NOMINAL,18481,-1,65535,32,39066,328,-239,3
9,follow,stop-at 2.00s,1.0342,NOMINAL,18482,-1,65535,32,22571,328,-238,3
9,follow,stop-at 2.00s,1.0677,NOMINAL,18483,-1,65535,32,58800,328,-239,3
9,follow,stop-at 2.00s,1.1009,NOMINAL,18484,-1,65535,32,42913,329,-239,3
9,follow,stop-at 2.00s,1.1344,NOMINAL,18485,-1,65535,32,85311,329,-239,3
9,follow,stop-at 2.00s,1.1676,NOMINAL,18486,-1,65535,32,71195,329,-239,3
9,follow,stop-at 2.00s,1.2009,NOMINAL,18487,-1,65535,32,68064,329,-239,3
9,follow,stop-at 2.00s,1.2343,NOMINAL,18488,-1,65535,32,41752,329,-239,3
9,follow,stop-at 2.00s,1.2677,NOMINAL,18489,-1,65535,32,96125,329,-238,3
9,follow,stop-at 2.00s,1.3011,NOMINAL,18490,-1,65535,32,39688,329,-239,3
9,follow,stop-at 2.00s,1.3344,NOMINAL,18491,-1,65535,32,69021,329,-238,3
9,follow,stop-at 2.00s,1.3677,NOMINAL,18492,-1,65535,32,26495,329,-238,3
9,follow,stop-at 2.00s,1.4010,NOMINAL,18493,-1,65535,32,30687,329,-239,3
9,follow,stop-at 2.00s,1.4342,NOMINAL,18494,-1,65535,32,64808,328,-239,3
9,follow,stop-at 2.00s,1.4678,NOMINAL,18495,-1,65535,32,89638,328,-239,3
9,follow,stop-at 2.00s,1.5010,NOMINAL,18496,-1,65535,32,45926,328,-239,3
9,follow,stop-at 2.00s,1.5344,NOMINAL,18497,-1,65535,32,20354,329,-239,3
9,follow,stop-at 2.00s,1.5675,NOMINAL,18498,-1,65535,32,41617,329,-239,3
9,follow,stop-at 2.00s,1.6009,NOMINAL,18499,-1,65535,32,38995,329,-239,3
9,follow,stop-at 2.00s,1.6345,NOMINAL,18500,-1,65535,32,56900,329,-239,3
9,follow,stop-at 2.00s,1.6677,NOMINAL,18501,-1,65535,32,59060,329,-239,3
9,follow,stop-at 2.00s,1.7011,NOMINAL,18502,-1,65535,32,66157,329,-239,3
9,follow,stop-at 2.00s,1.7342,NOMINAL,18503,-1,65535,32,40771,328,-239,3
9,follow,stop-at 2.00s,1.7678,NOMINAL,18504,-1,65535,32,76349,329,-239,3
9,follow,stop-at 2.00s,1.8009,NOMINAL,18505,-1,65535,32,40640,329,-238,3
9,follow,stop-at 2.00s,1.8344,NOMINAL,18506,-1,65535,32,21611,329,-238,3
9,follow,stop-at 2.00s,1.8679,NOMINAL,18507,-1,65535,32,45277,328,-239,3
9,follow,stop-at 2.00s,1.9010,NOMINAL,18508,-1,65535,32,57179,328,-239,3
9,follow,stop-at 2.00s,1.9342,NOMINAL,18509,-1,65535,32,59149,329,-239,3
9,follow,stop-at 2.00s,1.9677,NOMINAL,18510,-1,65535,32,69077,329,-239,3
9,follow,stop-at 2.00s,2.0762,FAILSAFE,18510,-1,65535,33,0,329,-239,3
9,follow,stop-at 2.00s,2.1767,FAILSAFE,18510,-1,65535,33,0,329,-239,3
9,follow,stop-at 2.00s,2.2772,FAILSAFE,18510,-1,65535,33,0,329,-239,3
9,follow,stop-at 2.00s,2.3776,FAILSAFE,18510,-1,65535,33,0,329,-239,3
9,follow,stop-at 2.00s,2.4781,FAILSAFE,18510,-1,65535,33,0,329,-239,3
9,follow,stop-at 2.00s,2.5788,FAILSAFE,18510,-1,65535,33,0,329,-239,3
10,follow,stop-at 2.00s,-0.9990,FAILSAFE,18511,-1,65535,32,78415,329,-239,3
10,follow,stop-at 2.00s,-0.9657,FAILSAFE,18512,-1,65535,32,60986,329,-238,3
10,follow,stop-at 2.00s,-0.9326,FAILSAFE,18513,-1,65535,32,18008,329,-238,3
10,follow,stop-at 2.00s,-0.9125,FAILSAFE,18513,-1,65535,32,0,329,-239,3
10,follow,stop-at 2.00s,-0.8992,FAILSAFE,18514,-1,65535,32,36320,329,-239,3
10,follow,stop-at 2.00s,-0.8658,FAILSAFE,18515,-1,65535,32,15084,329,-239,3
10,follow,stop-at 2.00s,-0.8324,FAILSAFE,18516,-1,65535,32,20353,329,-238,3
10,follow,stop-at 2.00s,-0.8125,FAILSAFE,18516,-1,65535,32,0,329,-239,3
10,follow,stop-at 2.00s,-0.7991,FAILSAFE,18517,-1,65535,32,73363,329,-238,3
10,follow,stop-at 2.00s,-0.7658,FAILSAFE,18518,-1,65535,32,57376,329,-238,3
10,follow,stop-at 2.00s,-0.7322,FAILSAFE,18519,-1,65535,32,79886,329,-238,3
10,follow,stop-at 2.00s,-0.7119,FAILSAFE,18519,-1,65535,32,0,329,-239,3
10,follow,stop-at 2.00s,-0.6982,NOMINAL,18520,-1,65535,32,101907,330,-238,3
10,follow,stop-at 2.00s,-0.6655,NOMINAL,18521,-1,65535,32,87813,329,-238,3
10,follow,stop-at 2.00s,-0.6322,NOMINAL,18522,-1,65535,32,39967,329,-239,3
10,follow,stop-at 2.00s,-0.5990,NOMINAL,18523,-1,65535,32,18891,329,-239,3
10,follow,stop-at 2.00s,-0.5660,NOMINAL,18524,-1,65535,32,42083,329,-239,3
10,follow,stop-at 2.00s,-0.5326,NOMINAL,18525,-1,65535,32,40360,329,-239,3
10,follow,stop-at 2.00s,-0.4992,NOMINAL,18526,-1,65535,32,39979,329,-239,3
10,follow,stop-at 2.00s,-0.4660,NOMINAL,18527,-1,65535,32,23363,329,-238,3
10,follow,stop-at 2.00s,-0.4326,NOMINAL,18528,-1,65535,32,40391,329,-239,3
10,follow,stop-at 2.00s,-0.3992,NOMINAL,18529,-1,65535,32,39572,328,-239,3
10,follow,stop-at 2.00s,-0.3657,NOMINAL,18530,-1,65535,32,78185,329,-239,3
10,follow,stop-at 2.00s,-0.3322,NOMINAL,18531,-1,65535,32,100910,329,-239,3
10,follow,stop-at 2.00s,-0.2991,NOMINAL,18532,-1,65535,32,53251,328,-239,3
10,follow,stop-at 2.00s,-0.2657,NOMINAL,18533,-1,65535,32,111233,329,-238,3
10,follow,stop-at 2.00s,-0.2324,NOMINAL,18534,-1,65535,32,65784,329,-239,3
10,follow,stop-at 2.00s,-0.1989,NOMINAL,18535,-1,65535,32,56603,329,-239,3
10,follow,stop-at 2.00s,-0.1659,NOMINAL,18536,-1,65535,32,18637,329,-239,3
10,follow,stop-at 2.00s,-0.1322,NOMINAL,18537,-1,65535,32,87187,329,-239,3
10,follow,stop-at 2.00s,-0.0991,NOMINAL,18538,-1,65535,32,59920,329,-239,3
10,follow,stop-at 2.00s,-0.0657,NOMINAL,18539,-1,65535,32,80924,329,-239,3
10,follow,stop-at 2.00s,-0.0326,NOMINAL,18540,-1,65535,32,25237,329,-239,3
10,follow,stop-at 2.00s,0.0012,NOMINAL,18541,-1,65535,32,58988,328,-239,3
10,follow,stop-at 2.00s,0.0342,NOMINAL,18542,-1,65535,32,73744,329,-239,3
10,follow,stop-at 2.00s,0.0677,NOMINAL,18543,-1,65535,32,42858,329,-239,3
10,follow,stop-at 2.00s,0.1009,NOMINAL,18544,-1,65535,32,82384,329,-239,3
10,follow,stop-at 2.00s,0.1345,NOMINAL,18545,-1,65535,32,91568,329,-239,3
10,follow,stop-at 2.00s,0.1677,NOMINAL,18546,-1,65535,32,60135,329,-239,3
10,follow,stop-at 2.00s,0.2010,NOMINAL,18547,-1,65535,32,44155,329,-239,3
10,follow,stop-at 2.00s,0.2343,NOMINAL,18548,-1,65535,32,98945,329,-239,3
10,follow,stop-at 2.00s,0.2677,NOMINAL,18549,-1,65535,32,72208,329,-239,3
10,follow,stop-at 2.00s,0.3010,NOMINAL,18550,-1,65535,32,41847,329,-238,3
10,follow,stop-at 2.00s,0.3347,NOMINAL,18551,-1,65535,32,128456,329,-238,3
10,follow,stop-at 2.00s,0.3678,NOMINAL,18552,-1,65535,32,49674,329,-239,3
10,follow,stop-at 2.00s,0.4009,NOMINAL,18553,-1,65535,32,44720,329,-239,3
10,follow,stop-at 2.00s,0.4343,NOMINAL,18554,-1,65535,32,111429,329,-239,3
10,follow,stop-at 2.00s,0.4677,NOMINAL,18555,-1,65535,32,24688,329,-239,3
10,follow,stop-at 2.00s,0.5011,NOMINAL,18556,-1,65535,32,52896,328,-238,3
10,follow,stop-at 2.00s,0.5343,NOMINAL,18557,-1,65535,32,36670,329,-239,3
10,follow,stop-at 2.00s,0.5676,NOMINAL,18558,-1,65535,32,44131,329,-238,3
10,follow,stop-at 2.00s,0.6008,NOMINAL,18559,-1,65535,32,54966,329,-239,3
10,follow,stop-at 2.00s,0.6341,NOMINAL,18560,-1,65535,32,41429,329,-238,3
10,follow,stop-at 2.00s,0.6676,NOMINAL,18561,-1,65535,32,38504,329,-239,3
10,follow,stop-at 2.00s,0.7009,NOMINAL,18562,-1,65535,32,34978,329,-239,3
10,follow,stop-at 2.00s,0.7342,NOMINAL,18563,-1,65535,32,43503,329,-238,3
10,follow,stop-at 2.00s,0.7677,NOMINAL,18564,-1,65535,32,43917,328,-239,3
10,follow,stop-at 2.00s,0.8010,NOMINAL,18565,-1,65535,32,57174,328,-238,3
10,follow,stop-at 2.00s,0.8343,NOMINAL,18566,-1,65535,32,28786,329,-239,3
10,follow,stop-at 2.00s,0.8676,NOMINAL,18567,-1,65535,32,71155,328,-238,3
10,follow,stop-at 2.00s,0.9011,NOMINAL,18568,-1,65535,32,55974,328,-239,3
10,follow,stop-at 2.00s,0.9344,NOMINAL,18569,-1,65535,32,85244,328,-239,3
10,follow,stop-at 2.00s,0.9677,NOMINAL,18570,-1,65535,32,56965,329,-239,3
10,follow,stop-at 2.00s,1.0010,NOMINAL,18571,-1,65535,32,66888,329,-239,3
10,follow,stop-at 2.00s,1.0344,NOMINAL,18572,-1,65535,32,50829,329,-239,3
10,follow,stop-at 2.00s,1.0677,NOMINAL,18573,-1,65535,32,81996,329,-239,3
10,follow,stop-at 2.00s,1.1010,NOMINAL,18574,-1,65535,32,39483,329,-239,3
10,follow,stop-at 2.00s,1.1343,NOMINAL,18575,-1,65535,32,81688,329,-239,3
10,follow,stop-at 2.00s,1.1678,NOMINAL,18576,-1,65535,32,58391,329,-239,3
10,follow,stop-at 2.00s,1.2010,NOMINAL,18577,-1,65535,32,69800,329,-239,3
10,follow,stop-at 2.00s,1.2341,NOMINAL,18578,-1,65535,32,21644,329,-239,3
10,follow,stop-at 2.00s,1.2676,NOMINAL,18579,-1,65535,32,41317,329,-239,3
10,follow,stop-at 2.00s,1.3011,NOMINAL,18580,-1,65535,32,70672,329,-239,3
10,follow,stop-at 2.00s,1.3344,NOMINAL,18581,-1,65535,32,39908,329,-239,3
10,follow,stop-at 2.00s,1.3677,NOMINAL,18582,-1,65535,32,86535,329,-239,3
10,follow,stop-at 2.00s,1.4007,NOMINAL,18583,-1,65535,32,41519,329,-239,3
10,follow,stop-at 2.00s,1.4342,NOMINAL,18584,-1,65535,32,23285,329,-239,3
10,follow,stop-at 2.00s,1.4676,NOMINAL,18585,-1,65535,32,60342,329,-238,3
10,follow,stop-at 2.00s,1.5010,NOMINAL,18586,-1,65535,32,57269,329,-238,3
10,follow,stop-at 2.00s,1.5343,NOMINAL,18587,-1,65535,32,42022,329,-238,3
10,follow,stop-at 2.00s,1.5676,NOMINAL,18588,-1,65535,32,61550,329,-238,3
10,follow,stop-at 2.00s,1.6008,NOMINAL,18589,-1,65535,32,80218,329,-239,3
10,follow,stop-at 2.00s,1.6343,NOMINAL,18590,-1,65535,32,41001,329,-239,3
10,follow,stop-at 2.00s,1.6680,NOMINAL,18591,-1,65535,32,46638,329,-239,3
10,follow,stop-at 2.00s,1.7008,NOMINAL,18592,-1,65535,32,21612,329,-239,3
10,follow,stop-at 2.00s,1.7343,NOMINAL,18593,-1,65535,32,40229,329,-239,3
10,follow,stop-at 2.00s,1.7676,NOMINAL,18594,-1,65535,32,36784,329,-239,3
10,follow,stop-at 2.00s,1.8009,NOMINAL,18595,-1,65535,32,40000,329,-239,3
10,follow,stop-at 2.00s,1.8342,NOMINAL,18596,-1,65535,32,59162,329,-239,3
10,follow,stop-at 2.00s,1.8678,NOMINAL,18597,-1,65535,32,87280,329,-239,3
10,follow,stop-at 2.00s,1.9012,NOMINAL,18598,-1,65535,32,102465,329,-239,3
10,follow,stop-at 2.00s,1.9344,NOMINAL,18599,-1,65535,32,50100,329,-239,3
10,follow,stop-at 2.00s,1.9678,NOMINAL,18600,-1,65535,32,41020,329,-239,3
10,follow,stop-at 2.00s,2.0733,FAILSAFE,18600,-1,65535,33,0,329,-239,3
10,follow,stop-at 2.00s,2.1738,FAILSAFE,18600,-1,65535,33,0,329,-239,3
10,follow,stop-at 2.00s,2.2742,FAILSAFE,18600,-1,65535,33,0,328,-239,3
10,follow,stop-at 2.00s,2.3749,FAILSAFE,18600,-1,65535,33,0,328,-240,3
10,follow,stop-at 2.00s,2.4754,FAILSAFE,18600,-1,65535,33,0,329,-238,3
10,follow,stop-at 2.00s,2.5760,FAILSAFE,18600,-1,65535,33,0,329,-239,3
11,follow,stop-at 2.00s,-0.9989,FAILSAFE,18601,-1,65535,32,45946,329,-239,3
11,follow,stop-at 2.00s,-0.9658,FAILSAFE,18602,-1,65535,32,59791,329,-239,3
11,follow,stop-at 2.00s,-0.9324,FAILSAFE,18603,-1,65535,32,16015,329,-239,3
11,follow,stop-at 2.00s,-0.9126,FAILSAFE,18603,-1,65535,32,0,329,-239,3
11,follow,stop-at 2.00s,-0.8992,FAILSAFE,18604,-1,65535,32,64800,329,-239,3
11,follow,stop-at 2.00s,-0.8657,FAILSAFE,18605,-1,65535,32,62745,329,-238,3
11,follow,stop-at 2.00s,-0.8325,FAILSAFE,18606,-1,65535,32,59510,329,-239,3
11,follow,stop-at 2.00s,-0.8124,FAILSAFE,18606,-1,65535,32,0,329,-239,3
11,follow,stop-at 2.00s,-0.7992,FAILSAFE,18607,-1,65535,32,35377,329,-239,3
11,follow,stop-at 2.00s,-0.7659,FAILSAFE,18608,-1,65535,32,18467,329,-239,3
11,follow,stop-at 2.00s,-0.7325,FAILSAFE,18609,-1,65535,32,58055,329,-239,3
11,follow,stop-at 2.00s,-0.7119,FAILSAFE,18609,-1,65535,32,0,329,-239,3
11,follow,stop-at 2.00s,-0.6984,NOMINAL,18610,-1,65535,32,141235,329,-239,3
11,follow,stop-at 2.00s,-0.6657,NOMINAL,18611,-1,65535,32,26559,328,-239,3
11,follow,stop-at 2.00s,-0.6322,NOMINAL,18612,-1,65535,32,59158,328,-239,3
11,follow,stop-at 2.00s,-0.5991,NOMINAL,18613,-1,65535,32,79993,328,-238,3
11,follow,stop-at 2.00s,-0.5658,NOMINAL,18614,-1,65535,32,54571,328,-239,3
11,follow,stop-at 2.00s,-0.5325,NOMINAL,18615,-1,65535,32,27764,329,-239,3
11,follow,stop-at 2.00s,-0.4992,NOMINAL,18616,-1,65535,32,70154,329,-239,3
11,follow,stop-at 2.00s,-0.4657,NOMINAL,18617,-1,65535,32,40404,329,-239,3
11,follow,stop-at 2.00s,-0.4324,NOMINAL,18618,-1,65535,32,59311,329,-239,3
11,follow,stop-at 2.00s,-0.3991,NOMINAL,18619,-1,65535,32,40776,329,-239,3
11,follow,stop-at 2.00s,-0.3660,NOMINAL,18620,-1,65535,32,28002,329,-239,3
11,follow,stop-at 2.00s,-0.3325,NOMINAL,18621,-1,65535,32,38642,329,-239,3
11,follow,stop-at 2.00s,-0.2990,NOMINAL,18622,-1,65535,32,73463,329,-239,3
11,follow,stop-at 2.00s,-0.2657,NOMINAL,18623,-1,65535,32,42329,329,-239,3
11,follow,stop-at 2.00s,-0.2325,NOMINAL,18624,-1,65535,32,41713,329,-239,3
11,follow,stop-at 2.00s,-0.1991,NOMINAL,18625,-1,65535,32,80919,329,-239,3
11,follow,stop-at 2.00s,-0.1658,NOMINAL,18626,-1,65535,32,43316,329,-239,3
11,follow,stop-at 2.00s,-0.1324,NOMINAL,18627,-1,65535,32,41020,329,-239,3
11,follow,stop-at 2.00s,-0.0991,NOMINAL,18628,-1,65535,32,44790,328,-239,3
11,follow,stop-at 2.00s,-0.0656,NOMINAL,18629,-1,65535,32,50632,329,-239,3
11,follow,stop-at 2.00s,-0.0324,NOMINAL,18630,-1,65535,32,69437,329,-239,3
11,follow,stop-at 2.00s,0.0009,NOMINAL,18631,-1,65535,32,38907,329,-239,3
11,follow,stop-at 2.00s,0.0342,NOMINAL,18632,-1,65535,32,40851,329,-239,3
11,follow,stop-at 2.00s,0.0675,NOMINAL,18633,-1,65535,32,44535,329,-239,3
11,follow,stop-at 2.00s,0.1010,NOMINAL,18634,-1,65535,32,56226,329,-239,3
11,follow,stop-at 2.00s,0.1345,NOMINAL,18635,-1,65535,32,67244,329,-239,3
11,follow,stop-at 2.00s,0.1676,NOMINAL,18636,-1,65535,32,39936,329,-239,3
11,follow,stop-at 2.00s,0.2010,NOMINAL,18637,-1,65535,32,26511,329,-239,3
11,follow,stop-at 2.00s,0.2343,NOMINAL,18638,-1,65535,32,40474,329,-238,3
11,follow,stop-at 2.00s,0.2678,NOMINAL,18639,-1,65535,32,58837,329,-239,3
11,follow,stop-at 2.00s,0.3010,NOMINAL,18640,-1,65535,32,54613,329,-239,3
11,follow,stop-at 2.00s,0.3346,NOMINAL,18641,-1,65535,32,48023,329,-239,3
11,follow,stop-at 2.00s,0.3676,NOMINAL,18642,-1,65535,32,41936,329,-239,3
11,follow,stop-at 2.00s,0.4010,NOMINAL,18643,-1,65535,32,42495,328,-239,3
11,follow,stop-at 2.00s,0.4343,NOMINAL,18644,-1,65535,32,43072,328,-239,3
11,follow,stop-at 2.00s,0.4677,NOMINAL,18645,-1,65535,32,84951,328,-238,3
11,follow,stop-at 2.00s,0.5009,NOMINAL,18646,-1,65535,32,64151,328,-238,3
11,follow,stop-at 2.00s,0.5344,NOMINAL,18647,-1,65535,32,69243,328,-238,3
11,follow,stop-at 2.00s,0.5676,NOMINAL,18648,-1,65535,32,22700,328,-239,3
11,follow,stop-at 2.00s,0.6010,NOMINAL,18649,-1,65535,32,44578,329,-239,3
11,follow,stop-at 2.00s,0.6343,NOMINAL,18650,-1,65535,32,43539,329,-239,3
11,follow,stop-at 2.00s,0.6678,NOMINAL,18651,-1,65535,32,66102,329,-239,3
11,follow,stop-at 2.00s,0.7009,NOMINAL,18652,-1,65535,32,80909,329,-239,3
11,follow,stop-at 2.00s,0.7344,NOMINAL,18653,-1,65535,32,66424,329,-239,3
11,follow,stop-at 2.00s,0.7677,NOMINAL,18654,-1,65535,32,42874,329,-239,3
11,follow,stop-at 2.00s,0.8009,NOMINAL,18655,-1,65535,32,42483,328,-239,3
11,follow,stop-at 2.00s,0.8343,NOMINAL,18656,-1,65535,32,37376,328,-239,3
11,follow,stop-at 2.00s,0.8676,NOMINAL,18657,-1,65535,32,58016,328,-239,3
11,follow,stop-at 2.00s,0.9010,NOMINAL,18658,-1,65535,32,35516,329,-239,3
11,follow,stop-at 2.00s,0.9344,NOMINAL,18659,-1,65535,32,39550,328,-239,3
11,follow,stop-at 2.00s,0.9678,NOMINAL,18660,-1,65535,32,51138,329,-239,3
11,follow,stop-at 2.00s,1.0010,NOMINAL,18661,-1,65535,32,58784,329,-239,3
11,follow,stop-at 2.00s,1.0344,NOMINAL,18662,-1,65535,32,96475,329,-238,3
11,follow,stop-at 2.00s,1.0677,NOMINAL,18663,-1,65535,32,39647,329,-239,3
11,follow,stop-at 2.00s,1.1010,NOMINAL,18664,-1,65535,32,75700,329,-239,3
11,follow,stop-at 2.00s,1.1343,NOMINAL,18665,-1,65535,32,42991,329,-238,3
11,follow,stop-at 2.00s,1.1676,NOMINAL,18666,-1,65535,32,56853,329,-238,3
11,follow,stop-at 2.00s,1.2009,NOMINAL,18667,-1,65535,32,56087,329,-239,3
11,follow,stop-at 2.00s,1.2342,NOMINAL,18668,-1,65535,32,80416,328,-239,3
11,follow,stop-at 2.00s,1.2676,NOMINAL,18669,-1,65535,32,85967,328,-239,3
11,follow,stop-at 2.00s,1.3008,NOMINAL,18670,-1,65535,32,27368,328,-239,3
11,follow,stop-at 2.00s,1.3344,NOMINAL,18671,-1,65535,32,38653,329,-238,3
11,follow,stop-at 2.00s,1.3676,NOMINAL,18672,-1,65535,32,42621,328,-239,3
11,follow,stop-at 2.00s,1.4010,NOMINAL,18673,-1,65535,32,79926,329,-239,3
11,follow,stop-at 2.00s,1.4344,NOMINAL,18674,-1,65535,32,64604,329,-239,3
11,follow,stop-at 2.00s,1.4679,NOMINAL,18675,-1,65535,32,96081,329,-238,3
11,follow,stop-at 2.00s,1.5009,NOMINAL,18676,-1,65535,32,24679,329,-238,3
11,follow,stop-at 2.00s,1.5343,NOMINAL,18677,-1,65535,32,41763,329,-239,3
11,follow,stop-at 2.00s,1.5677,NOMINAL,18678,-1,65535,32,69364,329,-239,3
11,follow,stop-at 2.00s,1.6009,NOMINAL,18679,-1,65535,32,84337,329,-239,3
11,follow,stop-at 2.00s,1.6342,NOMINAL,18680,-1,65535,32,40445,329,-238,3
11,follow,stop-at 2.00s,1.6677,NOMINAL,18681,-1,65535,32,52434,329,-238,3
11,follow,stop-at 2.00s,1.7010,NOMINAL,18682,-1,65535,32,61532,329,-238,3
11,follow,stop-at 2.00s,1.7344,NOMINAL,18683,-1,65535,32,59726,329,-238,3
11,follow,stop-at 2.00s,1.7676,NOMINAL,18684,-1,65535,32,54893,329,-238,3
11,follow,stop-at 2.00s,1.8009,NOMINAL,18685,-1,65535,32,47359,329,-239,3
11,follow,stop-at 2.00s,1.8343,NOMINAL,18686,-1,65535,32,70776,329,-239,3
11,follow,stop-at 2.00s,1.8678,NOMINAL,18687,-1,65535,32,38829,329,-239,3
11,follow,stop-at 2.00s,1.9009,NOMINAL,18688,-1,65535,32,51488,329,-239,3
11,follow,stop-at 2.00s,1.9343,NOMINAL,18689,-1,65535,32,40141,329,-239,3
11,follow,stop-at 2.00s,1.9677,NOMINAL,18690,-1,65535,32,55358,329,-239,3
11,follow,stop-at 2.00s,2.0705,FAILSAFE,18690,-1,65535,33,0,328,-239,3
11,follow,stop-at 2.00s,2.1709,FAILSAFE,18690,-1,65535,33,0,328,-238,3
11,follow,stop-at 2.00s,2.2715,FAILSAFE,18690,-1,65535,33,0,328,-239,3
11,follow,stop-at 2.00s,2.3719,FAILSAFE,18690,-1,65535,33,0,329,-238,3
11,follow,stop-at 2.00s,2.4726,FAILSAFE,18690,-1,65535,33,0,329,-239,3
11,follow,stop-at 2.00s,2.5731,FAILSAFE,18690,-1,65535,33,0,329,-239,3
12,follow,stop-at 2.00s,-0.9989,FAILSAFE,18691,-1,65535,32,48469,329,-239,3
12,follow,stop-at 2.00s,-0.9659,FAILSAFE,18692,-1,65535,32,47341,329,-239,3
12,follow,stop-at 2.00s,-0.9324,FAILSAFE,18693,-1,65535,32,66474,329,-238,3
12,follow,stop-at 2.00s,-0.9124,FAILSAFE,18693,-1,65535,32,0,329,-239,3
12,follow,stop-at 2.00s,-0.8992,FAILSAFE,18694,-1,65535,32,33167,329,-239,3
12,follow,stop-at 2.00s,-0.8658,FAILSAFE,18695,-1,65535,32,33950,329,-239,3
12,follow,stop-at 2.00s,-0.8325,FAILSAFE,18696,-1,65535,32,37511,329,-239,3
12,follow,stop-at 2.00s,-0.8124,FAILSAFE,18696,-1,65535,32,0,329,-239,3
12,follow,stop-at 2.00s,-0.7993,FAILSAFE,18697,-1,65535,32,51258,329,-239,3
12,follow,stop-at 2.00s,-0.7657,FAILSAFE,18698,-1,65535,32,40364,329,-239,3
12,follow,stop-at 2.00s,-0.7318,FAILSAFE,18699,-1,65535,32,80793,329,-239,3
12,follow,stop-at 2.00s,-0.7118,FAILSAFE,18699,-1,65535,32,0,329,-239,3
12,follow,stop-at 2.00s,-0.6985,NOMINAL,18700,-1,65535,32,101366,329,-239,3
12,follow,stop-at 2.00s,-0.6655,NOMINAL,18701,-1,65535,32,47683,329,-239,3
12,follow,stop-at 2.00s,-0.6324,NOMINAL,18702,-1,65535,32,81215,329,-239,3
12,follow,stop-at 2.00s,-0.5990,NOMINAL,18703,-1,65535,32,61146,330,-239,3
12,follow,stop-at 2.00s,-0.5657,NOMINAL,18704,-1,65535,32,18853,329,-238,3
12,follow,stop-at 2.00s,-0.5326,NOMINAL,18705,-1,65535,32,62531,329,-239,3
12,follow,stop-at 2.00s,-0.4992,NOMINAL,18706,-1,65535,32,41021,329,-239,3
12,follow,stop-at 2.00s,-0.4657,NOMINAL,18707,-1,65535,32,39784,329,-239,3
12,follow,stop-at 2.00s,-0.4324,NOMINAL,18708,-1,65535,32,42372,329,-239,3
12,follow,stop-at 2.00s,-0.3990,NOMINAL,18709,-1,65535,32,42276,329,-239,3
12,follow,stop-at 2.00s,-0.3658,NOMINAL,18710,-1,65535,32,23817,329,-239,3
12,follow,stop-at 2.00s,-0.3324,NOMINAL,18711,-1,65535,32,51329,329,-239,3
12,follow,stop-at 2.00s,-0.2992,NOMINAL,18712,-1,65535,32,40812,328,-239,3
12,follow,stop-at 2.00s,-0.2658,NOMINAL,18713,-1,65535,32,23433,328,-239,3
12,follow,stop-at 2.00s,-0.2323,NOMINAL,18714,-1,65535,32,85621,329,-239,3
12,follow,stop-at 2.00s,-0.1992,NOMINAL,18715,-1,65535,32,37554,328,-238,3
12,follow,stop-at 2.00s,-0.1656,NOMINAL,18716,-1,65535,32,67407,328,-239,3
12,follow,stop-at 2.00s,-0.1324,NOMINAL,18717,-1,65535,32,23394,329,-239,3
12,follow,stop-at 2.00s,-0.0990,NOMINAL,18718,-1,65535,32,51819,329,-239,3
12,follow,stop-at 2.00s,-0.0656,NOMINAL,18719,-1,65535,32,57708,329,-239,3
12,follow,stop-at 2.00s,-0.0324,NOMINAL,18720,-1,65535,32,56485,329,-239,3
12,follow,stop-at 2.00s,0.0008,NOMINAL,18721,-1,65535,32,69239,329,-239,3
12,follow,stop-at 2.00s,0.0342,NOMINAL,18722,-1,65535,32,18356,329,-239,3
12,follow,stop-at 2.00s,0.0679,NOMINAL,18723,-1,65535,32,65539,329,-239,3
12,follow,stop-at 2.00s,0.1008,NOMINAL,18724,-1,65535,32,23021,329,-239,3
12,follow,stop-at 2.00s,0.1342,NOMINAL,18725,-1,65535,32,82905,329,-239,3
12,follow,stop-at 2.00s,0.1675,NOMINAL,18726,-1,65535,32,25317,329,-239,3
12,follow,stop-at 2.00s,0.2009,NOMINAL,18727,-1,65535,32,40220,329,-239,3
12,follow,stop-at 2.00s,0.2343,NOMINAL,18728,-1,65535,32,39347,329,-239,3
12,follow,stop-at 2.00s,0.2677,NOMINAL,18729,-1,65535,32,40100,329,-239,3
12,follow,stop-at 2.00s,0.3012,NOMINAL,18730,-1,65535,32,55396,329,-239,3
12,follow,stop-at 2.00s,0.3348,NOMINAL,18731,-1,65535,32,46890,330,-239,3
12,follow,stop-at 2.00s,0.3678,NOMINAL,18732,-1,65535,32,46839,329,-239,3
12,follow,stop-at 2.00s,0.4009,NOMINAL,18733,-1,65535,32,45740,329,-239,3
12,follow,stop-at 2.00s,0.4343,NOMINAL,18734,-1,65535,32,62724,329,-239,3
12,follow,stop-at 2.00s,0.4677,NOMINAL,18735,-1,65535,32,44794,329,-239,3
12,follow,stop-at 2.00s,0.5009,NOMINAL,18736,-1,65535,32,40587,329,-239,3
12,follow,stop-at 2.00s,0.5342,NOMINAL,18737,-1,65535,32,40442,329,-239,3
12,follow,stop-at 2.00s,0.5676,NOMINAL,18738,-1,65535,32,49396,329,-239,3
12,follow,stop-at 2.00s,0.6009,NOMINAL,18739,-1,65535,32,41248,329,-239,3
12,follow,stop-at 2.00s,0.6344,NOMINAL,18740,-1,65535,32,40181,329,-239,3
12,follow,stop-at 2.00s,0.6675,NOMINAL,18741,-1,65535,32,41924,329,-238,3
12,follow,stop-at 2.00s,0.7011,NOMINAL,18742,-1,65535,32,39858,328,-239,3
12,follow,stop-at 2.00s,0.7341,NOMINAL,18743,-1,65535,32,24551,328,-238,3
12,follow,stop-at 2.00s,0.7676,NOMINAL,18744,-1,65535,32,38523,328,-238,3
12,follow,stop-at 2.00s,0.8008,NOMINAL,18745,-1,65535,32,56539,329,-239,3
12,follow,stop-at 2.00s,0.8342,NOMINAL,18746,-1,65535,32,42639,329,-239,3
12,follow,stop-at 2.00s,0.8675,NOMINAL,18747,-1,65535,32,43083,329,-238,3
12,follow,stop-at 2.00s,0.9008,NOMINAL,18748,-1,65535,32,23557,329,-239,3
12,follow,stop-at 2.00s,0.9343,NOMINAL,18749,-1,65535,32,46233,329,-238,3
12,follow,stop-at 2.00s,0.9676,NOMINAL,18750,-1,65535,32,46787,329,-238,3
12,follow,stop-at 2.00s,1.0010,NOMINAL,18751,-1,65535,32,39759,328,-238,3
12,follow,stop-at 2.00s,1.0344,NOMINAL,18752,-1,65535,32,67679,328,-239,3
12,follow,stop-at 2.00s,1.0676,NOMINAL,18753,-1,65535,32,84725,329,-239,3
12,follow,stop-at 2.00s,1.1011,NOMINAL,18754,-1,65535,32,46506,329,-239,3
12,follow,stop-at 2.00s,1.1343,NOMINAL,18755,-1,65535,32,73888,329,-239,3
12,follow,stop-at 2.00s,1.1676,NOMINAL,18756,-1,65535,32,43636,329,-239,3
12,follow,stop-at 2.00s,1.2011,NOMINAL,18757,-1,65535,32,70696,329,-239,3
12,follow,stop-at 2.00s,1.2344,NOMINAL,18758,-1,65535,32,66379,329,-239,3
12,follow,stop-at 2.00s,1.2679,NOMINAL,18759,-1,65535,32,84918,329,-239,3
12,follow,stop-at 2.00s,1.3010,NOMINAL,18760,-1,65535,32,23506,328,-239,3
12,follow,stop-at 2.00s,1.3344,NOMINAL,18761,-1,65535,32,85531,329,-239,3
12,follow,stop-at 2.00s,1.3675,NOMINAL,18762,-1,65535,32,25907,329,-239,3
12,follow,stop-at 2.00s,1.4010,NOMINAL,18763,-1,65535,32,37130,329,-239,3
12,follow,stop-at 2.00s,1.4342,NOMINAL,18764,-1,65535,32,39051,329,-239,3
12,follow,stop-at 2.00s,1.4676,NOMINAL,18765,-1,65535,32,43353,328,-239,3
12,follow,stop-at 2.00s,1.5008,NOMINAL,18766,-1,65535,32,23603,328,-239,3
12,follow,stop-at 2.00s,1.5342,NOMINAL,18767,-1,65535,32,62072,328,-239,3
12,follow,stop-at 2.00s,1.5677,NOMINAL,18768,-1,65535,32,66892,328,-239,3
12,follow,stop-at 2.00s,1.6009,NOMINAL,18769,-1,65535,32,81945,328,-239,3
12,follow,stop-at 2.00s,1.6343,NOMINAL,18770,-1,65535,32,40517,328,-238,3
12,follow,stop-at 2.00s,1.6677,NOMINAL,18771,-1,65535,32,35733,328,-238,3
12,follow,stop-at 2.00s,1.7009,NOMINAL,18772,-1,65535,32,39725,328,-238,3
12,follow,stop-at 2.00s,1.7343,NOMINAL,18773,-1,65535,32,38654,329,-239,3
12,follow,stop-at 2.00s,1.7676,NOMINAL,18774,-1,65535,32,90172,329,-239,3
12,follow,stop-at 2.00s,1.8010,NOMINAL,18775,-1,65535,32,84355,329,-239,3
12,follow,stop-at 2.00s,1.8343,NOMINAL,18776,-1,65535,32,55092,329,-239,3
12,follow,stop-at 2.00s,1.8677,NOMINAL,18777,-1,65535,32,92938,329,-239,3
12,follow,stop-at 2.00s,1.9010,NOMINAL,18778,-1,65535,32,53064,329,-239,3
12,follow,stop-at 2.00s,1.9343,NOMINAL,18779,-1,65535,32,40765,329,-239,3
12,follow,stop-at 2.00s,1.9676,NOMINAL,18780,-1,65535,32,59778,329,-239,3
12,follow,stop-at 2.00s,2.0764,FAILSAFE,18780,-1,65535,33,0,329,-239,3
12,follow,stop-at 2.00s,2.1768,FAILSAFE,18780,-1,65535,33,0,329,-239,3
12,follow,stop-at 2.00s,2.2774,FAILSAFE,18780,-1,65535,33,0,329,-239,3
12,follow,stop-at 2.00s,2.3779,FAILSAFE,18780,-1,65535,33,0,328,-239,3
12,follow,stop-at 2.00s,2.4785,FAILSAFE,18780,-1,65535,33,0,329,-239,3
12,follow,stop-at 2.00s,2.5790,FAILSAFE,18780,-1,65535,33,0,329,-238,3
13,follow,stop-at 2.00s,-0.9989,FAILSAFE,18781,-1,65535,32,58663,329,-238,3
13,follow,stop-at 2.00s,-0.9656,FAILSAFE,18782,-1,65535,32,34575,329,-238,3
13,follow,stop-at 2.00s,-0.9322,FAILSAFE,18783,-1,65535,32,57873,329,-238,3
13,follow,stop-at 2.00s,-0.9124,FAILSAFE,18783,-1,65535,32,0,329,-238,3
13,follow,stop-at 2.00s,-0.8992,FAILSAFE,18784,-1,65535,32,33938,329,-238,3
13,follow,stop-at 2.00s,-0.8658,FAILSAFE,18785,-1,65535,32,50693,329,-238,3
13,follow,stop-at 2.00s,-0.8324,FAILSAFE,18786,-1,65535,32,68137,329,-238,3
13,follow,stop-at 2.00s,-0.8124,FAILSAFE,18786,-1,65535,32,0,329,-238,3
13,follow,stop-at 2.00s,-0.7992,FAILSAFE,18787,-1,65535,32,48172,329,-238,3
13,follow,stop-at 2.00s,-0.7657,FAILSAFE,18788,-1,65535,32,56091,329,-239,3
13,follow,stop-at 2.00s,-0.7324,FAILSAFE,18789,-1,65535,32,74651,329,-239,3
13,follow,stop-at 2.00s,-0.7121,FAILSAFE,18789,-1,65535,32,0,329,-239,3
13,follow,stop-at 2.00s,-0.6985,NOMINAL,18790,-1,65535,32,186458,329,-239,3
13,follow,stop-at 2.00s,-0.6657,NOMINAL,18791,-1,65535,32,63418,329,-239,3
13,follow,stop-at 2.00s,-0.6324,NOMINAL,18792,-1,65535,32,47556,329,-239,3
13,follow,stop-at 2.00s,-0.5991,NOMINAL,18793,-1,65535,32,62256,329,-239,3
13,follow,stop-at 2.00s,-0.5658,NOMINAL,18794,-1,65535,32,66312,329,-239,3
13,follow,stop-at 2.00s,-0.5324,NOMINAL,18795,-1,65535,32,87810,329,-239,3
13,follow,stop-at 2.00s,-0.4990,NOMINAL,18796,-1,65535,32,39573,329,-239,3
13,follow,stop-at 2.00s,-0.4657,NOMINAL,18797,-1,65535,32,23976,328,-239,3
13,follow,stop-at 2.00s,-0.4324,NOMINAL,18798,-1,65535,32,100923,329,-239,3
13,follow,stop-at 2.00s,-0.3991,NOMINAL,18799,-1,65535,32,84485,329,-238,3
13,follow,stop-at 2.00s,-0.3657,NOMINAL,18800,-1,65535,32,46256,329,-239,3
13,follow,stop-at 2.00s,-0.3326,NOMINAL,18801,-1,65535,32,55647,329,-239,3
13,follow,stop-at 2.00s,-0.2992,NOMINAL,18802,-1,65535,32,82199,329,-239,3
13,follow,stop-at 2.00s,-0.2656,NOMINAL,18803,-1,65535,32,42818,329,-239,3
13,follow,stop-at 2.00s,-0.2323,NOMINAL,18804,-1,65535,32,83017,328,-239,3
13,follow,stop-at 2.00s,-0.1991,NOMINAL,18805,-1,65535,32,55358,329,-239,3
13,follow,stop-at 2.00s,-0.1658,NOMINAL,18806,-1,65535,32,83557,329,-238,3
13,follow,stop-at 2.00s,-0.1321,NOMINAL,18807,-1,65535,32,58335,329,-238,3
13,follow,stop-at 2.00s,-0.0991,NOMINAL,18808,-1,65535,32,25400,329,-239,3
13,follow,stop-at 2.00s,-0.0658,NOMINAL,18809,-1,65535,32,49884,329,-239,3
13,follow,stop-at 2.00s,-0.0323,NOMINAL,18810,-1,65535,32,38808,329,-239,3
13,follow,stop-at 2.00s,0.0010,NOMINAL,18811,-1,65535,32,58970,329,-239,3
13,follow,stop-at 2.00s,0.0342,NOMINAL,18812,-1,65535,32,43059,329,-239,3
13,follow,stop-at 2.00s,0.0676,NOMINAL,18813,-1,65535,32,13800,329,-239,3
13,follow,stop-at 2.00s,0.1009,NOMINAL,18814,-1,65535,32,59359,329,-239,3
13,follow,stop-at 2.00s,0.1342,NOMINAL,18815,-1,65535,32,70709,329,-239,3
13,follow,stop-at 2.00s,0.1677,NOMINAL,18816,-1,65535,32,79345,329,-238,3
13,follow,stop-at 2.00s,0.2010,NOMINAL,18817,-1,65535,32,84875,329,-239,3
13,follow,stop-at 2.00s,0.2341,NOMINAL,18818,-1,65535,32,58220,329,-238,3
13,follow,stop-at 2.00s,0.2679,NOMINAL,18819,-1,65535,32,60133,328,-239,3
13,follow,stop-at 2.00s,0.3010,NOMINAL,18820,-1,65535,32,40279,328,-239,3
13,follow,stop-at 2.00s,0.3347,NOMINAL,18821,-1,65535,32,33395,328,-238,3
13,follow,stop-at 2.00s,0.3676,NOMINAL,18822,-1,65535,32,22337,328,-239,3
13,follow,stop-at 2.00s,0.4012,NOMINAL,18823,-1,65535,32,60618,328,-239,3
13,follow,stop-at 2.00s,0.4342,NOMINAL,18824,-1,65535,32,46322,328,-239,3
13,follow,stop-at 2.00s,0.4678,NOMINAL,18825,-1,65535,32,67091,329,-239,3
13,follow,stop-at 2.00s,0.5011,NOMINAL,18826,-1,65535,32,42508,329,-238,3
13,follow,stop-at 2.00s,0.5343,NOMINAL,18827,-1,65535,32,41653,329,-238,3
13,follow,stop-at 2.00s,0.5674,NOMINAL,18828,-1,65535,32,26602,329,-238,3
13,follow,stop-at 2.00s,0.6009,NOMINAL,18829,-1,65535,32,55872,329,-239,3
13,follow,stop-at 2.00s,0.6344,NOMINAL,18830,-1,65535,32,66483,329,-239,3
13,follow,stop-at 2.00s,0.6678,NOMINAL,18831,-1,65535,32,61022,329,-239,3
13,follow,stop-at 2.00s,0.7010,NOMINAL,18832,-1,65535,32,51613,329,-239,3
13,follow,stop-at 2.00s,0.7341,NOMINAL,18833,-1,65535,32,22787,329,-239,3
13,follow,stop-at 2.00s,0.7677,NOMINAL,18834,-1,65535,32,23629,329,-240,3
13,follow,stop-at 2.00s,0.8009,NOMINAL,18835,-1,65535,32,58513,329,-240,3
13,follow,stop-at 2.00s,0.8343,NOMINAL,18836,-1,65535,32,78778,328,-239,3
13,follow,stop-at 2.00s,0.8676,NOMINAL,18837,-1,65535,32,26584,328,-239,3
13,follow,stop-at 2.00s,0.9010,NOMINAL,18838,-1,65535,32,87939,328,-239,3
13,follow,stop-at 2.00s,0.9344,NOMINAL,18839,-1,65535,32,68816,329,-239,3
13,follow,stop-at 2.00s,0.9678,NOMINAL,18840,-1,65535,32,62601,329,-239,3
13,follow,stop-at 2.00s,1.0011,NOMINAL,18841,-1,65535,32,84982,328,-238,3
13,follow,stop-at 2.00s,1.0342,NOMINAL,18842,-1,65535,32,82353,329,-239,3
13,follow,stop-at 2.00s,1.0679,NOMINAL,18843,-1,65535,32,39912,328,-238,3
13,follow,stop-at 2.00s,1.1009,NOMINAL,18844,-1,65535,32,41649,329,-238,3
13,follow,stop-at 2.00s,1.1344,NOMINAL,18845,-1,65535,32,77796,328,-238,3
13,follow,stop-at 2.00s,1.1677,NOMINAL,18846,-1,65535,32,59564,329,-239,3
13,follow,stop-at 2.00s,1.2011,NOMINAL,18847,-1,65535,32,39581,329,-238,3
13,follow,stop-at 2.00s,1.2342,NOMINAL,18848,-1,65535,32,41580,329,-239,3
13,follow,stop-at 2.00s,1.2676,NOMINAL,18849,-1,65535,32,42379,329,-239,3
13,follow,stop-at 2.00s,1.3010,NOMINAL,18850,-1,65535,32,25416,329,-239,3
13,follow,stop-at 2.00s,1.3342,NOMINAL,18851,-1,65535,32,21534,328,-240,3
13,follow,stop-at 2.00s,1.3677,NOMINAL,18852,-1,65535,32,41204,329,-239,3
13,follow,stop-at 2.00s,1.4010,NOMINAL,18853,-1,65535,32,54746,328,-239,3
13,follow,stop-at 2.00s,1.4342,NOMINAL,18854,-1,65535,32,79064,328,-239,3
13,follow,stop-at 2.00s,1.4676,NOMINAL,18855,-1,65535,32,84159,329,-238,3
13,follow,stop-at 2.00s,1.5010,NOMINAL,18856,-1,65535,32,42563,328,-239,3
13,follow,stop-at 2.00s,1.5343,NOMINAL,18857,-1,65535,32,42065,328,-239,3
13,follow,stop-at 2.00s,1.5676,NOMINAL,18858,-1,65535,32,58620,328,-238,3
13,follow,stop-at 2.00s,1.6010,NOMINAL,18859,-1,65535,32,37620,328,-239,3
13,follow,stop-at 2.00s,1.6343,NOMINAL,18860,-1,65535,32,81967,328,-238,3
13,follow,stop-at 2.00s,1.6675,NOMINAL,18861,-1,65535,32,40051,328,-239,3
13,follow,stop-at 2.00s,1.7008,NOMINAL,18862,-1,65535,32,39267,329,-239,3
13,follow,stop-at 2.00s,1.7343,NOMINAL,18863,-1,65535,32,57371,329,-239,3
13,follow,stop-at 2.00s,1.7675,NOMINAL,18864,-1,65535,32,37966,329,-239,3
13,follow,stop-at 2.00s,1.8009,NOMINAL,18865,-1,65535,32,40535,329,-239,3
13,follow,stop-at 2.00s,1.8344,NOMINAL,18866,-1,65535,32,77281,329,-239,3
13,follow,stop-at 2.00s,1.8676,NOMINAL,18867,-1,65535,32,42146,329,-239,3
13,follow,stop-at 2.00s,1.9010,NOMINAL,18868,-1,65535,32,43113,329,-239,3
13,follow,stop-at 2.00s,1.9343,NOMINAL,18869,-1,65535,32,64698,329,-238,3
13,follow,stop-at 2.00s,1.9675,NOMINAL,18870,-1,65535,32,53601,329,-239,3
13,follow,stop-at 2.00s,2.0735,FAILSAFE,18870,-1,65535,33,0,328,-238,3
13,follow,stop-at 2.00s,2.1739,FAILSAFE,18870,-1,65535,33,0,329,-239,3
13,follow,stop-at 2.00s,2.2746,FAILSAFE,18870,-1,65535,33,0,329,-239,3
13,follow,stop-at 2.00s,2.3750,FAILSAFE,18870,-1,65535,33,0,329,-238,3
13,follow,stop-at 2.00s,2.4756,FAILSAFE,18870,-1,65535,33,0,329,-239,3
13,follow,stop-at 2.00s,2.5759,FAILSAFE,18870,-1,65535,33,0,329,-239,3
14,follow,stop-at 2.00s,-0.9989,FAILSAFE,18871,-1,65535,32,44231,329,-239,3
14,follow,stop-at 2.00s,-0.9657,FAILSAFE,18872,-1,65535,32,64923,329,-238,3
14,follow,stop-at 2.00s,-0.9323,FAILSAFE,18873,-1,65535,32,64163,329,-239,3
14,follow,stop-at 2.00s,-0.9122,FAILSAFE,18873,-1,65535,32,0,329,-238,3
14,follow,stop-at 2.00s,-0.8990,FAILSAFE,18874,-1,65535,32,34982,329,-238,3
14,follow,stop-at 2.00s,-0.8657,FAILSAFE,18875,-1,65535,32,48031,329,-238,3
14,follow,stop-at 2.00s,-0.8324,FAILSAFE,18876,-1,65535,32,34034,328,-239,3
14,follow,stop-at 2.00s,-0.8124,FAILSAFE,18876,-1,65535,32,0,329,-239,3
14,follow,stop-at 2.00s,-0.7990,FAILSAFE,18877,-1,65535,32,74527,329,-239,3
14,follow,stop-at 2.00s,-0.7658,FAILSAFE,18878,-1,65535,32,48560,328,-239,3
14,follow,stop-at 2.00s,-0.7321,FAILSAFE,18879,-1,65535,32,75324,329,-239,3
14,follow,stop-at 2.00s,-0.7118,FAILSAFE,18879,-1,65535,32,0,329,-239,3
14,follow,stop-at 2.00s,-0.6986,NOMINAL,18880,-1,65535,32,92008,329,-239,3
14,follow,stop-at 2.00s,-0.6657,NOMINAL,18881,-1,65535,32,40735,329,-239,3
14,follow,stop-at 2.00s,-0.6323,NOMINAL,18882,-1,65535,32,41660,329,-239,3
14,follow,stop-at 2.00s,-0.5992,NOMINAL,18883,-1,65535,32,62217,329,-239,3
14,follow,stop-at 2.00s,-0.5657,NOMINAL,18884,-1,65535,32,35587,329,-239,3
14,follow,stop-at 2.00s,-0.5324,NOMINAL,18885,-1,65535,32,56817,329,-239,3
14,follow,stop-at 2.00s,-0.4991,NOMINAL,18886,-1,65535,32,25789,329,-239,3
14,follow,stop-at 2.00s,-0.4659,NOMINAL,18887,-1,65535,32,20779,329,-239,3
14,follow,stop-at 2.00s,-0.4325,NOMINAL,18888,-1,65535,32,38446,329,-239,3
14,follow,stop-at 2.00s,-0.3990,NOMINAL,18889,-1,65535,32,41481,330,-239,3
14,follow,stop-at 2.00s,-0.3657,NOMINAL,18890,-1,65535,32,46260,329,-239,3
14,follow,stop-at 2.00s,-0.3324,NOMINAL,18891,-1,65535,32,42065,329,-239,3
14,follow,stop-at 2.00s,-0.2989,NOMINAL,18892,-1,65535,32,47510,329,-239,3
14,follow,stop-at 2.00s,-0.2657,NOMINAL,18893,-1,65535,32,33913,329,-239,3
14,follow,stop-at 2.00s,-0.2323,NOMINAL,18894,-1,65535,32,69053,328,-239,3
14,follow,stop-at 2.00s,-0.1991,NOMINAL,18895,-1,65535,32,44381,329,-239,3
14,follow,stop-at 2.00s,-0.1658,NOMINAL,18896,-1,65535,32,65905,329,-239,3
14,follow,stop-at 2.00s,-0.1324,NOMINAL,18897,-1,65535,32,86204,329,-239,3
14,follow,stop-at 2.00s,-0.0990,NOMINAL,18898,-1,65535,32,61414,329,-239,3
14,follow,stop-at 2.00s,-0.0655,NOMINAL,18899,-1,65535,32,96362,329,-239,3
14,follow,stop-at 2.00s,-0.0323,NOMINAL,18900,-1,65535,32,80962,329,-239,3
14,follow,stop-at 2.00s,0.0011,NOMINAL,18901,-1,65535,32,39871,329,-238,3
14,follow,stop-at 2.00s,0.0344,NOMINAL,18902,-1,65535,32,61069,329,-239,3
14,follow,stop-at 2.00s,0.0677,NOMINAL,18903,-1,65535,32,21788,329,-238,3
14,follow,stop-at 2.00s,0.1009,NOMINAL,18904,-1,65535,32,26466,328,-238,3
14,follow,stop-at 2.00s,0.1342,NOMINAL,18905,-1,65535,32,21564,329,-239,3
14,follow,stop-at 2.00s,0.1677,NOMINAL,18906,-1,65535,32,56788,329,-239,3
14,follow,stop-at 2.00s,0.2007,NOMINAL,18907,-1,65535,32,65866,329,-239,3
14,follow,stop-at 2.00s,0.2342,NOMINAL,18908,-1,65535,32,24139,329,-239,3
14,follow,stop-at 2.00s,0.2677,NOMINAL,18909,-1,65535,32,98348,329,-239,3
14,follow,stop-at 2.00s,0.3012,NOMINAL,18910,-1,65535,32,82000,329,-239,3
14,follow,stop-at 2.00s,0.3347,NOMINAL,18911,-1,65535,32,95682,329,-239,3
14,follow,stop-at 2.00s,0.3679,NOMINAL,18912,-1,65535,32,62204,329,-239,3
14,follow,stop-at 2.00s,0.4010,NOMINAL,18913,-1,65535,32,43880,329,-239,3
14,follow,stop-at 2.00s,0.4341,NOMINAL,18914,-1,65535,32,58274,328,-239,3
14,follow,stop-at 2.00s,0.4676,NOMINAL,18915,-1,65535,32,54700,329,-239,3
14,follow,stop-at 2.00s,0.5009,NOMINAL,18916,-1,65535,32,44603,329,-239,3
14,follow,stop-at 2.00s,0.5344,NOMINAL,18917,-1,65535,32,52850,329,-239,3
14,follow,stop-at 2.00s,0.5675,NOMINAL,18918,-1,65535,32,44576,329,-239,3
14,follow,stop-at 2.00s,0.6009,NOMINAL,18919,-1,65535,32,61746,328,-239,3
14,follow,stop-at 2.00s,0.6342,NOMINAL,18920,-1,65535,32,40518,328,-239,3
14,follow,stop-at 2.00s,0.6677,NOMINAL,18921,-1,65535,32,27632,329,-239,3
14,follow,stop-at 2.00s,0.7011,NOMINAL,18922,-1,65535,32,63409,328,-239,3
14,follow,stop-at 2.00s,0.7341,NOMINAL,18923,-1,65535,32,39158,329,-239,3
14,follow,stop-at 2.00s,0.7675,NOMINAL,18924,-1,65535,32,52620,329,-238,3
14,follow,stop-at 2.00s,0.8011,NOMINAL,18925,-1,65535,32,76178,329,-239,3
14,follow,stop-at 2.00s,0.8344,NOMINAL,18926,-1,65535,32,84213,329,-239,3
14,follow,stop-at 2.00s,0.8676,NOMINAL,18927,-1,65535,32,59662,329,-238,3
14,follow,stop-at 2.00s,0.9008,NOMINAL,18928,-1,65535,32,39589,329,-239,3
14,follow,stop-at 2.00s,0.9342,NOMINAL,18929,-1,65535,32,39525,329,-238,3
14,follow,stop-at 2.00s,0.9677,NOMINAL,18930,-1,65535,32,45742,329,-239,3
14,follow,stop-at 2.00s,1.0011,NOMINAL,18931,-1,65535,32,70384,329,-239,3
14,follow,stop-at 2.00s,1.0345,NOMINAL,18932,-1,65535,32,67908,329,-239,3
14,follow,stop-at 2.00s,1.0678,NOMINAL,18933,-1,65535,32,70856,329,-239,3
14,follow,stop-at 2.00s,1.1008,NOMINAL,18934,-1,65535,32,52578,329,-239,3
14,follow,stop-at 2.00s,1.1341,NOMINAL,18935,-1,65535,32,36498,329,-239,3
14,follow,stop-at 2.00s,1.1677,NOMINAL,18936,-1,65535,32,86052,329,-239,3
14,follow,stop-at 2.00s,1.2008,NOMINAL,18937,-1,65535,32,42547,329,-239,3
14,follow,stop-at 2.00s,1.2343,NOMINAL,18938,-1,65535,32,45211,329,-239,3
14,follow,stop-at 2.00s,1.2677,NOMINAL,18939,-1,65535,32,58473,329,-239,3
14,follow,stop-at 2.00s,1.3010,NOMINAL,18940,-1,65535,32,55355,329,-239,3
14,follow,stop-at 2.00s,1.3344,NOMINAL,18941,-1,65535,32,70116,329,-239,3
14,follow,stop-at 2.00s,1.3676,NOMINAL,18942,-1,65535,32,38767,329,-239,3
14,follow,stop-at 2.00s,1.4009,NOMINAL,18943,-1,65535,32,42155,329,-239,3
14,follow,stop-at 2.00s,1.4344,NOMINAL,18944,-1,65535,32,46342,329,-239,3
14,follow,stop-at 2.00s,1.4678,NOMINAL,18945,-1,65535,32,79812,328,-239,3
14,follow,stop-at 2.00s,1.5010,NOMINAL,18946,-1,65535,32,49151,329,-238,3
14,follow,stop-at 2.00s,1.5344,NOMINAL,18947,-1,65535,32,39649,329,-239,3
14,follow,stop-at 2.00s,1.5677,NOMINAL,18948,-1,65535,32,57175,328,-239,3
14,follow,stop-at 2.00s,1.6010,NOMINAL,18949,-1,65535,32,107156,328,-239,3
14,follow,stop-at 2.00s,1.6341,NOMINAL,18950,-1,65535,32,35957,328,-238,3
14,follow,stop-at 2.00s,1.6677,NOMINAL,18951,-1,65535,32,62533,328,-238,3
14,follow,stop-at 2.00s,1.7009,NOMINAL,18952,-1,65535,32,41748,329,-238,3
14,follow,stop-at 2.00s,1.7343,NOMINAL,18953,-1,65535,32,41723,328,-238,3
14,follow,stop-at 2.00s,1.7675,NOMINAL,18954,-1,65535,32,23239,329,-238,3
14,follow,stop-at 2.00s,1.8009,NOMINAL,18955,-1,65535,32,57929,329,-238,3
14,follow,stop-at 2.00s,1.8343,NOMINAL,18956,-1,65535,32,44459,329,-238,3
14,follow,stop-at 2.00s,1.8675,NOMINAL,18957,-1,65535,32,24093,329,-238,3
14,follow,stop-at 2.00s,1.9009,NOMINAL,18958,-1,65535,32,70804,328,-238,3
14,follow,stop-at 2.00s,1.9344,NOMINAL,18959,-1,65535,32,84046,328,-238,3
14,follow,stop-at 2.00s,1.9677,NOMINAL,18960,-1,65535,32,68229,329,-239,3
14,follow,stop-at 2.00s,2.0708,FAILSAFE,18960,-1,65535,33,0,329,-238,3
14,follow,stop-at 2.00s,2.1711,FAILSAFE,18960,-1,65535,33,0,329,-239,3
14,follow,stop-at 2.00s,2.2717,FAILSAFE,18960,-1,65535,33,0,329,-239,3
14,follow,stop-at 2.00s,2.3722,FAILSAFE,18960,-1,65535,33,0,328,-239,3
14,follow,stop-at 2.00s,2.4728,FAILSAFE,18960,-1,65535,33,0,329,-239,3
14,follow,stop-at 2.00s,2.5733,FAILSAFE,18960,-1,65535,33,0,329,-239,3
15,follow,stop-at 2.00s,-0.9989,FAILSAFE,18961,-1,65535,32,68143,329,-239,3
15,follow,stop-at 2.00s,-0.9657,FAILSAFE,18962,-1,65535,32,43797,329,-238,3
15,follow,stop-at 2.00s,-0.9324,FAILSAFE,18963,-1,65535,32,39788,329,-238,3
15,follow,stop-at 2.00s,-0.9120,FAILSAFE,18963,-1,65535,32,0,329,-238,3
15,follow,stop-at 2.00s,-0.8992,FAILSAFE,18964,-1,65535,32,42925,329,-238,3
15,follow,stop-at 2.00s,-0.8657,FAILSAFE,18965,-1,65535,32,70303,329,-239,3
15,follow,stop-at 2.00s,-0.8326,FAILSAFE,18966,-1,65535,32,35059,329,-239,3
15,follow,stop-at 2.00s,-0.8126,FAILSAFE,18966,-1,65535,32,0,330,-239,3
15,follow,stop-at 2.00s,-0.7993,FAILSAFE,18967,-1,65535,32,34425,329,-239,3
15,follow,stop-at 2.00s,-0.7659,FAILSAFE,18968,-1,65535,32,37128,329,-239,3
15,follow,stop-at 2.00s,-0.7323,FAILSAFE,18969,-1,65535,32,46166,329,-238,3
15,follow,stop-at 2.00s,-0.7120,FAILSAFE,18969,-1,65535,32,0,329,-238,3
15,follow,stop-at 2.00s,-0.6984,NOMINAL,18970,-1,65535,32,128788,329,-238,3
15,follow,stop-at 2.00s,-0.6657,NOMINAL,18971,-1,65535,32,56885,329,-238,3
15,follow,stop-at 2.00s,-0.6324,NOMINAL,18972,-1,65535,32,61808,329,-238,3
15,follow,stop-at 2.00s,-0.5989,NOMINAL,18973,-1,65535,32,86048,329,-238,3
15,follow,stop-at 2.00s,-0.5658,NOMINAL,18974,-1,65535,32,57166,329,-238,3
15,follow,stop-at 2.00s,-0.5322,NOMINAL,18975,-1,65535,32,69404,329,-238,3
15,follow,stop-at 2.00s,-0.4992,NOMINAL,18976,-1,65535,32,43897,329,-239,3
15,follow,stop-at 2.00s,-0.4657,NOMINAL,18977,-1,65535,32,52572,329,-239,3
15,follow,stop-at 2.00s,-0.4324,NOMINAL,18978,-1,65535,32,19642,329,-239,3
15,follow,stop-at 2.00s,-0.3990,NOMINAL,18979,-1,65535,32,45726,329,-239,3
15,follow,stop-at 2.00s,-0.3657,NOMINAL,18980,-1,65535,32,22135,328,-239,3
15,follow,stop-at 2.00s,-0.3323,NOMINAL,18981,-1,65535,32,61104,329,-238,3
15,follow,stop-at 2.00s,-0.2992,NOMINAL,18982,-1,65535,32,41888,329,-238,3
15,follow,stop-at 2.00s,-0.2658,NOMINAL,18983,-1,65535,32,41138,329,-238,3
15,follow,stop-at 2.00s,-0.2325,NOMINAL,18984,-1,65535,32,39858,329,-239,3
15,follow,stop-at 2.00s,-0.1991,NOMINAL,18985,-1,65535,32,103817,328,-239,3
15,follow,stop-at 2.00s,-0.1658,NOMINAL,18986,-1,65535,32,40169,328,-239,3
15,follow,stop-at 2.00s,-0.1325,NOMINAL,18987,-1,65535,32,39000,329,-239,3
15,follow,stop-at 2.00s,-0.0991,NOMINAL,18988,-1,65535,32,45166,329,-239,3
15,follow,stop-at 2.00s,-0.0658,NOMINAL,18989,-1,65535,32,28230,329,-239,3
15,follow,stop-at 2.00s,-0.0325,NOMINAL,18990,-1,65535,32,58646,329,-239,3
15,follow,stop-at 2.00s,0.0011,NOMINAL,18991,-1,65535,32,40955,329,-239,3
15,follow,stop-at 2.00s,0.0340,NOMINAL,18992,-1,65535,32,57816,329,-239,3
15,follow,stop-at 2.00s,0.0676,NOMINAL,18993,-1,65535,32,42229,329,-239,3
15,follow,stop-at 2.00s,0.1010,NOMINAL,18994,-1,65535,32,99951,329,-239,3
15,follow,stop-at 2.00s,0.1342,NOMINAL,18995,-1,65535,32,63573,329,-239,3
15,follow,stop-at 2.00s,0.1676,NOMINAL,18996,-1,65535,32,40883,329,-238,3
15,follow,stop-at 2.00s,0.2009,NOMINAL,18997,-1,65535,32,41232,329,-238,3
15,follow,stop-at 2.00s,0.2343,NOMINAL,18998,-1,65535,32,40316,329,-239,3
15,follow,stop-at 2.00s,0.2676,NOMINAL,18999,-1,65535,32,65077,329,-239,3
15,follow,stop-at 2.00s,0.3011,NOMINAL,19000,-1,65535,32,85900,329,-239,3
15,follow,stop-at 2.00s,0.3346,NOMINAL,19001,-1,65535,32,90141,329,-238,3
15,follow,stop-at 2.00s,0.3680,NOMINAL,19002,-1,65535,32,45622,329,-238,3
15,follow,stop-at 2.00s,0.4010,NOMINAL,19003,-1,65535,32,72481,329,-239,3
15,follow,stop-at 2.00s,0.4344,NOMINAL,19004,-1,65535,32,43599,329,-238,3
15,follow,stop-at 2.00s,0.4679,NOMINAL,19005,-1,65535,32,46668,329,-239,3
15,follow,stop-at 2.00s,0.5010,NOMINAL,19006,-1,65535,32,38442,329,-239,3
15,follow,stop-at 2.00s,0.5344,NOMINAL,19007,-1,65535,32,85784,329,-239,3
15,follow,stop-at 2.00s,0.5676,NOMINAL,19008,-1,65535,32,49655,329,-239,3
15,follow,stop-at 2.00s,0.6011,NOMINAL,19009,-1,65535,32,82846,329,-239,3
15,follow,stop-at 2.00s,0.6344,NOMINAL,19010,-1,65535,32,68032,329,-239,3
15,follow,stop-at 2.00s,0.6677,NOMINAL,19011,-1,65535,32,57929,329,-239,3
15,follow,stop-at 2.00s,0.7011,NOMINAL,19012,-1,65535,32,21912,329,-239,3
15,follow,stop-at 2.00s,0.7342,NOMINAL,19013,-1,65535,32,60334,329,-239,3
15,follow,stop-at 2.00s,0.7676,NOMINAL,19014,-1,65535,32,25363,329,-239,3
15,follow,stop-at 2.00s,0.8009,NOMINAL,19015,-1,65535,32,39209,329,-239,3
15,follow,stop-at 2.00s,0.8343,NOMINAL,19016,-1,65535,32,59921,329,-239,3
15,follow,stop-at 2.00s,0.8678,NOMINAL,19017,-1,65535,32,64628,329,-239,3
15,follow,stop-at 2.00s,0.9011,NOMINAL,19018,-1,65535,32,88310,328,-238,3
15,follow,stop-at 2.00s,0.9345,NOMINAL,19019,-1,65535,32,40714,328,-238,3
15,follow,stop-at 2.00s,0.9675,NOMINAL,19020,-1,65535,32,40727,329,-239,3
15,follow,stop-at 2.00s,1.0009,NOMINAL,19021,-1,65535,32,58535,329,-239,3
15,follow,stop-at 2.00s,1.0345,NOMINAL,19022,-1,65535,32,39966,329,-239,3
15,follow,stop-at 2.00s,1.0681,NOMINAL,19023,-1,65535,32,85005,329,-239,3
15,follow,stop-at 2.00s,1.1008,NOMINAL,19024,-1,65535,32,53190,329,-238,3
15,follow,stop-at 2.00s,1.1344,NOMINAL,19025,-1,65535,32,81445,329,-238,3
15,follow,stop-at 2.00s,1.1676,NOMINAL,19026,-1,65535,32,46108,329,-238,3
15,follow,stop-at 2.00s,1.2009,NOMINAL,19027,-1,65535,32,36991,329,-238,3
15,follow,stop-at 2.00s,1.2343,NOMINAL,19028,-1,65535,32,39990,329,-238,3
15,follow,stop-at 2.00s,1.2676,NOMINAL,19029,-1,65535,32,42696,329,-238,3
15,follow,stop-at 2.00s,1.3009,NOMINAL,19030,-1,65535,32,22840,329,-239,3
15,follow,stop-at 2.00s,1.3343,NOMINAL,19031,-1,65535,32,46671,329,-239,3
15,follow,stop-at 2.00s,1.3677,NOMINAL,19032,-1,65535,32,67638,329,-239,3
15,follow,stop-at 2.00s,1.4009,NOMINAL,19033,-1,65535,32,68808,329,-239,3
15,follow,stop-at 2.00s,1.4343,NOMINAL,19034,-1,65535,32,85338,329,-239,3
15,follow,stop-at 2.00s,1.4677,NOMINAL,19035,-1,65535,32,39893,329,-239,3
15,follow,stop-at 2.00s,1.5010,NOMINAL,19036,-1,65535,32,71586,329,-239,3
15,follow,stop-at 2.00s,1.5343,NOMINAL,19037,-1,65535,32,66488,329,-239,3
15,follow,stop-at 2.00s,1.5678,NOMINAL,19038,-1,65535,32,98269,329,-239,3
15,follow,stop-at 2.00s,1.6009,NOMINAL,19039,-1,65535,32,55222,329,-239,3
15,follow,stop-at 2.00s,1.6341,NOMINAL,19040,-1,65535,32,41000,329,-239,3
15,follow,stop-at 2.00s,1.6677,NOMINAL,19041,-1,65535,32,43417,329,-239,3
15,follow,stop-at 2.00s,1.7011,NOMINAL,19042,-1,65535,32,39925,329,-239,3
15,follow,stop-at 2.00s,1.7343,NOMINAL,19043,-1,65535,32,59103,329,-239,3
15,follow,stop-at 2.00s,1.7678,NOMINAL,19044,-1,65535,32,43483,329,-239,3
15,follow,stop-at 2.00s,1.8011,NOMINAL,19045,-1,65535,32,44276,329,-239,3
15,follow,stop-at 2.00s,1.8342,NOMINAL,19046,-1,65535,32,41809,329,-239,3
15,follow,stop-at 2.00s,1.8676,NOMINAL,19047,-1,65535,32,39376,329,-239,3
15,follow,stop-at 2.00s,1.9009,NOMINAL,19048,-1,65535,32,42395,329,-239,3
15,follow,stop-at 2.00s,1.9343,NOMINAL,19049,-1,65535,32,55643,328,-238,3
15,follow,stop-at 2.00s,1.9677,NOMINAL,19050,-1,65535,32,61345,329,-238,3
15,follow,stop-at 2.00s,2.0777,FAILSAFE,19050,-1,65535,33,0,329,-239,3
15,follow,stop-at 2.00s,2.1784,FAILSAFE,19050,-1,65535,33,0,329,-239,3
15,follow,stop-at 2.00s,2.2788,FAILSAFE,19050,-1,65535,33,0,328,-239,3
15,follow,stop-at 2.00s,2.3792,FAILSAFE,19050,-1,65535,33,0,329,-239,3
15,follow,stop-at 2.00s,2.4798,FAILSAFE,19050,-1,65535,33,0,329,-239,3
15,follow,stop-at 2.00s,2.5801,FAILSAFE,19050,-1,65535,33,0,329,-239,3
16,follow,stop-at 2.00s,-0.9990,FAILSAFE,19051,-1,65535,32,62695,329,-239,3
16,follow,stop-at 2.00s,-0.9657,FAILSAFE,19052,-1,65535,32,35835,329,-239,3
16,follow,stop-at 2.00s,-0.9323,FAILSAFE,19053,-1,65535,32,29080,328,-239,3
16,follow,stop-at 2.00s,-0.9123,FAILSAFE,19053,-1,65535,32,0,328,-239,3
16,follow,stop-at 2.00s,-0.8992,FAILSAFE,19054,-1,65535,32,34765,328,-239,3
16,follow,stop-at 2.00s,-0.8658,FAILSAFE,19055,-1,65535,32,17845,328,-239,3
16,follow,stop-at 2.00s,-0.8326,FAILSAFE,19056,-1,65535,32,35174,328,-239,3
16,follow,stop-at 2.00s,-0.8125,FAILSAFE,19056,-1,65535,32,0,328,-239,3
16,follow,stop-at 2.00s,-0.7993,FAILSAFE,19057,-1,65535,32,34001,328,-239,3
16,follow,stop-at 2.00s,-0.7658,FAILSAFE,19058,-1,65535,32,39181,329,-239,3
16,follow,stop-at 2.00s,-0.7321,FAILSAFE,19059,-1,65535,32,66105,329,-239,3
16,follow,stop-at 2.00s,-0.7117,FAILSAFE,19059,-1,65535,32,0,329,-239,3
16,follow,stop-at 2.00s,-0.6985,NOMINAL,19060,-1,65535,32,100638,329,-239,3
16,follow,stop-at 2.00s,-0.6658,NOMINAL,19061,-1,65535,32,88566,329,-239,3
16,follow,stop-at 2.00s,-0.6323,NOMINAL,19062,-1,65535,32,44187,329,-239,3
16,follow,stop-at 2.00s,-0.5991,NOMINAL,19063,-1,65535,32,44038,329,-239,3
16,follow,stop-at 2.00s,-0.5658,NOMINAL,19064,-1,65535,32,19782,329,-239,3
16,follow,stop-at 2.00s,-0.5324,NOMINAL,19065,-1,65535,32,55844,329,-239,3
16,follow,stop-at 2.00s,-0.4992,NOMINAL,19066,-1,65535,32,38312,329,-239,3
16,follow,stop-at 2.00s,-0.4659,NOMINAL,19067,-1,65535,32,63093,329,-239,3
16,follow,stop-at 2.00s,-0.4325,NOMINAL,19068,-1,65535,32,43713,329,-239,3
16,follow,stop-at 2.00s,-0.3989,NOMINAL,19069,-1,65535,32,40543,329,-239,3
16,follow,stop-at 2.00s,-0.3658,NOMINAL,19070,-1,65535,32,44913,329,-238,3
16,follow,stop-at 2.00s,-0.3323,NOMINAL,19071,-1,65535,32,38504,329,-238,3
16,follow,stop-at 2.00s,-0.2990,NOMINAL,19072,-1,65535,32,42079,329,-239,3
16,follow,stop-at 2.00s,-0.2659,NOMINAL,19073,-1,65535,32,41390,328,-238,3
16,follow,stop-at 2.00s,-0.2326,NOMINAL,19074,-1,65535,32,52122,329,-238,3
16,follow,stop-at 2.00s,-0.1992,NOMINAL,19075,-1,65535,32,41716,329,-239,3
16,follow,stop-at 2.00s,-0.1658,NOMINAL,19076,-1,65535,32,27002,329,-238,3
16,follow,stop-at 2.00s,-0.1326,NOMINAL,19077,-1,65535,32,44575,329,-238,3
16,follow,stop-at 2.00s,-0.0990,NOMINAL,19078,-1,65535,32,40763,329,-239,3
16,follow,stop-at 2.00s,-0.0657,NOMINAL,19079,-1,65535,32,38842,329,-239,3
16,follow,stop-at 2.00s,-0.0323,NOMINAL,19080,-1,65535,32,25324,329,-238,3
16,follow,stop-at 2.00s,0.0010,NOMINAL,19081,-1,65535,32,117521,329,-239,3
16,follow,stop-at 2.00s,0.0343,NOMINAL,19082,-1,65535,32,40459,329,-239,3
16,follow,stop-at 2.00s,0.0678,NOMINAL,19083,-1,65535,32,40462,329,-239,3
16,follow,stop-at 2.00s,0.1010,NOMINAL,19084,-1,65535,32,57042,329,-239,3
16,follow,stop-at 2.00s,0.1344,NOMINAL,19085,-1,65535,32,40505,329,-239,3
16,follow,stop-at 2.00s,0.1676,NOMINAL,19086,-1,65535,32,41450,329,-239,3
16,follow,stop-at 2.00s,0.2009,NOMINAL,19087,-1,65535,32,40423,329,-239,3
16,follow,stop-at 2.00s,0.2345,NOMINAL,19088,-1,65535,32,67881,329,-239,3
16,follow,stop-at 2.00s,0.2677,NOMINAL,19089,-1,65535,32,55834,329,-239,3
16,follow,stop-at 2.00s,0.3010,NOMINAL,19090,-1,65535,32,58438,329,-239,3
16,follow,stop-at 2.00s,0.3346,NOMINAL,19091,-1,65535,32,34210,329,-239,3
16,follow,stop-at 2.00s,0.3678,NOMINAL,19092,-1,65535,32,44718,330,-239,3
16,follow,stop-at 2.00s,0.4009,NOMINAL,19093,-1,65535,32,58133,329,-238,3
16,follow,stop-at 2.00s,0.4343,NOMINAL,19094,-1,65535,32,47592,328,-238,3
16,follow,stop-at 2.00s,0.4676,NOMINAL,19095,-1,65535,32,41542,328,-239,3
16,follow,stop-at 2.00s,0.5010,NOMINAL,19096,-1,65535,32,40517,328,-239,3
16,follow,stop-at 2.00s,0.5344,NOMINAL,19097,-1,65535,32,95729,328,-239,3
16,follow,stop-at 2.00s,0.5678,NOMINAL,19098,-1,65535,32,56115,328,-239,3
16,follow,stop-at 2.00s,0.6010,NOMINAL,19099,-1,65535,32,57889,329,-239,3
16,follow,stop-at 2.00s,0.6343,NOMINAL,19100,-1,65535,32,30221,329,-240,3
16,follow,stop-at 2.00s,0.6678,NOMINAL,19101,-1,65535,32,43602,329,-240,3
16,follow,stop-at 2.00s,0.7011,NOMINAL,19102,-1,65535,32,43781,329,-239,3
16,follow,stop-at 2.00s,0.7342,NOMINAL,19103,-1,65535,32,62857,329,-239,3
16,follow,stop-at 2.00s,0.7675,NOMINAL,19104,-1,65535,32,35124,329,-239,3
16,follow,stop-at 2.00s,0.8009,NOMINAL,19105,-1,65535,32,39829,329,-239,3
16,follow,stop-at 2.00s,0.8342,NOMINAL,19106,-1,65535,32,24992,329,-239,3
16,follow,stop-at 2.00s,0.8677,NOMINAL,19107,-1,65535,32,40662,329,-239,3
16,follow,stop-at 2.00s,0.9010,NOMINAL,19108,-1,65535,32,39980,329,-240,3
16,follow,stop-at 2.00s,0.9342,NOMINAL,19109,-1,65535,32,69601,329,-240,3
16,follow,stop-at 2.00s,0.9677,NOMINAL,19110,-1,65535,32,58005,329,-239,3
16,follow,stop-at 2.00s,1.0011,NOMINAL,19111,-1,65535,32,25196,329,-239,3
16,follow,stop-at 2.00s,1.0345,NOMINAL,19112,-1,65535,32,68751,329,-239,3
16,follow,stop-at 2.00s,1.0675,NOMINAL,19113,-1,65535,32,56946,329,-239,3
16,follow,stop-at 2.00s,1.1010,NOMINAL,19114,-1,65535,32,42501,329,-239,3
16,follow,stop-at 2.00s,1.1343,NOMINAL,19115,-1,65535,32,72208,329,-239,3
16,follow,stop-at 2.00s,1.1676,NOMINAL,19116,-1,65535,32,54847,329,-239,3
16,follow,stop-at 2.00s,1.2010,NOMINAL,19117,-1,65535,32,16068,329,-239,3
16,follow,stop-at 2.00s,1.2343,NOMINAL,19118,-1,65535,32,92236,329,-239,3
16,follow,stop-at 2.00s,1.2677,NOMINAL,19119,-1,65535,32,24259,329,-239,3
16,follow,stop-at 2.00s,1.3009,NOMINAL,19120,-1,65535,32,55366,329,-238,3
16,follow,stop-at 2.00s,1.3343,NOMINAL,19121,-1,65535,32,45616,329,-239,3
16,follow,stop-at 2.00s,1.3677,NOMINAL,19122,-1,65535,32,41149,329,-239,3
16,follow,stop-at 2.00s,1.4009,NOMINAL,19123,-1,65535,32,40451,329,-239,3
16,follow,stop-at 2.00s,1.4342,NOMINAL,19124,-1,65535,32,57662,329,-238,3
16,follow,stop-at 2.00s,1.4674,NOMINAL,19125,-1,65535,32,26320,329,-238,3
16,follow,stop-at 2.00s,1.5010,NOMINAL,19126,-1,65535,32,89340,329,-238,3
16,follow,stop-at 2.00s,1.5341,NOMINAL,19127,-1,65535,32,39799,329,-239,3
16,follow,stop-at 2.00s,1.5677,NOMINAL,19128,-1,65535,32,85129,329,-239,3
16,follow,stop-at 2.00s,1.6009,NOMINAL,19129,-1,65535,32,40776,329,-239,3
16,follow,stop-at 2.00s,1.6344,NOMINAL,19130,-1,65535,32,58538,329,-238,3
16,follow,stop-at 2.00s,1.6676,NOMINAL,19131,-1,65535,32,41556,329,-239,3
16,follow,stop-at 2.00s,1.7010,NOMINAL,19132,-1,65535,32,42337,329,-238,3
16,follow,stop-at 2.00s,1.7344,NOMINAL,19133,-1,65535,32,59059,329,-239,3
16,follow,stop-at 2.00s,1.7675,NOMINAL,19134,-1,65535,32,41385,329,-239,3
16,follow,stop-at 2.00s,1.8010,NOMINAL,19135,-1,65535,32,50176,329,-239,3
16,follow,stop-at 2.00s,1.8346,NOMINAL,19136,-1,65535,32,44176,329,-238,3
16,follow,stop-at 2.00s,1.8678,NOMINAL,19137,-1,65535,32,61567,329,-238,3
16,follow,stop-at 2.00s,1.9013,NOMINAL,19138,-1,65535,32,85405,329,-238,3
16,follow,stop-at 2.00s,1.9343,NOMINAL,19139,-1,65535,32,39537,329,-238,3
16,follow,stop-at 2.00s,1.9676,NOMINAL,19140,-1,65535,32,38011,329,-238,3
16,follow,stop-at 2.00s,2.0748,FAILSAFE,19140,-1,65535,33,0,329,-238,3
16,follow,stop-at 2.00s,2.1754,FAILSAFE,19140,-1,65535,33,0,329,-239,3
16,follow,stop-at 2.00s,2.2759,FAILSAFE,19140,-1,65535,33,0,328,-239,3
16,follow,stop-at 2.00s,2.3765,FAILSAFE,19140,-1,65535,33,0,329,-239,3
16,follow,stop-at 2.00s,2.4771,FAILSAFE,19140,-1,65535,33,0,328,-238,3
16,follow,stop-at 2.00s,2.5777,FAILSAFE,19140,-1,65535,33,0,328,-239,3
17,follow,stop-at 2.00s,-0.9989,FAILSAFE,19141,-1,65535,32,61897,329,-238,3
17,follow,stop-at 2.00s,-0.9658,FAILSAFE,19142,-1,65535,32,38557,329,-238,3
17,follow,stop-at 2.00s,-0.9323,FAILSAFE,19143,-1,65535,32,35176,329,-239,3
17,follow,stop-at 2.00s,-0.9123,FAILSAFE,19143,-1,65535,32,0,329,-239,3
17,follow,stop-at 2.00s,-0.8991,FAILSAFE,19144,-1,65535,32,42411,329,-239,3
17,follow,stop-at 2.00s,-0.8658,FAILSAFE,19145,-1,65535,32,34514,329,-239,3
17,follow,stop-at 2.00s,-0.8326,FAILSAFE,19146,-1,65535,32,51826,330,-239,3
17,follow,stop-at 2.00s,-0.8125,FAILSAFE,19146,-1,65535,32,0,329,-239,3
17,follow,stop-at 2.00s,-0.7993,FAILSAFE,19147,-1,65535,32,53992,329,-239,3
17,follow,stop-at 2.00s,-0.7659,FAILSAFE,19148,-1,65535,32,39293,329,-239,3
17,follow,stop-at 2.00s,-0.7325,FAILSAFE,19149,-1,65535,32,51978,329,-238,3
17,follow,stop-at 2.00s,-0.7122,FAILSAFE,19149,-1,65535,32,0,329,-238,3
17,follow,stop-at 2.00s,-0.6983,NOMINAL,19150,-1,65535,32,140969,329,-239,3
17,follow,stop-at 2.00s,-0.6657,NOMINAL,19151,-1,65535,32,72525,329,-239,3
17,follow,stop-at 2.00s,-0.6324,NOMINAL,19152,-1,65535,32,41841,329,-239,3
17,follow,stop-at 2.00s,-0.5992,NOMINAL,19153,-1,65535,32,77864,329,-239,3
17,follow,stop-at 2.00s,-0.5659,NOMINAL,19154,-1,65535,32,58929,328,-239,3
17,follow,stop-at 2.00s,-0.5323,NOMINAL,19155,-1,65535,32,50047,329,-239,3
17,follow,stop-at 2.00s,-0.4990,NOMINAL,19156,-1,65535,32,72271,329,-239,3
17,follow,stop-at 2.00s,-0.4658,NOMINAL,19157,-1,65535,32,42868,329,-239,3
17,follow,stop-at 2.00s,-0.4323,NOMINAL,19158,-1,65535,32,40393,329,-239,3
17,follow,stop-at 2.00s,-0.3992,NOMINAL,19159,-1,65535,32,38713,329,-239,3
17,follow,stop-at 2.00s,-0.3657,NOMINAL,19160,-1,65535,32,40150,329,-239,3
17,follow,stop-at 2.00s,-0.3325,NOMINAL,19161,-1,65535,32,58825,329,-239,3
17,follow,stop-at 2.00s,-0.2993,NOMINAL,19162,-1,65535,32,60442,329,-239,3
17,follow,stop-at 2.00s,-0.2659,NOMINAL,19163,-1,65535,32,28314,328,-239,3
17,follow,stop-at 2.00s,-0.2324,NOMINAL,19164,-1,65535,32,44945,329,-239,3
17,follow,stop-at 2.00s,-0.1988,NOMINAL,19165,-1,65535,32,84940,328,-239,3
17,follow,stop-at 2.00s,-0.1658,NOMINAL,19166,-1,65535,32,39688,329,-239,3
17,follow,stop-at 2.00s,-0.1325,NOMINAL,19167,-1,65535,32,59658,329,-239,3
17,follow,stop-at 2.00s,-0.0990,NOMINAL,19168,-1,65535,32,46058,329,-238,3
17,follow,stop-at 2.00s,-0.0658,NOMINAL,19169,-1,65535,32,33420,329,-239,3
17,follow,stop-at 2.00s,-0.0325,NOMINAL,19170,-1,65535,32,21609,329,-239,3
17,follow,stop-at 2.00s,0.0010,NOMINAL,19171,-1,65535,32,40241,329,-239,3
17,follow,stop-at 2.00s,0.0342,NOMINAL,19172,-1,65535,32,38563,329,-239,3
17,follow,stop-at 2.00s,0.0678,NOMINAL,19173,-1,65535,32,40638,329,-239,3
17,follow,stop-at 2.00s,0.1009,NOMINAL,19174,-1,65535,32,69491,328,-239,3
17,follow,stop-at 2.00s,0.1344,NOMINAL,19175,-1,65535,32,40847,329,-239,3
17,follow,stop-at 2.00s,0.1676,NOMINAL,19176,-1,65535,32,58883,329,-239,3
17,follow,stop-at 2.00s,0.2009,NOMINAL,19177,-1,65535,32,37055,329,-239,3
17,follow,stop-at 2.00s,0.2342,NOMINAL,19178,-1,65535,32,29897,329,-238,3
17,follow,stop-at 2.00s,0.2677,NOMINAL,19179,-1,65535,32,81050,329,-239,3
17,follow,stop-at 2.00s,0.3011,NOMINAL,19180,-1,65535,32,56845,329,-239,3
17,follow,stop-at 2.00s,0.3345,NOMINAL,19181,-1,65535,32,35924,329,-238,3
17,follow,stop-at 2.00s,0.3678,NOMINAL,19182,-1,65535,32,45087,329,-239,3
17,follow,stop-at 2.00s,0.4013,NOMINAL,19183,-1,65535,32,44019,329,-239,3
17,follow,stop-at 2.00s,0.4342,NOMINAL,19184,-1,65535,32,46620,329,-239,3
17,follow,stop-at 2.00s,0.4675,NOMINAL,19185,-1,65535,32,39616,329,-239,3
17,follow,stop-at 2.00s,0.5011,NOMINAL,19186,-1,65535,32,45727,329,-239,3
17,follow,stop-at 2.00s,0.5342,NOMINAL,19187,-1,65535,32,39658,329,-239,3
17,follow,stop-at 2.00s,0.5676,NOMINAL,19188,-1,65535,32,26167,329,-239,3
17,follow,stop-at 2.00s,0.6009,NOMINAL,19189,-1,65535,32,39719,329,-239,3
17,follow,stop-at 2.00s,0.6343,NOMINAL,19190,-1,65535,32,81946,329,-239,3
17,follow,stop-at 2.00s,0.6676,NOMINAL,19191,-1,65535,32,23356,329,-239,3
17,follow,stop-at 2.00s,0.7010,NOMINAL,19192,-1,65535,32,26847,329,-239,3
17,follow,stop-at 2.00s,0.7344,NOMINAL,19193,-1,65535,32,67901,329,-238,3
17,follow,stop-at 2.00s,0.7675,NOMINAL,19194,-1,65535,32,39193,329,-238,3
17,follow,stop-at 2.00s,0.8011,NOMINAL,19195,-1,65535,32,40737,329,-238,3
17,follow,stop-at 2.00s,0.8343,NOMINAL,19196,-1,65535,32,42350,329,-238,3
17,follow,stop-at 2.00s,0.8675,NOMINAL,19197,-1,65535,32,42320,329,-238,3
17,follow,stop-at 2.00s,0.9011,NOMINAL,19198,-1,65535,32,64467,329,-238,3
17,follow,stop-at 2.00s,0.9343,NOMINAL,19199,-1,65535,32,26021,329,-238,3
17,follow,stop-at 2.00s,0.9677,NOMINAL,19200,-1,65535,32,66201,329,-239,3
17,follow,stop-at 2.00s,1.0010,NOMINAL,19201,-1,65535,32,50704,329,-239,3
17,follow,stop-at 2.00s,1.0342,NOMINAL,19202,-1,65535,32,43455,329,-240,3
17,follow,stop-at 2.00s,1.0677,NOMINAL,19203,-1,65535,32,61359,329,-239,3
17,follow,stop-at 2.00s,1.1011,NOMINAL,19204,-1,65535,32,69785,329,-239,3
17,follow,stop-at 2.00s,1.1344,NOMINAL,19205,-1,65535,32,75925,329,-240,3
17,follow,stop-at 2.00s,1.1677,NOMINAL,19206,-1,65535,32,66180,329,-239,3
17,follow,stop-at 2.00s,1.2010,NOMINAL,19207,-1,65535,32,60942,330,-238,3
17,follow,stop-at 2.00s,1.2345,NOMINAL,19208,-1,65535,32,38918,330,-239,3
17,follow,stop-at 2.00s,1.2675,NOMINAL,19209,-1,65535,32,41079,329,-239,3
17,follow,stop-at 2.00s,1.3008,NOMINAL,19210,-1,65535,32,41188,330,-239,3
17,follow,stop-at 2.00s,1.3342,NOMINAL,19211,-1,65535,32,44925,330,-239,3
17,follow,stop-at 2.00s,1.3676,NOMINAL,19212,-1,65535,32,39146,329,-239,3
17,follow,stop-at 2.00s,1.4009,NOMINAL,19213,-1,65535,32,59732,329,-239,3
17,follow,stop-at 2.00s,1.4344,NOMINAL,19214,-1,65535,32,39079,329,-238,3
17,follow,stop-at 2.00s,1.4678,NOMINAL,19215,-1,65535,32,58742,329,-239,3
17,follow,stop-at 2.00s,1.5011,NOMINAL,19216,-1,65535,32,24768,329,-238,3
17,follow,stop-at 2.00s,1.5345,NOMINAL,19217,-1,65535,32,67750,329,-238,3
17,follow,stop-at 2.00s,1.5677,NOMINAL,19218,-1,65535,32,61321,328,-238,3
17,follow,stop-at 2.00s,1.6010,NOMINAL,19219,-1,65535,32,58875,329,-238,3
17,follow,stop-at 2.00s,1.6343,NOMINAL,19220,-1,65535,32,85384,329,-238,3
17,follow,stop-at 2.00s,1.6677,NOMINAL,19221,-1,65535,32,50133,328,-239,3
17,follow,stop-at 2.00s,1.7010,NOMINAL,19222,-1,65535,32,43267,329,-239,3
17,follow,stop-at 2.00s,1.7342,NOMINAL,19223,-1,65535,32,95843,329,-239,3
17,follow,stop-at 2.00s,1.7678,NOMINAL,19224,-1,65535,32,83446,328,-239,3
17,follow,stop-at 2.00s,1.8011,NOMINAL,19225,-1,65535,32,67148,329,-239,3
17,follow,stop-at 2.00s,1.8341,NOMINAL,19226,-1,65535,32,37835,329,-239,3
17,follow,stop-at 2.00s,1.8676,NOMINAL,19227,-1,65535,32,43727,329,-238,3
17,follow,stop-at 2.00s,1.9013,NOMINAL,19228,-1,65535,32,57636,329,-239,3
17,follow,stop-at 2.00s,1.9345,NOMINAL,19229,-1,65535,32,34289,329,-239,3
17,follow,stop-at 2.00s,1.9678,NOMINAL,19230,-1,65535,32,23687,329,-239,3
17,follow,stop-at 2.00s,2.0725,FAILSAFE,19230,-1,65535,33,0,328,-238,3
17,follow,stop-at 2.00s,2.1729,FAILSAFE,19230,-1,65535,33,0,328,-238,3
17,follow,stop-at 2.00s,2.2734,FAILSAFE,19230,-1,65535,33,0,328,-239,3
17,follow,stop-at 2.00s,2.3740,FAILSAFE,19230,-1,65535,33,0,329,-239,3
17,follow,stop-at 2.00s,2.4744,FAILSAFE,19230,-1,65535,33,0,329,-238,3
17,follow,stop-at 2.00s,2.5750,FAILSAFE,19230,-1,65535,33,0,329,-239,3
18,follow,stop-at 2.00s,-0.9989,FAILSAFE,19231,-1,65535,32,78809,329,-239,3
18,follow,stop-at 2.00s,-0.9657,FAILSAFE,19232,-1,65535,32,82450,328,-239,3
18,follow,stop-at 2.00s,-0.9324,FAILSAFE,19233,-1,65535,32,64727,328,-239,3
18,follow,stop-at 2.00s,-0.9125,FAILSAFE,19233,-1,65535,32,0,328,-239,3
18,follow,stop-at 2.00s,-0.8991,FAILSAFE,19234,-1,65535,32,34384,329,-239,3
18,follow,stop-at 2.00s,-0.8659,FAILSAFE,19235,-1,65535,32,55379,329,-239,3
18,follow,stop-at 2.00s,-0.8323,FAILSAFE,19236,-1,65535,32,58639,329,-238,3
18,follow,stop-at 2.00s,-0.8123,FAILSAFE,19236,-1,65535,32,0,329,-238,3
18,follow,stop-at 2.00s,-0.7993,FAILSAFE,19237,-1,65535,32,51524,329,-239,3
18,follow,stop-at 2.00s,-0.7659,FAILSAFE,19238,-1,65535,32,21051,329,-238,3
18,follow,stop-at 2.00s,-0.7326,FAILSAFE,19239,-1,65535,32,34285,329,-239,3
18,follow,stop-at 2.00s,-0.7121,FAILSAFE,19239,-1,65535,32,0,329,-239,3
18,follow,stop-at 2.00s,-0.6985,NOMINAL,19240,-1,65535,32,115260,329,-239,3
18,follow,stop-at 2.00s,-0.6657,NOMINAL,19241,-1,65535,32,25617,328,-239,3
18,follow,stop-at 2.00s,-0.6324,NOMINAL,19242,-1,65535,32,82654,328,-239,3
18,follow,stop-at 2.00s,-0.5990,NOMINAL,19243,-1,65535,32,109070,328,-239,3
18,follow,stop-at 2.00s,-0.5655,NOMINAL,19244,-1,65535,32,40547,328,-239,3
18,follow,stop-at 2.00s,-0.5325,NOMINAL,19245,-1,65535,32,37597,328,-239,3
18,follow,stop-at 2.00s,-0.4992,NOMINAL,19246,-1,65535,32,39737,329,-239,3
18,follow,stop-at 2.00s,-0.4660,NOMINAL,19247,-1,65535,32,47300,328,-239,3
18,follow,stop-at 2.00s,-0.4325,NOMINAL,19248,-1,65535,32,41578,329,-239,3
18,follow,stop-at 2.00s,-0.3991,NOMINAL,19249,-1,65535,32,60584,329,-238,3
18,follow,stop-at 2.00s,-0.3659,NOMINAL,19250,-1,65535,32,56805,329,-238,3
18,follow,stop-at 2.00s,-0.3324,NOMINAL,19251,-1,65535,32,54762,329,-238,3
18,follow,stop-at 2.00s,-0.2993,NOMINAL,19252,-1,65535,32,40434,329,-239,3
18,follow,stop-at 2.00s,-0.2658,NOMINAL,19253,-1,65535,32,27005,329,-239,3
18,follow,stop-at 2.00s,-0.2327,NOMINAL,19254,-1,65535,32,54666,329,-238,3
18,follow,stop-at 2.00s,-0.1992,NOMINAL,19255,-1,65535,32,40014,329,-238,3
18,follow,stop-at 2.00s,-0.1659,NOMINAL,19256,-1,65535,32,41612,328,-239,3
18,follow,stop-at 2.00s,-0.1323,NOMINAL,19257,-1,65535,32,68912,329,-238,3
18,follow,stop-at 2.00s,-0.0991,NOMINAL,19258,-1,65535,32,39437,328,-239,3
18,follow,stop-at 2.00s,-0.0657,NOMINAL,19259,-1,65535,32,59517,329,-238,3
18,follow,stop-at 2.00s,-0.0324,NOMINAL,19260,-1,65535,32,56126,328,-239,3
18,follow,stop-at 2.00s,0.0009,NOMINAL,19261,-1,65535,32,29918,329,-238,3
18,follow,stop-at 2.00s,0.0341,NOMINAL,19262,-1,65535,32,38502,329,-239,3
18,follow,stop-at 2.00s,0.0674,NOMINAL,19263,-1,65535,32,41365,329,-239,3
18,follow,stop-at 2.00s,0.1011,NOMINAL,19264,-1,65535,32,26023,328,-238,3
18,follow,stop-at 2.00s,0.1345,NOMINAL,19265,-1,65535,32,68425,328,-237,3
18,follow,stop-at 2.00s,0.1679,NOMINAL,19266,-1,65535,32,89569,328,-238,3
18,follow,stop-at 2.00s,0.2011,NOMINAL,19267,-1,65535,32,67169,328,-239,3
18,follow,stop-at 2.00s,0.2342,NOMINAL,19268,-1,65535,32,40192,328,-239,3
18,follow,stop-at 2.00s,0.2676,NOMINAL,19269,-1,65535,32,42750,328,-239,3
18,follow,stop-at 2.00s,0.3011,NOMINAL,19270,-1,65535,32,55887,328,-239,3
18,follow,stop-at 2.00s,0.3347,NOMINAL,19271,-1,65535,32,95698,329,-239,3
18,follow,stop-at 2.00s,0.3677,NOMINAL,19272,-1,65535,32,43677,329,-239,3
18,follow,stop-at 2.00s,0.4010,NOMINAL,19273,-1,65535,32,94122,329,-239,3
18,follow,stop-at 2.00s,0.4343,NOMINAL,19274,-1,65535,32,40083,329,-238,3
18,follow,stop-at 2.00s,0.4676,NOMINAL,19275,-1,65535,32,65124,329,-238,3
18,follow,stop-at 2.00s,0.5010,NOMINAL,19276,-1,65535,32,58202,329,-238,3
18,follow,stop-at 2.00s,0.5343,NOMINAL,19277,-1,65535,32,80458,329,-239,3
18,follow,stop-at 2.00s,0.5676,NOMINAL,19278,-1,65535,32,49920,329,-239,3
18,follow,stop-at 2.00s,0.6009,NOMINAL,19279,-1,65535,32,67755,328,-240,3
18,follow,stop-at 2.00s,0.6343,NOMINAL,19280,-1,65535,32,81379,329,-239,3
18,follow,stop-at 2.00s,0.6675,NOMINAL,19281,-1,65535,32,23690,329,-240,3
18,follow,stop-at 2.00s,0.7010,NOMINAL,19282,-1,65535,32,71006,329,-238,3
18,follow,stop-at 2.00s,0.7343,NOMINAL,19283,-1,65535,32,23771,329,-239,3
18,follow,stop-at 2.00s,0.7678,NOMINAL,19284,-1,65535,32,86921,329,-239,3
18,follow,stop-at 2.00s,0.8011,NOMINAL,19285,-1,65535,32,78797,328,-239,3
18,follow,stop-at 2.00s,0.8343,NOMINAL,19286,-1,65535,32,82742,328,-239,3
18,follow,stop-at 2.00s,0.8678,NOMINAL,19287,-1,65535,32,83926,329,-238,3
18,follow,stop-at 2.00s,0.9010,NOMINAL,19288,-1,65535,32,39534,328,-240,3
18,follow,stop-at 2.00s,0.9342,NOMINAL,19289,-1,65535,32,55854,329,-239,3
18,follow,stop-at 2.00s,0.9676,NOMINAL,19290,-1,65535,32,20958,328,-240,3
18,follow,stop-at 2.00s,1.0009,NOMINAL,19291,-1,65535,32,38572,329,-239,3
18,follow,stop-at 2.00s,1.0342,NOMINAL,19292,-1,65535,32,41569,328,-240,3
18,follow,stop-at 2.00s,1.0675,NOMINAL,19293,-1,65535,32,27654,329,-239,3
18,follow,stop-at 2.00s,1.1007,NOMINAL,19294,-1,65535,32,61314,329,-240,3
18,follow,stop-at 2.00s,1.1344,NOMINAL,19295,-1,65535,32,26009,329,-239,3
18,follow,stop-at 2.00s,1.1677,NOMINAL,19296,-1,65535,32,42366,329,-240,3
18,follow,stop-at 2.00s,1.2012,NOMINAL,19297,-1,65535,32,65029,329,-239,3
18,follow,stop-at 2.00s,1.2344,NOMINAL,19298,-1,65535,32,68213,329,-239,3
18,follow,stop-at 2.00s,1.2676,NOMINAL,19299,-1,65535,32,42158,328,-240,3
18,follow,stop-at 2.00s,1.3011,NOMINAL,19300,-1,65535,32,82234,329,-239,3
18,follow,stop-at 2.00s,1.3343,NOMINAL,19301,-1,65535,32,53795,329,-240,3
18,follow,stop-at 2.00s,1.3675,NOMINAL,19302,-1,65535,32,40223,329,-238,3
18,follow,stop-at 2.00s,1.4009,NOMINAL,19303,-1,65535,32,25808,329,-239,3
18,follow,stop-at 2.00s,1.4343,NOMINAL,19304,-1,65535,32,41025,329,-238,3
18,follow,stop-at 2.00s,1.4679,NOMINAL,19305,-1,65535,32,41505,329,-239,3
18,follow,stop-at 2.00s,1.5011,NOMINAL,19306,-1,65535,32,39845,329,-239,3
18,follow,stop-at 2.00s,1.5343,NOMINAL,19307,-1,65535,32,57800,329,-239,3
18,follow,stop-at 2.00s,1.5675,NOMINAL,19308,-1,65535,32,40379,329,-240,3
18,follow,stop-at 2.00s,1.6010,NOMINAL,19309,-1,65535,32,61521,330,-239,3
18,follow,stop-at 2.00s,1.6342,NOMINAL,19310,-1,65535,32,20904,329,-239,3
18,follow,stop-at 2.00s,1.6675,NOMINAL,19311,-1,65535,32,42988,329,-238,3
18,follow,stop-at 2.00s,1.7012,NOMINAL,19312,-1,65535,32,40400,328,-239,3
18,follow,stop-at 2.00s,1.7342,NOMINAL,19313,-1,65535,32,24232,329,-238,3
18,follow,stop-at 2.00s,1.7676,NOMINAL,19314,-1,65535,32,44433,329,-239,3
18,follow,stop-at 2.00s,1.8010,NOMINAL,19315,-1,65535,32,59562,329,-238,3
18,follow,stop-at 2.00s,1.8343,NOMINAL,19316,-1,65535,32,57734,329,-239,3
18,follow,stop-at 2.00s,1.8676,NOMINAL,19317,-1,65535,32,60010,329,-238,3
18,follow,stop-at 2.00s,1.9010,NOMINAL,19318,-1,65535,32,78183,329,-238,3
18,follow,stop-at 2.00s,1.9341,NOMINAL,19319,-1,65535,32,37566,329,-238,3
18,follow,stop-at 2.00s,1.9677,NOMINAL,19320,-1,65535,32,43310,328,-238,3
18,follow,stop-at 2.00s,2.0693,FAILSAFE,19320,-1,65535,33,0,329,-239,3
18,follow,stop-at 2.00s,2.1698,FAILSAFE,19320,-1,65535,33,0,329,-239,3
18,follow,stop-at 2.00s,2.2704,FAILSAFE,19320,-1,65535,33,0,329,-239,3
18,follow,stop-at 2.00s,2.3708,FAILSAFE,19320,-1,65535,33,0,328,-239,3
18,follow,stop-at 2.00s,2.4714,FAILSAFE,19320,-1,65535,33,0,328,-238,3
18,follow,stop-at 2.00s,2.5718,FAILSAFE,19320,-1,65535,33,0,329,-238,3
19,follow,stop-at 2.00s,-0.9989,FAILSAFE,19321,-1,65535,32,105341,329,-239,3
19,follow,stop-at 2.00s,-0.9658,FAILSAFE,19322,-1,65535,32,14115,329,-239,3
19,follow,stop-at 2.00s,-0.9325,FAILSAFE,19323,-1,65535,32,70985,329,-239,3
19,follow,stop-at 2.00s,-0.9124,FAILSAFE,19323,-1,65535,32,0,329,-239,3
19,follow,stop-at 2.00s,-0.8991,FAILSAFE,19324,-1,65535,32,48560,329,-239,3
19,follow,stop-at 2.00s,-0.8657,FAILSAFE,19325,-1,65535,32,30124,329,-239,3
19,follow,stop-at 2.00s,-0.8324,FAILSAFE,19326,-1,65535,32,56268,329,-239,3
19,follow,stop-at 2.00s,-0.8124,FAILSAFE,19326,-1,65535,32,0,329,-239,3
19,follow,stop-at 2.00s,-0.7992,FAILSAFE,19327,-1,65535,32,35065,329,-239,3
19,follow,stop-at 2.00s,-0.7657,FAILSAFE,19328,-1,65535,32,72276,329,-238,3
19,follow,stop-at 2.00s,-0.7321,FAILSAFE,19329,-1,65535,32,54364,328,-239,3
19,follow,stop-at 2.00s,-0.7122,FAILSAFE,19329,-1,65535,32,0,328,-238,3
19,follow,stop-at 2.00s,-0.6986,NOMINAL,19330,-1,65535,32,87016,328,-238,3
19,follow,stop-at 2.00s,-0.6657,NOMINAL,19331,-1,65535,32,58775,328,-240,3
19,follow,stop-at 2.00s,-0.6324,NOMINAL,19332,-1,65535,32,26785,329,-239,3
19,follow,stop-at 2.00s,-0.5991,NOMINAL,19333,-1,65535,32,91105,329,-239,3
19,follow,stop-at 2.00s,-0.5656,NOMINAL,19334,-1,65535,32,43614,329,-238,3
19,follow,stop-at 2.00s,-0.5324,NOMINAL,19335,-1,65535,32,33951,329,-238,3
19,follow,stop-at 2.00s,-0.4990,NOMINAL,19336,-1,65535,32,44297,329,-238,3
19,follow,stop-at 2.00s,-0.4658,NOMINAL,19337,-1,65535,32,31624,329,-239,3
19,follow,stop-at 2.00s,-0.4326,NOMINAL,19338,-1,65535,32,45184,329,-239,3
19,follow,stop-at 2.00s,-0.3991,NOMINAL,19339,-1,65535,32,56028,329,-238,3
19,follow,stop-at 2.00s,-0.3658,NOMINAL,19340,-1,65535,32,41601,329,-239,3
19,follow,stop-at 2.00s,-0.3325,NOMINAL,19341,-1,65535,32,38075,329,-238,3
19,follow,stop-at 2.00s,-0.2989,NOMINAL,19342,-1,65535,32,155507,328,-239,3
19,follow,stop-at 2.00s,-0.2657,NOMINAL,19343,-1,65535,32,115143,329,-239,3
19,follow,stop-at 2.00s,-0.2325,NOMINAL,19344,-1,65535,32,22477,328,-240,3
19,follow,stop-at 2.00s,-0.1992,NOMINAL,19345,-1,65535,32,40082,329,-239,3
19,follow,stop-at 2.00s,-0.1659,NOMINAL,19346,-1,65535,32,40247,328,-238,3
19,follow,stop-at 2.00s,-0.1325,NOMINAL,19347,-1,65535,32,25894,329,-238,3
19,follow,stop-at 2.00s,-0.0990,NOMINAL,19348,-1,65535,32,38917,328,-239,3
19,follow,stop-at 2.00s,-0.0657,NOMINAL,19349,-1,65535,32,34815,329,-239,3
19,follow,stop-at 2.00s,-0.0324,NOMINAL,19350,-1,65535,32,64337,329,-239,3
19,follow,stop-at 2.00s,0.0009,NOMINAL,19351,-1,65535,32,42117,329,-239,3
19,follow,stop-at 2.00s,0.0342,NOMINAL,19352,-1,65535,32,36134,329,-239,3
19,follow,stop-at 2.00s,0.0678,NOMINAL,19353,-1,65535,32,39722,329,-239,3
19,follow,stop-at 2.00s,0.1007,NOMINAL,19354,-1,65535,32,24868,329,-238,3
19,follow,stop-at 2.00s,0.1341,NOMINAL,19355,-1,65535,32,44631,328,-238,3
19,follow,stop-at 2.00s,0.1677,NOMINAL,19356,-1,65535,32,56485,329,-238,3
19,follow,stop-at 2.00s,0.2010,NOMINAL,19357,-1,65535,32,45065,329,-238,3
19,follow,stop-at 2.00s,0.2343,NOMINAL,19358,-1,65535,32,42371,329,-239,3
19,follow,stop-at 2.00s,0.2677,NOMINAL,19359,-1,65535,32,44532,329,-239,3
19,follow,stop-at 2.00s,0.3010,NOMINAL,19360,-1,65535,32,26207,330,-238,3
19,follow,stop-at 2.00s,0.3347,NOMINAL,19361,-1,65535,32,26792,329,-238,3
19,follow,stop-at 2.00s,0.3677,NOMINAL,19362,-1,65535,32,61991,329,-239,3
19,follow,stop-at 2.00s,0.4008,NOMINAL,19363,-1,65535,32,23336,329,-238,3
19,follow,stop-at 2.00s,0.4343,NOMINAL,19364,-1,65535,32,25566,329,-237,3
19,follow,stop-at 2.00s,0.4678,NOMINAL,19365,-1,65535,32,46300,328,-238,3
19,follow,stop-at 2.00s,0.5009,NOMINAL,19366,-1,65535,32,39951,329,-238,3
19,follow,stop-at 2.00s,0.5341,NOMINAL,19367,-1,65535,32,23007,328,-238,3
19,follow,stop-at 2.00s,0.5674,NOMINAL,19368,-1,65535,32,23971,328,-239,3
19,follow,stop-at 2.00s,0.6009,NOMINAL,19369,-1,65535,32,43228,329,-238,3
19,follow,stop-at 2.00s,0.6343,NOMINAL,19370,-1,65535,32,55338,328,-239,3
19,follow,stop-at 2.00s,0.6675,NOMINAL,19371,-1,65535,32,83967,330,-239,3
19,follow,stop-at 2.00s,0.7009,NOMINAL,19372,-1,65535,32,58659,329,-239,3
19,follow,stop-at 2.00s,0.7345,NOMINAL,19373,-1,65535,32,41461,329,-239,3
19,follow,stop-at 2.00s,0.7675,NOMINAL,19374,-1,65535,32,96981,329,-238,3
19,follow,stop-at 2.00s,0.8011,NOMINAL,19375,-1,65535,32,116368,329,-238,3
19,follow,stop-at 2.00s,0.8343,NOMINAL,19376,-1,65535,32,61731,329,-239,3
19,follow,stop-at 2.00s,0.8675,NOMINAL,19377,-1,65535,32,42369,330,-238,3
19,follow,stop-at 2.00s,0.9009,NOMINAL,19378,-1,65535,32,41188,329,-237,3
19,follow,stop-at 2.00s,0.9342,NOMINAL,19379,-1,65535,32,38842,329,-238,3
19,follow,stop-at 2.00s,0.9676,NOMINAL,19380,-1,65535,32,19388,329,-237,3
19,follow,stop-at 2.00s,1.0008,NOMINAL,19381,-1,65535,32,54471,328,-238,3
19,follow,stop-at 2.00s,1.0342,NOMINAL,19382,-1,65535,32,41909,329,-239,3
19,follow,stop-at 2.00s,1.0675,NOMINAL,19383,-1,65535,32,44968,329,-238,3
19,follow,stop-at 2.00s,1.1010,NOMINAL,19384,-1,65535,32,40806,329,-239,3
19,follow,stop-at 2.00s,1.1343,NOMINAL,19385,-1,65535,32,43038,329,-238,3
19,follow,stop-at 2.00s,1.1676,NOMINAL,19386,-1,65535,32,40375,329,-239,3
19,follow,stop-at 2.00s,1.2010,NOMINAL,19387,-1,65535,32,49272,329,-239,3
19,follow,stop-at 2.00s,1.2343,NOMINAL,19388,-1,65535,32,38755,329,-239,3
19,follow,stop-at 2.00s,1.2676,NOMINAL,19389,-1,65535,32,55780,329,-239,3
19,follow,stop-at 2.00s,1.3009,NOMINAL,19390,-1,65535,32,41225,329,-239,3
19,follow,stop-at 2.00s,1.3342,NOMINAL,19391,-1,65535,32,39602,329,-239,3
19,follow,stop-at 2.00s,1.3675,NOMINAL,19392,-1,65535,32,41967,330,-239,3
19,follow,stop-at 2.00s,1.4009,NOMINAL,19393,-1,65535,32,59360,329,-239,3
19,follow,stop-at 2.00s,1.4342,NOMINAL,19394,-1,65535,32,57154,329,-239,3
19,follow,stop-at 2.00s,1.4675,NOMINAL,19395,-1,65535,32,45313,329,-239,3
19,follow,stop-at 2.00s,1.5010,NOMINAL,19396,-1,65535,32,42609,329,-239,3
19,follow,stop-at 2.00s,1.5345,NOMINAL,19397,-1,65535,32,41091,329,-239,3
19,follow,stop-at 2.00s,1.5674,NOMINAL,19398,-1,65535,32,25674,329,-238,3
19,follow,stop-at 2.00s,1.6010,NOMINAL,19399,-1,65535,32,39571,329,-238,3
19,follow,stop-at 2.00s,1.6342,NOMINAL,19400,-1,65535,32,39538,329,-239,3
19,follow,stop-at 2.00s,1.6675,NOMINAL,19401,-1,65535,32,57352,329,-239,3
19,follow,stop-at 2.00s,1.7010,NOMINAL,19402,-1,65535,32,44827,329,-238,3
19,follow,stop-at 2.00s,1.7344,NOMINAL,19403,-1,65535,32,60114,329,-237,3
19,follow,stop-at 2.00s,1.7676,NOMINAL,19404,-1,65535,32,37051,329,-238,3
19,follow,stop-at 2.00s,1.8009,NOMINAL,19405,-1,65535,32,66779,329,-238,3
19,follow,stop-at 2.00s,1.8342,NOMINAL,19406,-1,65535,32,49014,330,-238,3
19,follow,stop-at 2.00s,1.8676,NOMINAL,19407,-1,65535,32,62581,330,-239,3
19,follow,stop-at 2.00s,1.9010,NOMINAL,19408,-1,65535,32,59417,329,-238,3
19,follow,stop-at 2.00s,1.9343,NOMINAL,19409,-1,65535,32,66117,329,-239,3
19,follow,stop-at 2.00s,1.9677,NOMINAL,19410,-1,65535,32,43544,329,-239,3
19,follow,stop-at 2.00s,2.0763,FAILSAFE,19410,-1,65535,33,0,328,-239,3
19,follow,stop-at 2.00s,2.1770,FAILSAFE,19410,-1,65535,33,0,329,-238,3
19,follow,stop-at 2.00s,2.2774,FAILSAFE,19410,-1,65535,33,0,329,-238,3
19,follow,stop-at 2.00s,2.3780,FAILSAFE,19410,-1,65535,33,0,329,-238,3
19,follow,stop-at 2.00s,2.4785,FAILSAFE,19410,-1,65535,33,0,329,-238,3
19,follow,stop-at 2.00s,2.5790,FAILSAFE,19410,-1,65535,33,0,330,-238,3
20,follow,stop-at 2.00s,-0.9989,FAILSAFE,19411,-1,65535,32,78656,329,-239,3
20,follow,stop-at 2.00s,-0.9656,FAILSAFE,19412,-1,65535,32,37346,329,-239,3
20,follow,stop-at 2.00s,-0.9325,FAILSAFE,19413,-1,65535,32,80905,329,-239,3
20,follow,stop-at 2.00s,-0.9124,FAILSAFE,19413,-1,65535,32,0,329,-239,3
20,follow,stop-at 2.00s,-0.8991,FAILSAFE,19414,-1,65535,32,54417,329,-239,3
20,follow,stop-at 2.00s,-0.8658,FAILSAFE,19415,-1,65535,32,58272,329,-239,3
20,follow,stop-at 2.00s,-0.8323,FAILSAFE,19416,-1,65535,32,58881,328,-238,3
20,follow,stop-at 2.00s,-0.8122,FAILSAFE,19416,-1,65535,32,0,329,-238,3
20,follow,stop-at 2.00s,-0.7992,FAILSAFE,19417,-1,65535,32,51080,329,-239,3
20,follow,stop-at 2.00s,-0.7659,FAILSAFE,19418,-1,65535,32,20768,329,-239,3
20,follow,stop-at 2.00s,-0.7326,FAILSAFE,19419,-1,65535,32,53188,329,-238,3
20,follow,stop-at 2.00s,-0.7121,FAILSAFE,19419,-1,65535,32,0,329,-239,3
20,follow,stop-at 2.00s,-0.6985,NOMINAL,19420,-1,65535,32,120199,329,-238,3
20,follow,stop-at 2.00s,-0.6655,NOMINAL,19421,-1,65535,32,70376,329,-239,3
20,follow,stop-at 2.00s,-0.6322,NOMINAL,19422,-1,65535,32,50318,329,-239,3
20,follow,stop-at 2.00s,-0.5992,NOMINAL,19423,-1,65535,32,42397,328,-239,3
20,follow,stop-at 2.00s,-0.5656,NOMINAL,19424,-1,65535,32,46530,328,-239,3
20,follow,stop-at 2.00s,-0.5323,NOMINAL,19425,-1,65535,32,69377,329,-238,3
20,follow,stop-at 2.00s,-0.4990,NOMINAL,19426,-1,65535,32,67564,329,-237,3
20,follow,stop-at 2.00s,-0.4658,NOMINAL,19427,-1,65535,32,20757,329,-238,3
20,follow,stop-at 2.00s,-0.4324,NOMINAL,19428,-1,65535,32,68680,329,-238,3
20,follow,stop-at 2.00s,-0.3992,NOMINAL,19429,-1,65535,32,36260,329,-238,3
20,follow,stop-at 2.00s,-0.3659,NOMINAL,19430,-1,65535,32,44979,329,-237,3
20,follow,stop-at 2.00s,-0.3325,NOMINAL,19431,-1,65535,32,40384,329,-238,3
20,follow,stop-at 2.00s,-0.2990,NOMINAL,19432,-1,65535,32,60453,329,-238,3
20,follow,stop-at 2.00s,-0.2656,NOMINAL,19433,-1,65535,32,26509,329,-238,3
20,follow,stop-at 2.00s,-0.2325,NOMINAL,19434,-1,65535,32,84880,329,-238,3
20,follow,stop-at 2.00s,-0.1990,NOMINAL,19435,-1,65535,32,42005,330,-238,3
20,follow,stop-at 2.00s,-0.1657,NOMINAL,19436,-1,65535,32,77555,329,-239,3
20,follow,stop-at 2.00s,-0.1324,NOMINAL,19437,-1,65535,32,25876,329,-239,3
20,follow,stop-at 2.00s,-0.0992,NOMINAL,19438,-1,65535,32,45816,329,-239,3
20,follow,stop-at 2.00s,-0.0659,NOMINAL,19439,-1,65535,32,39690,329,-239,3
20,follow,stop-at 2.00s,-0.0325,NOMINAL,19440,-1,65535,32,43160,328,-239,3
20,follow,stop-at 2.00s,0.0009,NOMINAL,19441,-1,65535,32,41822,328,-239,3
20,follow,stop-at 2.00s,0.0341,NOMINAL,19442,-1,65535,32,40202,327,-239,3
20,follow,stop-at 2.00s,0.0676,NOMINAL,19443,-1,65535,32,56434,328,-239,3
20,follow,stop-at 2.00s,0.1010,NOMINAL,19444,-1,65535,32,43014,328,-239,3
20,follow,stop-at 2.00s,0.1344,NOMINAL,19445,-1,65535,32,58273,328,-239,3
20,follow,stop-at 2.00s,0.1677,NOMINAL,19446,-1,65535,32,43834,329,-239,3
20,follow,stop-at 2.00s,0.2009,NOMINAL,19447,-1,65535,32,41076,329,-239,3
20,follow,stop-at 2.00s,0.2342,NOMINAL,19448,-1,65535,32,38342,330,-239,3
20,follow,stop-at 2.00s,0.2678,NOMINAL,19449,-1,65535,32,42241,329,-239,3
20,follow,stop-at 2.00s,0.3008,NOMINAL,19450,-1,65535,32,60147,329,-239,3
20,follow,stop-at 2.00s,0.3346,NOMINAL,19451,-1,65535,32,25583,329,-239,3
20,follow,stop-at 2.00s,0.3676,NOMINAL,19452,-1,65535,32,38269,329,-239,3
20,follow,stop-at 2.00s,0.4009,NOMINAL,19453,-1,65535,32,60972,328,-239,3
20,follow,stop-at 2.00s,0.4344,NOMINAL,19454,-1,65535,32,60251,329,-239,3
20,follow,stop-at 2.00s,0.4676,NOMINAL,19455,-1,65535,32,31242,329,-239,3
20,follow,stop-at 2.00s,0.5010,NOMINAL,19456,-1,65535,32,41097,329,-239,3
20,follow,stop-at 2.00s,0.5345,NOMINAL,19457,-1,65535,32,46222,329,-238,3
20,follow,stop-at 2.00s,0.5675,NOMINAL,19458,-1,65535,32,57238,329,-239,3
20,follow,stop-at 2.00s,0.6010,NOMINAL,19459,-1,65535,32,42717,329,-239,3
20,follow,stop-at 2.00s,0.6342,NOMINAL,19460,-1,65535,32,24277,329,-240,3
20,follow,stop-at 2.00s,0.6676,NOMINAL,19461,-1,65535,32,47188,328,-239,3
20,follow,stop-at 2.00s,0.7010,NOMINAL,19462,-1,65535,32,96597,328,-239,3
20,follow,stop-at 2.00s,0.7342,NOMINAL,19463,-1,65535,32,36426,328,-239,3
20,follow,stop-at 2.00s,0.7675,NOMINAL,19464,-1,65535,32,38980,328,-239,3
20,follow,stop-at 2.00s,0.8009,NOMINAL,19465,-1,65535,32,21842,328,-238,3
20,follow,stop-at 2.00s,0.8345,NOMINAL,19466,-1,65535,32,43837,329,-238,3
20,follow,stop-at 2.00s,0.8676,NOMINAL,19467,-1,65535,32,42996,329,-238,3
20,follow,stop-at 2.00s,0.9010,NOMINAL,19468,-1,65535,32,40765,329,-239,3
20,follow,stop-at 2.00s,0.9342,NOMINAL,19469,-1,65535,32,62719,329,-238,3
20,follow,stop-at 2.00s,0.9676,NOMINAL,19470,-1,65535,32,56121,329,-239,3
20,follow,stop-at 2.00s,1.0009,NOMINAL,19471,-1,65535,32,56716,329,-239,3
20,follow,stop-at 2.00s,1.0344,NOMINAL,19472,-1,65535,32,37964,329,-239,3
20,follow,stop-at 2.00s,1.0678,NOMINAL,19473,-1,65535,32,85371,329,-239,3
20,follow,stop-at 2.00s,1.1009,NOMINAL,19474,-1,65535,32,42363,329,-238,3
20,follow,stop-at 2.00s,1.1343,NOMINAL,19475,-1,65535,32,40808,329,-238,3
20,follow,stop-at 2.00s,1.1678,NOMINAL,19476,-1,65535,32,67143,329,-238,3
20,follow,stop-at 2.00s,1.2012,NOMINAL,19477,-1,65535,32,52052,329,-239,3
20,follow,stop-at 2.00s,1.2344,NOMINAL,19478,-1,65535,32,97939,329,-239,3
20,follow,stop-at 2.00s,1.2677,NOMINAL,19479,-1,65535,32,84391,329,-239,3
20,follow,stop-at 2.00s,1.3010,NOMINAL,19480,-1,65535,32,58271,329,-238,3
20,follow,stop-at 2.00s,1.3344,NOMINAL,19481,-1,65535,32,44412,329,-237,3
20,follow,stop-at 2.00s,1.3678,NOMINAL,19482,-1,65535,32,62367,329,-238,3
20,follow,stop-at 2.00s,1.4009,NOMINAL,19483,-1,65535,32,63714,328,-238,3
20,follow,stop-at 2.00s,1.4343,NOMINAL,19484,-1,65535,32,56578,328,-238,3
20,follow,stop-at 2.00s,1.4676,NOMINAL,19485,-1,65535,32,52880,329,-238,3
20,follow,stop-at 2.00s,1.5010,NOMINAL,19486,-1,65535,32,60053,329,-237,3
20,follow,stop-at 2.00s,1.5344,NOMINAL,19487,-1,65535,32,39794,329,-238,3
20,follow,stop-at 2.00s,1.5678,NOMINAL,19488,-1,65535,32,57429,329,-238,3
20,follow,stop-at 2.00s,1.6010,NOMINAL,19489,-1,65535,32,39779,328,-239,3
20,follow,stop-at 2.00s,1.6342,NOMINAL,19490,-1,65535,32,55290,328,-240,3
20,follow,stop-at 2.00s,1.6676,NOMINAL,19491,-1,65535,32,22383,328,-239,3
20,follow,stop-at 2.00s,1.7008,NOMINAL,19492,-1,65535,32,55732,329,-239,3
20,follow,stop-at 2.00s,1.7343,NOMINAL,19493,-1,65535,32,42634,329,-238,3
20,follow,stop-at 2.00s,1.7676,NOMINAL,19494,-1,65535,32,44626,329,-239,3
20,follow,stop-at 2.00s,1.8010,NOMINAL,19495,-1,65535,32,41202,329,-239,3
20,follow,stop-at 2.00s,1.8343,NOMINAL,19496,-1,65535,32,58506,329,-238,3
20,follow,stop-at 2.00s,1.8677,NOMINAL,19497,-1,65535,32,56764,329,-238,3
20,follow,stop-at 2.00s,1.9012,NOMINAL,19498,-1,65535,32,26168,329,-239,3
20,follow,stop-at 2.00s,1.9344,NOMINAL,19499,-1,65535,32,81086,328,-239,3
20,follow,stop-at 2.00s,1.9678,NOMINAL,19500,-1,65535,32,76643,329,-239,3
20,follow,stop-at 2.00s,2.0736,FAILSAFE,19500,-1,65535,33,0,329,-239,3
20,follow,stop-at 2.00s,2.1740,FAILSAFE,19500,-1,65535,33,0,329,-238,3
20,follow,stop-at 2.00s,2.2746,FAILSAFE,19500,-1,65535,33,0,328,-239,3
20,follow,stop-at 2.00s,2.3751,FAILSAFE,19500,-1,65535,33,0,329,-238,3
20,follow,stop-at 2.00s,2.4755,FAILSAFE,19500,-1,65535,33,0,328,-239,3
20,follow,stop-at 2.00s,2.5761,FAILSAFE,19500,-1,65535,33,0,329,-238,3
21,follow,stop-at 2.00s,-0.9988,FAILSAFE,19501,-1,65535,32,43511,329,-240,3
21,follow,stop-at 2.00s,-0.9657,FAILSAFE,19502,-1,65535,32,15733,329,-238,3
21,follow,stop-at 2.00s,-0.9324,FAILSAFE,19503,-1,65535,32,33764,329,-238,3
21,follow,stop-at 2.00s,-0.9125,FAILSAFE,19503,-1,65535,32,0,329,-238,3
21,follow,stop-at 2.00s,-0.8991,FAILSAFE,19504,-1,65535,32,34061,329,-238,3
21,follow,stop-at 2.00s,-0.8657,FAILSAFE,19505,-1,65535,32,53421,329,-239,3
21,follow,stop-at 2.00s,-0.8325,FAILSAFE,19506,-1,65535,32,49705,329,-238,3
21,follow,stop-at 2.00s,-0.8124,FAILSAFE,19506,-1,65535,32,0,329,-238,3
21,follow,stop-at 2.00s,-0.7992,FAILSAFE,19507,-1,65535,32,37938,329,-238,3
21,follow,stop-at 2.00s,-0.7657,FAILSAFE,19508,-1,65535,32,36344,329,-239,3
21,follow,stop-at 2.00s,-0.7323,FAILSAFE,19509,-1,65535,32,61512,329,-239,3
21,follow,stop-at 2.00s,-0.7121,FAILSAFE,19509,-1,65535,32,0,329,-239,3
21,follow,stop-at 2.00s,-0.6984,NOMINAL,19510,-1,65535,32,136849,329,-239,3
21,follow,stop-at 2.00s,-0.6656,NOMINAL,19511,-1,65535,32,44782,329,-239,3
21,follow,stop-at 2.00s,-0.6324,NOMINAL,19512,-1,65535,32,39091,329,-240,3
21,follow,stop-at 2.00s,-0.5992,NOMINAL,19513,-1,65535,32,39126,329,-239,3
21,follow,stop-at 2.00s,-0.5659,NOMINAL,19514,-1,65535,32,46539,329,-239,3
21,follow,stop-at 2.00s,-0.5325,NOMINAL,19515,-1,65535,32,39146,329,-239,3
21,follow,stop-at 2.00s,-0.4990,NOMINAL,19516,-1,65535,32,54300,329,-239,3
21,follow,stop-at 2.00s,-0.4658,NOMINAL,19517,-1,65535,32,85496,329,-238,3
21,follow,stop-at 2.00s,-0.4324,NOMINAL,19518,-1,65535,32,55142,329,-239,3
21,follow,stop-at 2.00s,-0.3990,NOMINAL,19519,-1,65535,32,82136,329,-239,3
21,follow,stop-at 2.00s,-0.3657,NOMINAL,19520,-1,65535,32,71823,329,-239,3
21,follow,stop-at 2.00s,-0.3324,NOMINAL,19521,-1,65535,32,67002,329,-238,3
21,follow,stop-at 2.00s,-0.2991,NOMINAL,19522,-1,65535,32,69202,328,-239,3
21,follow,stop-at 2.00s,-0.2657,NOMINAL,19523,-1,65535,32,63818,329,-239,3
21,follow,stop-at 2.00s,-0.2323,NOMINAL,19524,-1,65535,32,67893,328,-238,3
21,follow,stop-at 2.00s,-0.1991,NOMINAL,19525,-1,65535,32,40264,329,-238,3
21,follow,stop-at 2.00s,-0.1658,NOMINAL,19526,-1,65535,32,61211,328,-238,3
21,follow,stop-at 2.00s,-0.1324,NOMINAL,19527,-1,65535,32,59354,328,-239,3
21,follow,stop-at 2.00s,-0.0989,NOMINAL,19528,-1,65535,32,67209,329,-239,3
21,follow,stop-at 2.00s,-0.0657,NOMINAL,19529,-1,65535,32,84955,329,-239,3
21,follow,stop-at 2.00s,-0.0325,NOMINAL,19530,-1,65535,32,24377,329,-238,3
21,follow,stop-at 2.00s,0.0010,NOMINAL,19531,-1,65535,32,80058,329,-239,3
21,follow,stop-at 2.00s,0.0345,NOMINAL,19532,-1,65535,32,80655,329,-239,3
21,follow,stop-at 2.00s,0.0677,NOMINAL,19533,-1,65535,32,43868,329,-238,3
21,follow,stop-at 2.00s,0.1009,NOMINAL,19534,-1,65535,32,43363,329,-239,3
21,follow,stop-at 2.00s,0.1342,NOMINAL,19535,-1,65535,32,59000,329,-239,3
21,follow,stop-at 2.00s,0.1677,NOMINAL,19536,-1,65535,32,81276,329,-238,3
21,follow,stop-at 2.00s,0.2011,NOMINAL,19537,-1,65535,32,84246,330,-239,3
21,follow,stop-at 2.00s,0.2344,NOMINAL,19538,-1,65535,32,69788,330,-238,3
21,follow,stop-at 2.00s,0.2678,NOMINAL,19539,-1,65535,32,44917,329,-239,3
21,follow,stop-at 2.00s,0.3011,NOMINAL,19540,-1,65535,32,52466,329,-239,3
21,follow,stop-at 2.00s,0.3346,NOMINAL,19541,-1,65535,32,40258,330,-238,3
21,follow,stop-at 2.00s,0.3676,NOMINAL,19542,-1,65535,32,55321,329,-238,3
21,follow,stop-at 2.00s,0.4010,NOMINAL,19543,-1,65535,32,47727,329,-238,3
21,follow,stop-at 2.00s,0.4343,NOMINAL,19544,-1,65535,32,46621,328,-238,3
21,follow,stop-at 2.00s,0.4676,NOMINAL,19545,-1,65535,32,46030,328,-239,3
21,follow,stop-at 2.00s,0.5010,NOMINAL,19546,-1,65535,32,22816,328,-238,3
21,follow,stop-at 2.00s,0.5343,NOMINAL,19547,-1,65535,32,24854,328,-238,3
21,follow,stop-at 2.00s,0.5678,NOMINAL,19548,-1,65535,32,59892,328,-238,3
21,follow,stop-at 2.00s,0.6009,NOMINAL,19549,-1,65535,32,68971,328,-238,3
21,follow,stop-at 2.00s,0.6343,NOMINAL,19550,-1,65535,32,68793,329,-238,3
21,follow,stop-at 2.00s,0.6676,NOMINAL,19551,-1,65535,32,57327,329,-238,3
21,follow,stop-at 2.00s,0.7012,NOMINAL,19552,-1,65535,32,43295,329,-239,3
21,follow,stop-at 2.00s,0.7343,NOMINAL,19553,-1,65535,32,40731,329,-239,3
21,follow,stop-at 2.00s,0.7677,NOMINAL,19554,-1,65535,32,43283,328,-239,3
21,follow,stop-at 2.00s,0.8011,NOMINAL,19555,-1,65535,32,40522,328,-239,3
21,follow,stop-at 2.00s,0.8346,NOMINAL,19556,-1,65535,32,67183,329,-239,3
21,follow,stop-at 2.00s,0.8677,NOMINAL,19557,-1,65535,32,65258,328,-238,3
21,follow,stop-at 2.00s,0.9010,NOMINAL,19558,-1,65535,32,27131,329,-239,3
21,follow,stop-at 2.00s,0.9344,NOMINAL,19559,-1,65535,32,26847,328,-238,3
21,follow,stop-at 2.00s,0.9675,NOMINAL,19560,-1,65535,32,40887,328,-239,3
21,follow,stop-at 2.00s,1.0010,NOMINAL,19561,-1,65535,32,40391,329,-239,3
21,follow,stop-at 2.00s,1.0343,NOMINAL,19562,-1,65535,32,64970,329,-238,3
21,follow,stop-at 2.00s,1.0678,NOMINAL,19563,-1,65535,32,34524,328,-239,3
21,follow,stop-at 2.00s,1.1012,NOMINAL,19564,-1,65535,32,42664,328,-239,3
21,follow,stop-at 2.00s,1.1342,NOMINAL,19565,-1,65535,32,56321,328,-238,3
21,follow,stop-at 2.00s,1.1676,NOMINAL,19566,-1,65535,32,41247,329,-239,3
21,follow,stop-at 2.00s,1.2010,NOMINAL,19567,-1,65535,32,79310,328,-239,3
21,follow,stop-at 2.00s,1.2343,NOMINAL,19568,-1,65535,32,57078,328,-239,3
21,follow,stop-at 2.00s,1.2675,NOMINAL,19569,-1,65535,32,60173,328,-239,3
21,follow,stop-at 2.00s,1.3009,NOMINAL,19570,-1,65535,32,58459,328,-239,3
21,follow,stop-at 2.00s,1.3342,NOMINAL,19571,-1,65535,32,36140,329,-238,3
21,follow,stop-at 2.00s,1.3675,NOMINAL,19572,-1,65535,32,41302,328,-238,3
21,follow,stop-at 2.00s,1.4010,NOMINAL,19573,-1,65535,32,40492,329,-238,3
21,follow,stop-at 2.00s,1.4341,NOMINAL,19574,-1,65535,32,95644,329,-239,3
21,follow,stop-at 2.00s,1.4678,NOMINAL,19575,-1,65535,32,57192,328,-238,3
21,follow,stop-at 2.00s,1.5008,NOMINAL,19576,-1,65535,32,57517,329,-238,3
21,follow,stop-at 2.00s,1.5343,NOMINAL,19577,-1,65535,32,36897,329,-239,3
21,follow,stop-at 2.00s,1.5677,NOMINAL,19578,-1,65535,32,52238,328,-238,3
21,follow,stop-at 2.00s,1.6011,NOMINAL,19579,-1,65535,32,39603,329,-239,3
21,follow,stop-at 2.00s,1.6345,NOMINAL,19580,-1,65535,32,81496,329,-239,3
21,follow,stop-at 2.00s,1.6674,NOMINAL,19581,-1,65535,32,38191,329,-239,3
21,follow,stop-at 2.00s,1.7009,NOMINAL,19582,-1,65535,32,40337,329,-239,3
21,follow,stop-at 2.00s,1.7342,NOMINAL,19583,-1,65535,32,35442,329,-238,3
21,follow,stop-at 2.00s,1.7675,NOMINAL,19584,-1,65535,32,38020,329,-239,3
21,follow,stop-at 2.00s,1.8010,NOMINAL,19585,-1,65535,32,37080,329,-238,3
21,follow,stop-at 2.00s,1.8343,NOMINAL,19586,-1,65535,32,58400,329,-239,3
21,follow,stop-at 2.00s,1.8676,NOMINAL,19587,-1,65535,32,88035,329,-239,3
21,follow,stop-at 2.00s,1.9011,NOMINAL,19588,-1,65535,32,44738,329,-238,3
21,follow,stop-at 2.00s,1.9344,NOMINAL,19589,-1,65535,32,57836,328,-238,3
21,follow,stop-at 2.00s,1.9678,NOMINAL,19590,-1,65535,32,81030,328,-239,3
21,follow,stop-at 2.00s,2.0706,FAILSAFE,19590,-1,65535,33,0,329,-238,3
21,follow,stop-at 2.00s,2.1710,FAILSAFE,19590,-1,65535,33,0,329,-238,3
21,follow,stop-at 2.00s,2.2715,FAILSAFE,19590,-1,65535,33,0,329,-238,3
21,follow,stop-at 2.00s,2.3720,FAILSAFE,19590,-1,65535,33,0,329,-239,3
21,follow,stop-at 2.00s,2.4726,FAILSAFE,19590,-1,65535,33,0,329,-239,3
21,follow,stop-at 2.00s,2.5730,FAILSAFE,19590,-1,65535,33,0,329,-239,3
22,follow,stop-at 2.00s,-0.9990,FAILSAFE,19591,-1,65535,32,43437,328,-239,3
22,follow,stop-at 2.00s,-0.9657,FAILSAFE,19592,-1,65535,32,32217,328,-239,3
22,follow,stop-at 2.00s,-0.9324,FAILSAFE,19593,-1,65535,32,36241,329,-238,3
22,follow,stop-at 2.00s,-0.9122,FAILSAFE,19593,-1,65535,32,0,329,-238,3
22,follow,stop-at 2.00s,-0.8992,FAILSAFE,19594,-1,65535,32,35069,329,-238,3
22,follow,stop-at 2.00s,-0.8657,FAILSAFE,19595,-1,65535,32,61697,329,-238,3
22,follow,stop-at 2.00s,-0.8325,FAILSAFE,19596,-1,65535,32,37853,328,-239,3
22,follow,stop-at 2.00s,-0.8124,FAILSAFE,19596,-1,65535,32,0,329,-239,3
22,follow,stop-at 2.00s,-0.7991,FAILSAFE,19597,-1,65535,32,34426,329,-239,3
22,follow,stop-at 2.00s,-0.7657,FAILSAFE,19598,-1,65535,32,78283,329,-238,3
22,follow,stop-at 2.00s,-0.7319,FAILSAFE,19599,-1,65535,32,112758,329,-238,3
22,follow,stop-at 2.00s,-0.7118,FAILSAFE,19599,-1,65535,32,0,329,-238,3
22,follow,stop-at 2.00s,-0.6985,NOMINAL,19600,-1,65535,32,83646,329,-238,3
22,follow,stop-at 2.00s,-0.6658,NOMINAL,19601,-1,65535,32,41833,329,-238,3
22,follow,stop-at 2.00s,-0.6325,NOMINAL,19602,-1,65535,32,42266,329,-239,3
22,follow,stop-at 2.00s,-0.5990,NOMINAL,19603,-1,65535,32,23892,329,-238,3
22,follow,stop-at 2.00s,-0.5658,NOMINAL,19604,-1,65535,32,29297,329,-238,3
22,follow,stop-at 2.00s,-0.5324,NOMINAL,19605,-1,65535,32,43705,330,-239,3
22,follow,stop-at 2.00s,-0.4990,NOMINAL,19606,-1,65535,32,58290,329,-238,3
22,follow,stop-at 2.00s,-0.4658,NOMINAL,19607,-1,65535,32,37776,329,-238,3
22,follow,stop-at 2.00s,-0.4324,NOMINAL,19608,-1,65535,32,34862,329,-239,3
22,follow,stop-at 2.00s,-0.3991,NOMINAL,19609,-1,65535,32,52001,329,-238,3
22,follow,stop-at 2.00s,-0.3658,NOMINAL,19610,-1,65535,32,24872,330,-239,3
22,follow,stop-at 2.00s,-0.3323,NOMINAL,19611,-1,65535,32,40958,329,-239,3
22,follow,stop-at 2.00s,-0.2989,NOMINAL,19612,-1,65535,32,68225,329,-239,3
22,follow,stop-at 2.00s,-0.2657,NOMINAL,19613,-1,65535,32,83564,329,-239,3
22,follow,stop-at 2.00s,-0.2324,NOMINAL,19614,-1,65535,32,23984,328,-239,3
22,follow,stop-at 2.00s,-0.1990,NOMINAL,19615,-1,65535,32,82419,329,-239,3
22,follow,stop-at 2.00s,-0.1659,NOMINAL,19616,-1,65535,32,35177,329,-238,3
22,follow,stop-at 2.00s,-0.1323,NOMINAL,19617,-1,65535,32,64071,329,-239,3
22,follow,stop-at 2.00s,-0.0992,NOMINAL,19618,-1,65535,32,38667,329,-239,3
22,follow,stop-at 2.00s,-0.0656,NOMINAL,19619,-1,65535,32,111587,329,-238,3
22,follow,stop-at 2.00s,-0.0324,NOMINAL,19620,-1,65535,32,60685,329,-239,3
22,follow,stop-at 2.00s,0.0009,NOMINAL,19621,-1,65535,32,41070,329,-239,3
22,follow,stop-at 2.00s,0.0341,NOMINAL,19622,-1,65535,32,38492,329,-239,3
22,follow,stop-at 2.00s,0.0675,NOMINAL,19623,-1,65535,32,42850,328,-239,3
22,follow,stop-at 2.00s,0.1009,NOMINAL,19624,-1,65535,32,40864,329,-239,3
22,follow,stop-at 2.00s,0.1342,NOMINAL,19625,-1,65535,32,87509,328,-238,3
22,follow,stop-at 2.00s,0.1677,NOMINAL,19626,-1,65535,32,31707,328,-238,3
22,follow,stop-at 2.00s,0.2010,NOMINAL,19627,-1,65535,32,40663,329,-239,3
22,follow,stop-at 2.00s,0.2342,NOMINAL,19628,-1,65535,32,96137,329,-239,3
22,follow,stop-at 2.00s,0.2677,NOMINAL,19629,-1,65535,32,45439,328,-239,3
22,follow,stop-at 2.00s,0.3009,NOMINAL,19630,-1,65535,32,42492,329,-239,3
22,follow,stop-at 2.00s,0.3346,NOMINAL,19631,-1,65535,32,50741,329,-239,3
22,follow,stop-at 2.00s,0.3678,NOMINAL,19632,-1,65535,32,42710,329,-238,3
22,follow,stop-at 2.00s,0.4010,NOMINAL,19633,-1,65535,32,100968,329,-239,3
22,follow,stop-at 2.00s,0.4342,NOMINAL,19634,-1,65535,32,41729,329,-239,3
22,follow,stop-at 2.00s,0.4678,NOMINAL,19635,-1,65535,32,49408,329,-239,3
22,follow,stop-at 2.00s,0.5011,NOMINAL,19636,-1,65535,32,58546,328,-238,3
22,follow,stop-at 2.00s,0.5343,NOMINAL,19637,-1,65535,32,49315,329,-239,3
22,follow,stop-at 2.00s,0.5678,NOMINAL,19638,-1,65535,32,67501,328,-238,3
22,follow,stop-at 2.00s,0.6010,NOMINAL,19639,-1,65535,32,51068,329,-238,3
22,follow,stop-at 2.00s,0.6344,NOMINAL,19640,-1,65535,32,42137,328,-239,3
22,follow,stop-at 2.00s,0.6676,NOMINAL,19641,-1,65535,32,69868,328,-238,3
22,follow,stop-at 2.00s,0.7009,NOMINAL,19642,-1,65535,32,55446,329,-238,3
22,follow,stop-at 2.00s,0.7343,NOMINAL,19643,-1,65535,32,41943,329,-238,3
22,follow,stop-at 2.00s,0.7677,NOMINAL,19644,-1,65535,32,72279,329,-239,3
22,follow,stop-at 2.00s,0.8010,NOMINAL,19645,-1,65535,32,82643,328,-238,3
22,follow,stop-at 2.00s,0.8342,NOMINAL,19646,-1,65535,32,42754,328,-238,3
22,follow,stop-at 2.00s,0.8675,NOMINAL,19647,-1,65535,32,28176,328,-239,3
22,follow,stop-at 2.00s,0.9014,NOMINAL,19648,-1,65535,32,51677,328,-239,3
22,follow,stop-at 2.00s,0.9343,NOMINAL,19649,-1,65535,32,41425,329,-238,3
22,follow,stop-at 2.00s,0.9674,NOMINAL,19650,-1,65535,32,40647,329,-239,3
22,follow,stop-at 2.00s,1.0009,NOMINAL,19651,-1,65535,32,40400,328,-239,3
22,follow,stop-at 2.00s,1.0342,NOMINAL,19652,-1,65535,32,59931,329,-239,3
22,follow,stop-at 2.00s,1.0676,NOMINAL,19653,-1,65535,32,44624,328,-239,3
22,follow,stop-at 2.00s,1.1008,NOMINAL,19654,-1,65535,32,39449,329,-239,3
22,follow,stop-at 2.00s,1.1342,NOMINAL,19655,-1,65535,32,21149,329,-238,3
22,follow,stop-at 2.00s,1.1675,NOMINAL,19656,-1,65535,32,16463,329,-239,3
22,follow,stop-at 2.00s,1.2008,NOMINAL,19657,-1,65535,32,62125,329,-239,3
22,follow,stop-at 2.00s,1.2343,NOMINAL,19658,-1,65535,32,56097,329,-239,3
22,follow,stop-at 2.00s,1.2676,NOMINAL,19659,-1,65535,32,85751,329,-238,3
22,follow,stop-at 2.00s,1.3011,NOMINAL,19660,-1,65535,32,40908,329,-238,3
22,follow,stop-at 2.00s,1.3342,NOMINAL,19661,-1,65535,32,38738,329,-239,3
22,follow,stop-at 2.00s,1.3677,NOMINAL,19662,-1,65535,32,44013,329,-238,3
22,follow,stop-at 2.00s,1.4013,NOMINAL,19663,-1,65535,32,84150,329,-238,3
22,follow,stop-at 2.00s,1.4344,NOMINAL,19664,-1,65535,32,63058,328,-239,3
22,follow,stop-at 2.00s,1.4677,NOMINAL,19665,-1,65535,32,83130,329,-238,3
22,follow,stop-at 2.00s,1.5010,NOMINAL,19666,-1,65535,32,67391,328,-239,3
22,follow,stop-at 2.00s,1.5343,NOMINAL,19667,-1,65535,32,83728,328,-239,3
22,follow,stop-at 2.00s,1.5677,NOMINAL,19668,-1,65535,32,81407,329,-239,3
22,follow,stop-at 2.00s,1.6010,NOMINAL,19669,-1,65535,32,40476,329,-238,3
22,follow,stop-at 2.00s,1.6344,NOMINAL,19670,-1,65535,32,40485,328,-239,3
22,follow,stop-at 2.00s,1.6677,NOMINAL,19671,-1,65535,32,67382,328,-240,3
22,follow,stop-at 2.00s,1.7011,NOMINAL,19672,-1,65535,32,40660,329,-240,3
22,follow,stop-at 2.00s,1.7342,NOMINAL,19673,-1,65535,32,40217,329,-238,3
22,follow,stop-at 2.00s,1.7677,NOMINAL,19674,-1,65535,32,80523,329,-239,3
22,follow,stop-at 2.00s,1.8011,NOMINAL,19675,-1,65535,32,70332,329,-239,3
22,follow,stop-at 2.00s,1.8344,NOMINAL,19676,-1,65535,32,22408,328,-238,3
22,follow,stop-at 2.00s,1.8678,NOMINAL,19677,-1,65535,32,62505,328,-240,3
22,follow,stop-at 2.00s,1.9009,NOMINAL,19678,-1,65535,32,67523,329,-239,3
22,follow,stop-at 2.00s,1.9344,NOMINAL,19679,-1,65535,32,49737,329,-239,3
22,follow,stop-at 2.00s,1.9677,NOMINAL,19680,-1,65535,32,82309,329,-239,3
22,follow,stop-at 2.00s,2.0776,FAILSAFE,19680,-1,65535,33,0,328,-239,3
22,follow,stop-at 2.00s,2.1780,FAILSAFE,19680,-1,65535,33,0,328,-239,3
22,follow,stop-at 2.00s,2.2785,FAILSAFE,19680,-1,65535,33,0,329,-239,3
22,follow,stop-at 2.00s,2.3791,FAILSAFE,19680,-1,65535,33,0,329,-238,3
22,follow,stop-at 2.00s,2.4795,FAILSAFE,19680,-1,65535,33,0,328,-239,3
22,follow,stop-at 2.00s,2.5801,FAILSAFE,19680,-1,65535,33,0,329,-239,3
23,follow,stop-at 2.00s,-0.9991,FAILSAFE,19681,-1,65535,32,56976,329,-239,3
23,follow,stop-at 2.00s,-0.9656,FAILSAFE,19682,-1,65535,32,39520,329,-239,3
23,follow,stop-at 2.00s,-0.9323,FAILSAFE,19683,-1,65535,32,61704,329,-238,3
23,follow,stop-at 2.00s,-0.9123,FAILSAFE,19683,-1,65535,32,0,328,-238,3
23,follow,stop-at 2.00s,-0.8991,FAILSAFE,19684,-1,65535,32,35491,329,-238,3
23,follow,stop-at 2.00s,-0.8657,FAILSAFE,19685,-1,65535,32,73793,328,-238,3
23,follow,stop-at 2.00s,-0.8323,FAILSAFE,19686,-1,65535,32,50776,329,-239,3
23,follow,stop-at 2.00s,-0.8123,FAILSAFE,19686,-1,65535,32,0,329,-239,3
23,follow,stop-at 2.00s,-0.7992,FAILSAFE,19687,-1,65535,32,34783,329,-239,3
23,follow,stop-at 2.00s,-0.7659,FAILSAFE,19688,-1,65535,32,50338,329,-239,3
23,follow,stop-at 2.00s,-0.7322,FAILSAFE,19689,-1,65535,32,16251,329,-239,3
23,follow,stop-at 2.00s,-0.7118,FAILSAFE,19689,-1,65535,32,0,329,-238,3
23,follow,stop-at 2.00s,-0.6984,NOMINAL,19690,-1,65535,32,166871,329,-238,3
23,follow,stop-at 2.00s,-0.6656,NOMINAL,19691,-1,65535,32,48239,328,-238,3
23,follow,stop-at 2.00s,-0.6323,NOMINAL,19692,-1,65535,32,44063,328,-238,3
23,follow,stop-at 2.00s,-0.5990,NOMINAL,19693,-1,65535,32,81360,329,-239,3
23,follow,stop-at 2.00s,-0.5656,NOMINAL,19694,-1,65535,32,39733,329,-239,3
23,follow,stop-at 2.00s,-0.5325,NOMINAL,19695,-1,65535,32,41842,328,-238,3
23,follow,stop-at 2.00s,-0.4989,NOMINAL,19696,-1,65535,32,42887,329,-239,3
23,follow,stop-at 2.00s,-0.4658,NOMINAL,19697,-1,65535,32,42513,328,-238,3
23,follow,stop-at 2.00s,-0.4323,NOMINAL,19698,-1,65535,32,79728,329,-238,3
23,follow,stop-at 2.00s,-0.3991,NOMINAL,19699,-1,65535,32,26246,329,-239,3
23,follow,stop-at 2.00s,-0.3658,NOMINAL,19700,-1,65535,32,45720,329,-239,3
23,follow,stop-at 2.00s,-0.3325,NOMINAL,19701,-1,65535,32,57027,329,-238,3
23,follow,stop-at 2.00s,-0.2991,NOMINAL,19702,-1,65535,32,85323,329,-239,3
23,follow,stop-at 2.00s,-0.2659,NOMINAL,19703,-1,65535,32,41488,329,-239,3
23,follow,stop-at 2.00s,-0.2324,NOMINAL,19704,-1,65535,32,42287,329,-239,3
23,follow,stop-at 2.00s,-0.1990,NOMINAL,19705,-1,65535,32,56250,329,-239,3
23,follow,stop-at 2.00s,-0.1657,NOMINAL,19706,-1,65535,32,46151,329,-239,3
23,follow,stop-at 2.00s,-0.1325,NOMINAL,19707,-1,65535,32,25048,328,-239,3
23,follow,stop-at 2.00s,-0.0991,NOMINAL,19708,-1,65535,32,65438,328,-239,3
23,follow,stop-at 2.00s,-0.0657,NOMINAL,19709,-1,65535,32,61824,329,-239,3
23,follow,stop-at 2.00s,-0.0324,NOMINAL,19710,-1,65535,32,40874,329,-238,3
23,follow,stop-at 2.00s,0.0010,NOMINAL,19711,-1,65535,32,26195,329,-239,3
23,follow,stop-at 2.00s,0.0343,NOMINAL,19712,-1,65535,32,40530,329,-239,3
23,follow,stop-at 2.00s,0.0676,NOMINAL,19713,-1,65535,32,53559,329,-239,3
23,follow,stop-at 2.00s,0.1010,NOMINAL,19714,-1,65535,32,85080,329,-238,3
23,follow,stop-at 2.00s,0.1342,NOMINAL,19715,-1,65535,32,82504,329,-238,3
23,follow,stop-at 2.00s,0.1676,NOMINAL,19716,-1,65535,32,84362,329,-238,3
23,follow,stop-at 2.00s,0.2009,NOMINAL,19717,-1,65535,32,85919,328,-238,3
23,follow,stop-at 2.00s,0.2344,NOMINAL,19718,-1,65535,32,24681,328,-238,3
23,follow,stop-at 2.00s,0.2675,NOMINAL,19719,-1,65535,32,40850,329,-238,3
23,follow,stop-at 2.00s,0.3014,NOMINAL,19720,-1,65535,32,83333,329,-238,3
23,follow,stop-at 2.00s,0.3347,NOMINAL,19721,-1,65535,32,110093,329,-239,3
23,follow,stop-at 2.00s,0.3678,NOMINAL,19722,-1,65535,32,45910,329,-239,3
23,follow,stop-at 2.00s,0.4009,NOMINAL,19723,-1,65535,32,24109,329,-239,3
23,follow,stop-at 2.00s,0.4344,NOMINAL,19724,-1,65535,32,81081,329,-239,3
23,follow,stop-at 2.00s,0.4676,NOMINAL,19725,-1,65535,32,57826,329,-239,3
23,follow,stop-at 2.00s,0.5009,NOMINAL,19726,-1,65535,32,55478,328,-239,3
23,follow,stop-at 2.00s,0.5343,NOMINAL,19727,-1,65535,32,59271,329,-239,3
23,follow,stop-at 2.00s,0.5674,NOMINAL,19728,-1,65535,32,23520,329,-239,3
23,follow,stop-at 2.00s,0.6010,NOMINAL,19729,-1,65535,32,85978,329,-239,3
23,follow,stop-at 2.00s,0.6342,NOMINAL,19730,-1,65535,32,82918,329,-239,3
23,follow,stop-at 2.00s,0.6676,NOMINAL,19731,-1,65535,32,45137,329,-239,3
23,follow,stop-at 2.00s,0.7012,NOMINAL,19732,-1,65535,32,43055,328,-239,3
23,follow,stop-at 2.00s,0.7344,NOMINAL,19733,-1,65535,32,43256,329,-239,3
23,follow,stop-at 2.00s,0.7676,NOMINAL,19734,-1,65535,32,98917,328,-238,3
23,follow,stop-at 2.00s,0.8008,NOMINAL,19735,-1,65535,32,54630,329,-239,3
23,follow,stop-at 2.00s,0.8344,NOMINAL,19736,-1,65535,32,93760,330,-239,3
23,follow,stop-at 2.00s,0.8676,NOMINAL,19737,-1,65535,32,59588,329,-239,3
23,follow,stop-at 2.00s,0.9009,NOMINAL,19738,-1,65535,32,24001,329,-239,3
23,follow,stop-at 2.00s,0.9343,NOMINAL,19739,-1,65535,32,58509,328,-238,3
23,follow,stop-at 2.00s,0.9678,NOMINAL,19740,-1,65535,32,40771,329,-239,3
23,follow,stop-at 2.00s,1.0009,NOMINAL,19741,-1,65535,32,40041,329,-238,3
23,follow,stop-at 2.00s,1.0342,NOMINAL,19742,-1,65535,32,41806,329,-238,3
23,follow,stop-at 2.00s,1.0676,NOMINAL,19743,-1,65535,32,40915,330,-238,3
23,follow,stop-at 2.00s,1.1010,NOMINAL,19744,-1,65535,32,41539,329,-239,3
23,follow,stop-at 2.00s,1.1343,NOMINAL,19745,-1,65535,32,43918,329,-239,3
23,follow,stop-at 2.00s,1.1676,NOMINAL,19746,-1,65535,32,34458,329,-238,3
23,follow,stop-at 2.00s,1.2009,NOMINAL,19747,-1,65535,32,23933,329,-238,3
23,follow,stop-at 2.00s,1.2344,NOMINAL,19748,-1,65535,32,43957,329,-238,3
23,follow,stop-at 2.00s,1.2676,NOMINAL,19749,-1,65535,32,40863,329,-239,3
23,follow,stop-at 2.00s,1.3011,NOMINAL,19750,-1,65535,32,60628,329,-239,3
23,follow,stop-at 2.00s,1.3341,NOMINAL,19751,-1,65535,32,38604,329,-239,3
23,follow,stop-at 2.00s,1.3676,NOMINAL,19752,-1,65535,32,57461,329,-239,3
23,follow,stop-at 2.00s,1.4010,NOMINAL,19753,-1,65535,32,56302,328,-239,3
23,follow,stop-at 2.00s,1.4344,NOMINAL,19754,-1,65535,32,47121,329,-239,3
23,follow,stop-at 2.00s,1.4676,NOMINAL,19755,-1,65535,32,84798,329,-239,3
23,follow,stop-at 2.00s,1.5010,NOMINAL,19756,-1,65535,32,56082,329,-239,3
23,follow,stop-at 2.00s,1.5344,NOMINAL,19757,-1,65535,32,47236,329,-239,3
23,follow,stop-at 2.00s,1.5676,NOMINAL,19758,-1,65535,32,90143,329,-238,3
23,follow,stop-at 2.00s,1.6010,NOMINAL,19759,-1,65535,32,60045,329,-238,3
23,follow,stop-at 2.00s,1.6345,NOMINAL,19760,-1,65535,32,72561,329,-239,3
23,follow,stop-at 2.00s,1.6677,NOMINAL,19761,-1,65535,32,61129,329,-239,3
23,follow,stop-at 2.00s,1.7009,NOMINAL,19762,-1,65535,32,32917,329,-239,3
23,follow,stop-at 2.00s,1.7345,NOMINAL,19763,-1,65535,32,83533,328,-238,3
23,follow,stop-at 2.00s,1.7675,NOMINAL,19764,-1,65535,32,85495,329,-239,3
23,follow,stop-at 2.00s,1.8009,NOMINAL,19765,-1,65535,32,83062,328,-239,3
23,follow,stop-at 2.00s,1.8344,NOMINAL,19766,-1,65535,32,57043,328,-238,3
23,follow,stop-at 2.00s,1.8675,NOMINAL,19767,-1,65535,32,41700,329,-239,3
23,follow,stop-at 2.00s,1.9011,NOMINAL,19768,-1,65535,32,57724,329,-239,3
23,follow,stop-at 2.00s,1.9343,NOMINAL,19769,-1,65535,32,39817,329,-239,3
23,follow,stop-at 2.00s,1.9675,NOMINAL,19770,-1,65535,32,44601,329,-239,3
23,follow,stop-at 2.00s,2.0749,FAILSAFE,19770,-1,65535,33,0,329,-239,3
23,follow,stop-at 2.00s,2.1754,FAILSAFE,19770,-1,65535,33,0,329,-239,3
23,follow,stop-at 2.00s,2.2760,FAILSAFE,19770,-1,65535,33,0,329,-239,3
23,follow,stop-at 2.00s,2.3765,FAILSAFE,19770,-1,65535,33,0,329,-238,3
23,follow,stop-at 2.00s,2.4772,FAILSAFE,19770,-1,65535,33,0,329,-238,3
23,follow,stop-at 2.00s,2.5775,FAILSAFE,19770,-1,65535,33,0,329,-238,3
24,follow,stop-at 2.00s,-0.9990,FAILSAFE,19771,-1,65535,32,49533,329,-239,3
24,follow,stop-at 2.00s,-0.9657,FAILSAFE,19772,-1,65535,32,48211,329,-239,3
24,follow,stop-at 2.00s,-0.9324,FAILSAFE,19773,-1,65535,32,53456,329,-239,3
24,follow,stop-at 2.00s,-0.9123,FAILSAFE,19773,-1,65535,32,0,330,-239,3
24,follow,stop-at 2.00s,-0.8993,FAILSAFE,19774,-1,65535,32,35977,330,-239,3
24,follow,stop-at 2.00s,-0.8658,FAILSAFE,19775,-1,65535,32,52547,329,-239,3
24,follow,stop-at 2.00s,-0.8324,FAILSAFE,19776,-1,65535,32,64323,329,-238,3
24,follow,stop-at 2.00s,-0.8124,FAILSAFE,19776,-1,65535,32,0,329,-238,3
24,follow,stop-at 2.00s,-0.7991,FAILSAFE,19777,-1,65535,32,73414,329,-238,3
24,follow,stop-at 2.00s,-0.7658,FAILSAFE,19778,-1,65535,32,38292,329,-239,3
24,follow,stop-at 2.00s,-0.7326,FAILSAFE,19779,-1,65535,32,18113,329,-239,3
24,follow,stop-at 2.00s,-0.7121,FAILSAFE,19779,-1,65535,32,0,329,-240,3
24,follow,stop-at 2.00s,-0.6983,NOMINAL,19780,-1,65535,32,147495,329,-240,3
24,follow,stop-at 2.00s,-0.6655,NOMINAL,19781,-1,65535,32,28467,329,-240,3
24,follow,stop-at 2.00s,-0.6322,NOMINAL,19782,-1,65535,32,43206,329,-240,3
24,follow,stop-at 2.00s,-0.5991,NOMINAL,19783,-1,65535,32,28866,328,-239,3
24,follow,stop-at 2.00s,-0.5658,NOMINAL,19784,-1,65535,32,44656,329,-239,3
24,follow,stop-at 2.00s,-0.5324,NOMINAL,19785,-1,65535,32,56971,329,-240,3
24,follow,stop-at 2.00s,-0.4990,NOMINAL,19786,-1,65535,32,52473,329,-239,3
24,follow,stop-at 2.00s,-0.4658,NOMINAL,19787,-1,65535,32,41394,329,-239,3
24,follow,stop-at 2.00s,-0.4326,NOMINAL,19788,-1,65535,32,39690,329,-238,3
24,follow,stop-at 2.00s,-0.3990,NOMINAL,19789,-1,65535,32,38619,329,-238,3
24,follow,stop-at 2.00s,-0.3656,NOMINAL,19790,-1,65535,32,31962,329,-239,3
24,follow,stop-at 2.00s,-0.3324,NOMINAL,19791,-1,65535,32,44859,329,-239,3
24,follow,stop-at 2.00s,-0.2991,NOMINAL,19792,-1,65535,32,89134,329,-239,3
24,follow,stop-at 2.00s,-0.2657,NOMINAL,19793,-1,65535,32,82313,329,-239,3
24,follow,stop-at 2.00s,-0.2324,NOMINAL,19794,-1,65535,32,80909,329,-239,3
24,follow,stop-at 2.00s,-0.1990,NOMINAL,19795,-1,65535,32,56894,328,-238,3
24,follow,stop-at 2.00s,-0.1657,NOMINAL,19796,-1,65535,32,67734,328,-238,3
24,follow,stop-at 2.00s,-0.1323,NOMINAL,19797,-1,65535,32,45038,329,-239,3
24,follow,stop-at 2.00s,-0.0989,NOMINAL,19798,-1,65535,32,105435,329,-239,3
24,follow,stop-at 2.00s,-0.0659,NOMINAL,19799,-1,65535,32,66763,329,-239,3
24,follow,stop-at 2.00s,-0.0324,NOMINAL,19800,-1,65535,32,84366,329,-239,3
24,follow,stop-at 2.00s,0.0009,NOMINAL,19801,-1,65535,32,54055,328,-239,3
24,follow,stop-at 2.00s,0.0343,NOMINAL,19802,-1,65535,32,44805,329,-239,3
24,follow,stop-at 2.00s,0.0677,NOMINAL,19803,-1,65535,32,62068,329,-238,3
24,follow,stop-at 2.00s,0.1009,NOMINAL,19804,-1,65535,32,23657,329,-238,3
24,follow,stop-at 2.00s,0.1343,NOMINAL,19805,-1,65535,32,57208,329,-239,3
24,follow,stop-at 2.00s,0.1676,NOMINAL,19806,-1,65535,32,41660,329,-239,3
24,follow,stop-at 2.00s,0.2010,NOMINAL,19807,-1,65535,32,126779,329,-239,3
24,follow,stop-at 2.00s,0.2342,NOMINAL,19808,-1,65535,32,44115,329,-239,3
24,follow,stop-at 2.00s,0.2675,NOMINAL,19809,-1,65535,32,40051,328,-239,3
24,follow,stop-at 2.00s,0.3009,NOMINAL,19810,-1,65535,32,57841,328,-239,3
24,follow,stop-at 2.00s,0.3345,NOMINAL,19811,-1,65535,32,62412,328,-239,3
24,follow,stop-at 2.00s,0.3674,NOMINAL,19812,-1,65535,32,42268,329,-239,3
24,follow,stop-at 2.00s,0.4011,NOMINAL,19813,-1,65535,32,56532,329,-239,3
24,follow,stop-at 2.00s,0.4342,NOMINAL,19814,-1,65535,32,43337,329,-239,3
24,follow,stop-at 2.00s,0.4676,NOMINAL,19815,-1,65535,32,56046,329,-239,3
24,follow,stop-at 2.00s,0.5011,NOMINAL,19816,-1,65535,32,39738,329,-239,3
24,follow,stop-at 2.00s,0.5345,NOMINAL,19817,-1,65535,32,67142,328,-238,3
24,follow,stop-at 2.00s,0.5676,NOMINAL,19818,-1,65535,32,39433,329,-238,3
24,follow,stop-at 2.00s,0.6010,NOMINAL,19819,-1,65535,32,41392,329,-239,3
24,follow,stop-at 2.00s,0.6343,NOMINAL,19820,-1,65535,32,41500,329,-239,3
24,follow,stop-at 2.00s,0.6675,NOMINAL,19821,-1,65535,32,40675,329,-239,3
24,follow,stop-at 2.00s,0.7011,NOMINAL,19822,-1,65535,32,41138,329,-239,3
24,follow,stop-at 2.00s,0.7341,NOMINAL,19823,-1,65535,32,52849,329,-239,3
24,follow,stop-at 2.00s,0.7675,NOMINAL,19824,-1,65535,32,64835,328,-239,3
24,follow,stop-at 2.00s,0.8010,NOMINAL,19825,-1,65535,32,86752,329,-239,3
24,follow,stop-at 2.00s,0.8344,NOMINAL,19826,-1,65535,32,46624,329,-239,3
24,follow,stop-at 2.00s,0.8675,NOMINAL,19827,-1,65535,32,24349,329,-239,3
24,follow,stop-at 2.00s,0.9012,NOMINAL,19828,-1,65535,32,41725,329,-239,3
24,follow,stop-at 2.00s,0.9342,NOMINAL,19829,-1,65535,32,53734,329,-238,3
24,follow,stop-at 2.00s,0.9675,NOMINAL,19830,-1,65535,32,25797,329,-238,3
24,follow,stop-at 2.00s,1.0011,NOMINAL,19831,-1,65535,32,68260,329,-238,3
24,follow,stop-at 2.00s,1.0344,NOMINAL,19832,-1,65535,32,60834,329,-239,3
24,follow,stop-at 2.00s,1.0676,NOMINAL,19833,-1,65535,32,83898,329,-239,3
24,follow,stop-at 2.00s,1.1009,NOMINAL,19834,-1,65535,32,40540,329,-238,3
24,follow,stop-at 2.00s,1.1344,NOMINAL,19835,-1,65535,32,39402,329,-238,3
24,follow,stop-at 2.00s,1.1675,NOMINAL,19836,-1,65535,32,44866,329,-238,3
24,follow,stop-at 2.00s,1.2009,NOMINAL,19837,-1,65535,32,57716,329,-238,3
24,follow,stop-at 2.00s,1.2344,NOMINAL,19838,-1,65535,32,54833,329,-238,3
24,follow,stop-at 2.00s,1.2675,NOMINAL,19839,-1,65535,32,53116,329,-239,3
24,follow,stop-at 2.00s,1.3010,NOMINAL,19840,-1,65535,32,70933,329,-238,3
24,follow,stop-at 2.00s,1.3345,NOMINAL,19841,-1,65535,32,32045,328,-238,3
24,follow,stop-at 2.00s,1.3677,NOMINAL,19842,-1,65535,32,70265,329,-239,3
24,follow,stop-at 2.00s,1.4010,NOMINAL,19843,-1,65535,32,101615,329,-239,3
24,follow,stop-at 2.00s,1.4343,NOMINAL,19844,-1,65535,32,43074,329,-239,3
24,follow,stop-at 2.00s,1.4676,NOMINAL,19845,-1,65535,32,60138,329,-239,3
24,follow,stop-at 2.00s,1.5009,NOMINAL,19846,-1,65535,32,38842,329,-239,3
24,follow,stop-at 2.00s,1.5343,NOMINAL,19847,-1,65535,32,59544,329,-239,3
24,follow,stop-at 2.00s,1.5677,NOMINAL,19848,-1,65535,32,30708,329,-239,3
24,follow,stop-at 2.00s,1.6011,NOMINAL,19849,-1,65535,32,50770,329,-239,3
24,follow,stop-at 2.00s,1.6343,NOMINAL,19850,-1,65535,32,46596,329,-239,3
24,follow,stop-at 2.00s,1.6676,NOMINAL,19851,-1,65535,32,49851,329,-239,3
24,follow,stop-at 2.00s,1.7008,NOMINAL,19852,-1,65535,32,48515,329,-239,3
24,follow,stop-at 2.00s,1.7344,NOMINAL,19853,-1,65535,32,60755,329,-239,3
24,follow,stop-at 2.00s,1.7676,NOMINAL,19854,-1,65535,32,29796,329,-238,3
24,follow,stop-at 2.00s,1.8007,NOMINAL,19855,-1,65535,32,39795,329,-238,3
24,follow,stop-at 2.00s,1.8343,NOMINAL,19856,-1,65535,32,44479,329,-239,3
24,follow,stop-at 2.00s,1.8676,NOMINAL,19857,-1,65535,32,22618,330,-239,3
24,follow,stop-at 2.00s,1.9009,NOMINAL,19858,-1,65535,32,40633,329,-238,3
24,follow,stop-at 2.00s,1.9344,NOMINAL,19859,-1,65535,32,58797,328,-238,3
24,follow,stop-at 2.00s,1.9677,NOMINAL,19860,-1,65535,32,67664,329,-238,3
24,follow,stop-at 2.00s,2.0721,FAILSAFE,19860,-1,65535,33,0,329,-238,3
24,follow,stop-at 2.00s,2.1726,FAILSAFE,19860,-1,65535,33,0,329,-239,3
24,follow,stop-at 2.00s,2.2731,FAILSAFE,19860,-1,65535,33,0,329,-239,3
24,follow,stop-at 2.00s,2.3737,FAILSAFE,19860,-1,65535,33,0,328,-238,3
24,follow,stop-at 2.00s,2.4744,FAILSAFE,19860,-1,65535,33,0,328,-239,3
24,follow,stop-at 2.00s,2.5749,FAILSAFE,19860,-1,65535,33,0,329,-239,3
25,follow,stop-at 2.00s,-0.9991,FAILSAFE,19861,-1,65535,32,40444,328,-238,3
25,follow,stop-at 2.00s,-0.9656,FAILSAFE,19862,-1,65535,32,60258,329,-239,3
25,follow,stop-at 2.00s,-0.9323,FAILSAFE,19863,-1,65535,32,66465,329,-239,3
25,follow,stop-at 2.00s,-0.9123,FAILSAFE,19863,-1,65535,32,0,329,-238,3
25,follow,stop-at 2.00s,-0.8991,FAILSAFE,19864,-1,65535,32,51049,328,-238,3
25,follow,stop-at 2.00s,-0.8657,FAILSAFE,19865,-1,65535,32,35117,328,-238,3
25,follow,stop-at 2.00s,-0.8324,FAILSAFE,19866,-1,65535,32,50475,329,-238,3
25,follow,stop-at 2.00s,-0.8125,FAILSAFE,19866,-1,65535,32,0,329,-238,3
25,follow,stop-at 2.00s,-0.7992,FAILSAFE,19867,-1,65535,32,37937,329,-239,3
25,follow,stop-at 2.00s,-0.7659,FAILSAFE,19868,-1,65535,32,33669,329,-239,3
25,follow,stop-at 2.00s,-0.7325,FAILSAFE,19869,-1,65535,32,34813,329,-240,3
25,follow,stop-at 2.00s,-0.6983,NOMINAL,19870,-1,65535,32,103682,329,-239,3
25,follow,stop-at 2.00s,-0.6657,NOMINAL,19871,-1,65535,32,44503,329,-238,3
25,follow,stop-at 2.00s,-0.6323,NOMINAL,19872,-1,65535,32,47114,329,-238,3
25,follow,stop-at 2.00s,-0.5992,NOMINAL,19873,-1,65535,32,25745,329,-239,3
25,follow,stop-at 2.00s,-0.5659,NOMINAL,19874,-1,65535,32,24729,329,-239,3
25,follow,stop-at 2.00s,-0.5322,NOMINAL,19875,-1,65535,32,42010,328,-239,3
25,follow,stop-at 2.00s,-0.4990,NOMINAL,19876,-1,65535,32,44575,328,-239,3
25,follow,stop-at 2.00s,-0.4658,NOMINAL,19877,-1,65535,32,58592,328,-239,3
25,follow,stop-at 2.00s,-0.4321,NOMINAL,19878,-1,65535,32,41391,329,-239,3
25,follow,stop-at 2.00s,-0.3990,NOMINAL,19879,-1,65535,32,59588,329,-239,3
25,follow,stop-at 2.00s,-0.3658,NOMINAL,19880,-1,65535,32,37399,329,-239,3
25,follow,stop-at 2.00s,-0.3323,NOMINAL,19881,-1,65535,32,41438,329,-239,3
25,follow,stop-at 2.00s,-0.2990,NOMINAL,19882,-1,65535,32,83583,329,-239,3
25,follow,stop-at 2.00s,-0.2659,NOMINAL,19883,-1,65535,32,44408,329,-239,3
25,follow,stop-at 2.00s,-0.2324,NOMINAL,19884,-1,65535,32,23457,329,-239,3
25,follow,stop-at 2.00s,-0.1990,NOMINAL,19885,-1,65535,32,97070,329,-239,3
25,follow,stop-at 2.00s,-0.1657,NOMINAL,19886,-1,65535,32,40587,329,-238,3
25,follow,stop-at 2.00s,-0.1324,NOMINAL,19887,-1,65535,32,40042,329,-238,3
25,follow,stop-at 2.00s,-0.0989,NOMINAL,19888,-1,65535,32,46197,329,-239,3
25,follow,stop-at 2.00s,-0.0656,NOMINAL,19889,-1,65535,32,72026,329,-239,3
25,follow,stop-at 2.00s,-0.0323,NOMINAL,19890,-1,65535,32,43916,329,-239,3
25,follow,stop-at 2.00s,0.0012,NOMINAL,19891,-1,65535,32,82338,329,-239,3
25,follow,stop-at 2.00s,0.0343,NOMINAL,19892,-1,65535,32,83817,328,-239,3
25,follow,stop-at 2.00s,0.0676,NOMINAL,19893,-1,65535,32,39422,329,-239,3
25,follow,stop-at 2.00s,0.1010,NOMINAL,19894,-1,65535,32,41049,328,-239,3
25,follow,stop-at 2.00s,0.1343,NOMINAL,19895,-1,65535,32,41949,329,-238,3
25,follow,stop-at 2.00s,0.1678,NOMINAL,19896,-1,65535,32,41926,328,-238,3
25,follow,stop-at 2.00s,0.2011,NOMINAL,19897,-1,65535,32,76666,329,-239,3
25,follow,stop-at 2.00s,0.2342,NOMINAL,19898,-1,65535,32,41342,329,-239,3
25,follow,stop-at 2.00s,0.2676,NOMINAL,19899,-1,65535,32,44388,329,-239,3
25,follow,stop-at 2.00s,0.3009,NOMINAL,19900,-1,65535,32,44659,329,-238,3
25,follow,stop-at 2.00s,0.3347,NOMINAL,19901,-1,65535,32,51908,329,-238,3
25,follow,stop-at 2.00s,0.3680,NOMINAL,19902,-1,65535,32,108255,329,-238,3
25,follow,stop-at 2.00s,0.4009,NOMINAL,19903,-1,65535,32,22838,329,-238,3
25,follow,stop-at 2.00s,0.4342,NOMINAL,19904,-1,65535,32,42354,329,-238,3
25,follow,stop-at 2.00s,0.4675,NOMINAL,19905,-1,65535,32,58472,329,-238,3
25,follow,stop-at 2.00s,0.5007,NOMINAL,19906,-1,65535,32,42059,329,-239,3
25,follow,stop-at 2.00s,0.5342,NOMINAL,19907,-1,65535,32,58925,328,-238,3
25,follow,stop-at 2.00s,0.5676,NOMINAL,19908,-1,65535,32,67213,329,-238,3
25,follow,stop-at 2.00s,0.6010,NOMINAL,19909,-1,65535,32,82155,329,-238,3
25,follow,stop-at 2.00s,0.6344,NOMINAL,19910,-1,65535,32,81542,329,-239,3
25,follow,stop-at 2.00s,0.6676,NOMINAL,19911,-1,65535,32,89905,329,-239,3
25,follow,stop-at 2.00s,0.7010,NOMINAL,19912,-1,65535,32,42078,329,-239,3
25,follow,stop-at 2.00s,0.7344,NOMINAL,19913,-1,65535,32,22042,329,-239,3
25,follow,stop-at 2.00s,0.7676,NOMINAL,19914,-1,65535,32,59596,329,-239,3
25,follow,stop-at 2.00s,0.8009,NOMINAL,19915,-1,65535,32,21555,329,-239,3
25,follow,stop-at 2.00s,0.8342,NOMINAL,19916,-1,65535,32,41271,329,-239,3
25,follow,stop-at 2.00s,0.8676,NOMINAL,19917,-1,65535,32,39987,329,-239,3
25,follow,stop-at 2.00s,0.9009,NOMINAL,19918,-1,65535,32,43081,329,-239,3
25,follow,stop-at 2.00s,0.9342,NOMINAL,19919,-1,65535,32,41827,328,-239,3
25,follow,stop-at 2.00s,0.9677,NOMINAL,19920,-1,65535,32,46551,329,-239,3
25,follow,stop-at 2.00s,1.0009,NOMINAL,19921,-1,65535,32,27196,328,-239,3
25,follow,stop-at 2.00s,1.0342,NOMINAL,19922,-1,65535,32,85530,329,-239,3
25,follow,stop-at 2.00s,1.0675,NOMINAL,19923,-1,65535,32,60873,328,-239,3
25,follow,stop-at 2.00s,1.1011,NOMINAL,19924,-1,65535,32,57718,328,-239,3
25,follow,stop-at 2.00s,1.1346,NOMINAL,19925,-1,65535,32,42427,329,-240,3
25,follow,stop-at 2.00s,1.1676,NOMINAL,19926,-1,65535,32,40194,329,-239,3
25,follow,stop-at 2.00s,1.2009,NOMINAL,19927,-1,65535,32,23278,329,-238,3
25,follow,stop-at 2.00s,1.2342,NOMINAL,19928,-1,65535,32,39734,329,-239,3
25,follow,stop-at 2.00s,1.2676,NOMINAL,19929,-1,65535,32,38301,329,-239,3
25,follow,stop-at 2.00s,1.3009,NOMINAL,19930,-1,65535,32,40842,328,-239,3
25,follow,stop-at 2.00s,1.3342,NOMINAL,19931,-1,65535,32,41659,329,-239,3
25,follow,stop-at 2.00s,1.3676,NOMINAL,19932,-1,65535,32,58550,329,-239,3
25,follow,stop-at 2.00s,1.4010,NOMINAL,19933,-1,65535,32,43570,328,-238,3
25,follow,stop-at 2.00s,1.4343,NOMINAL,19934,-1,65535,32,39162,328,-238,3
25,follow,stop-at 2.00s,1.4675,NOMINAL,19935,-1,65535,32,39543,328,-239,3
25,follow,stop-at 2.00s,1.5008,NOMINAL,19936,-1,65535,32,135893,328,-239,3
25,follow,stop-at 2.00s,1.5343,NOMINAL,19937,-1,65535,32,24591,329,-239,3
25,follow,stop-at 2.00s,1.5674,NOMINAL,19938,-1,65535,32,40737,328,-239,3
25,follow,stop-at 2.00s,1.6010,NOMINAL,19939,-1,65535,32,51355,328,-239,3
25,follow,stop-at 2.00s,1.6344,NOMINAL,19940,-1,65535,32,55783,328,-239,3
25,follow,stop-at 2.00s,1.6676,NOMINAL,19941,-1,65535,32,42230,328,-239,3
25,follow,stop-at 2.00s,1.7009,NOMINAL,19942,-1,65535,32,61890,328,-238,3
25,follow,stop-at 2.00s,1.7343,NOMINAL,19943,-1,65535,32,23095,328,-238,3
25,follow,stop-at 2.00s,1.7677,NOMINAL,19944,-1,65535,32,64426,328,-238,3
25,follow,stop-at 2.00s,1.8010,NOMINAL,19945,-1,65535,32,42613,328,-239,3
25,follow,stop-at 2.00s,1.8343,NOMINAL,19946,-1,65535,32,42966,329,-239,3
25,follow,stop-at 2.00s,1.8676,NOMINAL,19947,-1,65535,32,54000,329,-239,3
25,follow,stop-at 2.00s,1.9009,NOMINAL,19948,-1,65535,32,68238,329,-238,3
25,follow,stop-at 2.00s,1.9342,NOMINAL,19949,-1,65535,32,60362,329,-239,3
25,follow,stop-at 2.00s,1.9677,NOMINAL,19950,-1,65535,32,84879,329,-239,3
25,follow,stop-at 2.00s,2.0691,FAILSAFE,19950,-1,65535,33,0,329,-239,3
25,follow,stop-at 2.00s,2.1696,FAILSAFE,19950,-1,65535,33,0,328,-239,3
25,follow,stop-at 2.00s,2.2701,FAILSAFE,19950,-1,65535,33,0,328,-239,3
25,follow,stop-at 2.00s,2.3704,FAILSAFE,19950,-1,65535,33,0,328,-239,3
25,follow,stop-at 2.00s,2.4711,FAILSAFE,19950,-1,65535,33,0,328,-239,3
25,follow,stop-at 2.00s,2.5716,FAILSAFE,19950,-1,65535,33,0,329,-239,3
26,follow,stop-at 2.00s,-0.9990,FAILSAFE,19951,-1,65535,32,35900,329,-239,3
26,follow,stop-at 2.00s,-0.9657,FAILSAFE,19952,-1,65535,32,43631,329,-239,3
26,follow,stop-at 2.00s,-0.9323,FAILSAFE,19953,-1,65535,32,67910,329,-239,3
26,follow,stop-at 2.00s,-0.9123,FAILSAFE,19953,-1,65535,32,0,329,-238,3
26,follow,stop-at 2.00s,-0.8991,FAILSAFE,19954,-1,65535,32,39752,329,-239,3
26,follow,stop-at 2.00s,-0.8658,FAILSAFE,19955,-1,65535,32,52988,329,-239,3
26,follow,stop-at 2.00s,-0.8324,FAILSAFE,19956,-1,65535,32,82305,329,-239,3
26,follow,stop-at 2.00s,-0.7992,FAILSAFE,19957,-1,65535,32,59318,329,-239,3
26,follow,stop-at 2.00s,-0.7791,FAILSAFE,19957,-1,65535,32,0,329,-238,3
26,follow,stop-at 2.00s,-0.7659,FAILSAFE,19958,-1,65535,32,54094,329,-239,3
26,follow,stop-at 2.00s,-0.7318,FAILSAFE,19959,-1,65535,32,110899,329,-239,3
26,follow,stop-at 2.00s,-0.6985,NOMINAL,19960,-1,65535,32,146210,329,-238,3
26,follow,stop-at 2.00s,-0.6655,NOMINAL,19961,-1,65535,32,50207,329,-239,3
26,follow,stop-at 2.00s,-0.6322,NOMINAL,19962,-1,65535,32,46459,329,-238,3
26,follow,stop-at 2.00s,-0.5991,NOMINAL,19963,-1,65535,32,44822,329,-239,3
26,follow,stop-at 2.00s,-0.5658,NOMINAL,19964,-1,65535,32,24228,329,-238,3
26,follow,stop-at 2.00s,-0.5323,NOMINAL,19965,-1,65535,32,70267,329,-239,3
26,follow,stop-at 2.00s,-0.4990,NOMINAL,19966,-1,65535,32,82354,328,-238,3
26,follow,stop-at 2.00s,-0.4657,NOMINAL,19967,-1,65535,32,35036,328,-238,3
26,follow,stop-at 2.00s,-0.4326,NOMINAL,19968,-1,65535,32,33328,329,-239,3
26,follow,stop-at 2.00s,-0.3992,NOMINAL,19969,-1,65535,32,42238,328,-238,3
26,follow,stop-at 2.00s,-0.3657,NOMINAL,19970,-1,65535,32,43055,329,-239,3
26,follow,stop-at 2.00s,-0.3324,NOMINAL,19971,-1,65535,32,54635,329,-239,3
26,follow,stop-at 2.00s,-0.2991,NOMINAL,19972,-1,65535,32,69064,328,-239,3
26,follow,stop-at 2.00s,-0.2657,NOMINAL,19973,-1,65535,32,37017,329,-240,3
26,follow,stop-at 2.00s,-0.2325,NOMINAL,19974,-1,65535,32,89367,329,-239,3
26,follow,stop-at 2.00s,-0.1993,NOMINAL,19975,-1,65535,32,23311,328,-239,3
26,follow,stop-at 2.00s,-0.1660,NOMINAL,19976,-1,65535,32,39173,329,-239,3
26,follow,stop-at 2.00s,-0.1324,NOMINAL,19977,-1,65535,32,57527,328,-239,3
26,follow,stop-at 2.00s,-0.0992,NOMINAL,19978,-1,65535,32,41001,329,-238,3
26,follow,stop-at 2.00s,-0.0657,NOMINAL,19979,-1,65535,32,56088,329,-238,3
26,follow,stop-at 2.00s,-0.0323,NOMINAL,19980,-1,65535,32,84626,329,-238,3
26,follow,stop-at 2.00s,0.0011,NOMINAL,19981,-1,65535,32,83662,329,-239,3
26,follow,stop-at 2.00s,0.0343,NOMINAL,19982,-1,65535,32,84224,329,-240,3
26,follow,stop-at 2.00s,0.0677,NOMINAL,19983,-1,65535,32,47340,329,-239,3
26,follow,stop-at 2.00s,0.1009,NOMINAL,19984,-1,65535,32,41558,329,-239,3
26,follow,stop-at 2.00s,0.1343,NOMINAL,19985,-1,65535,32,65949,329,-239,3
26,follow,stop-at 2.00s,0.1675,NOMINAL,19986,-1,65535,32,97471,329,-239,3
26,follow,stop-at 2.00s,0.2009,NOMINAL,19987,-1,65535,32,56168,329,-239,3
26,follow,stop-at 2.00s,0.2344,NOMINAL,19988,-1,65535,32,46836,329,-239,3
26,follow,stop-at 2.00s,0.2678,NOMINAL,19989,-1,65535,32,71710,329,-238,3
26,follow,stop-at 2.00s,0.3012,NOMINAL,19990,-1,65535,32,83252,328,-238,3
26,follow,stop-at 2.00s,0.3344,NOMINAL,19991,-1,65535,32,44916,329,-239,3
26,follow,stop-at 2.00s,0.3678,NOMINAL,19992,-1,65535,32,46508,329,-239,3
26,follow,stop-at 2.00s,0.4009,NOMINAL,19993,-1,65535,32,46475,329,-238,3
26,follow,stop-at 2.00s,0.4342,NOMINAL,19994,-1,65535,32,52020,328,-238,3
26,follow,stop-at 2.00s,0.4675,NOMINAL,19995,-1,65535,32,56032,328,-239,3
26,follow,stop-at 2.00s,0.5008,NOMINAL,19996,-1,65535,32,45416,328,-238,3
26,follow,stop-at 2.00s,0.5341,NOMINAL,19997,-1,65535,32,39042,328,-239,3
26,follow,stop-at 2.00s,0.5675,NOMINAL,19998,-1,65535,32,45980,329,-239,3
26,follow,stop-at 2.00s,0.6011,NOMINAL,19999,-1,65535,32,41774,329,-239,3
26,follow,stop-at 2.00s,0.6342,NOMINAL,20000,-1,65535,32,37670,329,-238,3
26,follow,stop-at 2.00s,0.6676,NOMINAL,20001,-1,65535,32,59034,329,-239,3
26,follow,stop-at 2.00s,0.7010,NOMINAL,20002,-1,65535,32,71763,329,-238,3
26,follow,stop-at 2.00s,0.7342,NOMINAL,20003,-1,65535,32,40305,328,-238,3
26,follow,stop-at 2.00s,0.7675,NOMINAL,20004,-1,65535,32,59754,329,-239,3
26,follow,stop-at 2.00s,0.8009,NOMINAL,20005,-1,65535,32,55124,329,-238,3
26,follow,stop-at 2.00s,0.8342,NOMINAL,20006,-1,65535,32,54543,329,-239,3
26,follow,stop-at 2.00s,0.8676,NOMINAL,20007,-1,65535,32,41266,328,-239,3
26,follow,stop-at 2.00s,0.9009,NOMINAL,20008,-1,65535,32,36611,328,-239,3
26,follow,stop-at 2.00s,0.9345,NOMINAL,20009,-1,65535,32,67210,328,-238,3
26,follow,stop-at 2.00s,0.9679,NOMINAL,20010,-1,65535,32,77545,328,-238,3
26,follow,stop-at 2.00s,1.0011,NOMINAL,20011,-1,65535,32,85531,329,-239,3
26,follow,stop-at 2.00s,1.0344,NOMINAL,20012,-1,65535,32,45344,330,-239,3
26,follow,stop-at 2.00s,1.0676,NOMINAL,20013,-1,65535,32,68260,329,-239,3
26,follow,stop-at 2.00s,1.1009,NOMINAL,20014,-1,65535,32,44162,329,-239,3
26,follow,stop-at 2.00s,1.1343,NOMINAL,20015,-1,65535,32,70767,329,-239,3
26,follow,stop-at 2.00s,1.1675,NOMINAL,20016,-1,65535,32,65784,329,-239,3
26,follow,stop-at 2.00s,1.2009,NOMINAL,20017,-1,65535,32,72047,329,-239,3
26,follow,stop-at 2.00s,1.2343,NOMINAL,20018,-1,65535,32,67642,329,-240,3
26,follow,stop-at 2.00s,1.2676,NOMINAL,20019,-1,65535,32,80741,329,-239,3
26,follow,stop-at 2.00s,1.3012,NOMINAL,20020,-1,65535,32,40746,329,-238,3
26,follow,stop-at 2.00s,1.3344,NOMINAL,20021,-1,65535,32,40353,329,-239,3
26,follow,stop-at 2.00s,1.3677,NOMINAL,20022,-1,65535,32,63700,329,-239,3
26,follow,stop-at 2.00s,1.4010,NOMINAL,20023,-1,65535,32,44302,329,-240,3
26,follow,stop-at 2.00s,1.4344,NOMINAL,20024,-1,65535,32,26527,329,-240,3
26,follow,stop-at 2.00s,1.4677,NOMINAL,20025,-1,65535,32,38103,329,-239,3
26,follow,stop-at 2.00s,1.5009,NOMINAL,20026,-1,65535,32,43614,329,-240,3
26,follow,stop-at 2.00s,1.5342,NOMINAL,20027,-1,65535,32,39929,329,-239,3
26,follow,stop-at 2.00s,1.5676,NOMINAL,20028,-1,65535,32,44375,329,-239,3
26,follow,stop-at 2.00s,1.6011,NOMINAL,20029,-1,65535,32,94566,328,-238,3
26,follow,stop-at 2.00s,1.6344,NOMINAL,20030,-1,65535,32,83425,328,-238,3
26,follow,stop-at 2.00s,1.6675,NOMINAL,20031,-1,65535,32,46189,328,-239,3
26,follow,stop-at 2.00s,1.7008,NOMINAL,20032,-1,65535,32,40221,329,-238,3
26,follow,stop-at 2.00s,1.7344,NOMINAL,20033,-1,65535,32,42534,328,-238,3
26,follow,stop-at 2.00s,1.7678,NOMINAL,20034,-1,65535,32,60868,328,-238,3
26,follow,stop-at 2.00s,1.8009,NOMINAL,20035,-1,65535,32,42496,328,-239,3
26,follow,stop-at 2.00s,1.8344,NOMINAL,20036,-1,65535,32,58277,329,-239,3
26,follow,stop-at 2.00s,1.8675,NOMINAL,20037,-1,65535,32,38124,329,-239,3
26,follow,stop-at 2.00s,1.9008,NOMINAL,20038,-1,65535,32,42458,329,-239,3
26,follow,stop-at 2.00s,1.9342,NOMINAL,20039,-1,65535,32,38822,329,-239,3
26,follow,stop-at 2.00s,1.9676,NOMINAL,20040,-1,65535,32,62377,329,-238,3
26,follow,stop-at 2.00s,2.0762,FAILSAFE,20040,-1,65535,33,0,329,-239,3
26,follow,stop-at 2.00s,2.1768,FAILSAFE,20040,-1,65535,33,0,329,-239,3
26,follow,stop-at 2.00s,2.2773,FAILSAFE,20040,-1,65535,33,0,329,-239,3
26,follow,stop-at 2.00s,2.3778,FAILSAFE,20040,-1,65535,33,0,329,-238,3
26,follow,stop-at 2.00s,2.4783,FAILSAFE,20040,-1,65535,33,0,329,-239,3
26,follow,stop-at 2.00s,2.5788,FAILSAFE,20040,-1,65535,33,0,329,-239,3
27,follow,stop-at 2.00s,-0.9989,FAILSAFE,20041,-1,65535,32,85645,329,-239,3
27,follow,stop-at 2.00s,-0.9658,FAILSAFE,20042,-1,65535,32,32311,329,-239,3
27,follow,stop-at 2.00s,-0.9324,FAILSAFE,20043,-1,65535,32,58751,329,-239,3
27,follow,stop-at 2.00s,-0.9124,FAILSAFE,20043,-1,65535,32,0,328,-239,3
27,follow,stop-at 2.00s,-0.8992,FAILSAFE,20044,-1,65535,32,52289,328,-239,3
27,follow,stop-at 2.00s,-0.8658,FAILSAFE,20045,-1,65535,32,18784,328,-238,3
27,follow,stop-at 2.00s,-0.8327,FAILSAFE,20046,-1,65535,32,61384,329,-238,3
27,follow,stop-at 2.00s,-0.8125,FAILSAFE,20046,-1,65535,32,0,329,-238,3
27,follow,stop-at 2.00s,-0.7991,FAILSAFE,20047,-1,65535,32,35200,329,-238,3
27,follow,stop-at 2.00s,-0.7659,FAILSAFE,20048,-1,65535,32,34410,329,-238,3
27,follow,stop-at 2.00s,-0.7324,FAILSAFE,20049,-1,65535,32,62407,329,-238,3
27,follow,stop-at 2.00s,-0.7120,FAILSAFE,20049,-1,65535,32,0,329,-238,3
27,follow,stop-at 2.00s,-0.6983,NOMINAL,20050,-1,65535,32,103308,329,-238,3
27,follow,stop-at 2.00s,-0.6654,NOMINAL,20051,-1,65535,32,46826,328,-238,3
27,follow,stop-at 2.00s,-0.6324,NOMINAL,20052,-1,65535,32,41148,328,-238,3
27,follow,stop-at 2.00s,-0.5990,NOMINAL,20053,-1,65535,32,60779,328,-238,3
27,follow,stop-at 2.00s,-0.5657,NOMINAL,20054,-1,65535,32,24251,328,-238,3
27,follow,stop-at 2.00s,-0.5324,NOMINAL,20055,-1,65535,32,62042,329,-238,3
27,follow,stop-at 2.00s,-0.4992,NOMINAL,20056,-1,65535,32,39807,328,-238,3
27,follow,stop-at 2.00s,-0.4657,NOMINAL,20057,-1,65535,32,45404,329,-238,3
27,follow,stop-at 2.00s,-0.4323,NOMINAL,20058,-1,65535,32,66117,329,-238,3
27,follow,stop-at 2.00s,-0.3992,NOMINAL,20059,-1,65535,32,41800,328,-238,3
27,follow,stop-at 2.00s,-0.3659,NOMINAL,20060,-1,65535,32,45600,329,-238,3
27,follow,stop-at 2.00s,-0.3325,NOMINAL,20061,-1,65535,32,37094,329,-239,3
27,follow,stop-at 2.00s,-0.2991,NOMINAL,20062,-1,65535,32,42703,329,-239,3
27,follow,stop-at 2.00s,-0.2658,NOMINAL,20063,-1,65535,32,24015,329,-239,3
27,follow,stop-at 2.00s,-0.2324,NOMINAL,20064,-1,65535,32,57112,329,-239,3
27,follow,stop-at 2.00s,-0.1990,NOMINAL,20065,-1,65535,32,66957,329,-238,3
27,follow,stop-at 2.00s,-0.1658,NOMINAL,20066,-1,65535,32,44844,329,-238,3
27,follow,stop-at 2.00s,-0.1324,NOMINAL,20067,-1,65535,32,39612,329,-238,3
27,follow,stop-at 2.00s,-0.0991,NOMINAL,20068,-1,65535,32,83898,329,-238,3
27,follow,stop-at 2.00s,-0.0657,NOMINAL,20069,-1,65535,32,35512,329,-238,3
27,follow,stop-at 2.00s,-0.0326,NOMINAL,20070,-1,65535,32,62303,328,-238,3
27,follow,stop-at 2.00s,0.0010,NOMINAL,20071,-1,65535,32,22804,329,-239,3
27,follow,stop-at 2.00s,0.0343,NOMINAL,20072,-1,65535,32,41903,329,-239,3
27,follow,stop-at 2.00s,0.0676,NOMINAL,20073,-1,65535,32,56871,329,-239,3
27,follow,stop-at 2.00s,0.1010,NOMINAL,20074,-1,65535,32,53103,329,-239,3
27,follow,stop-at 2.00s,0.1342,NOMINAL,20075,-1,65535,32,40412,328,-239,3
27,follow,stop-at 2.00s,0.1674,NOMINAL,20076,-1,65535,32,28128,328,-239,3
27,follow,stop-at 2.00s,0.2010,NOMINAL,20077,-1,65535,32,69541,329,-239,3
27,follow,stop-at 2.00s,0.2345,NOMINAL,20078,-1,65535,32,80441,329,-239,3
27,follow,stop-at 2.00s,0.2677,NOMINAL,20079,-1,65535,32,41931,330,-239,3
27,follow,stop-at 2.00s,0.3008,NOMINAL,20080,-1,65535,32,41662,330,-239,3
27,follow,stop-at 2.00s,0.3345,NOMINAL,20081,-1,65535,32,65102,330,-238,3
27,follow,stop-at 2.00s,0.3676,NOMINAL,20082,-1,65535,32,46110,330,-238,3
27,follow,stop-at 2.00s,0.4010,NOMINAL,20083,-1,65535,32,44505,330,-239,3
27,follow,stop-at 2.00s,0.4342,NOMINAL,20084,-1,65535,32,57185,330,-238,3
27,follow,stop-at 2.00s,0.4677,NOMINAL,20085,-1,65535,32,83829,329,-238,3
27,follow,stop-at 2.00s,0.5011,NOMINAL,20086,-1,65535,32,39329,328,-239,3
27,follow,stop-at 2.00s,0.5343,NOMINAL,20087,-1,65535,32,62908,329,-239,3
27,follow,stop-at 2.00s,0.5676,NOMINAL,20088,-1,65535,32,38091,329,-239,3
27,follow,stop-at 2.00s,0.6009,NOMINAL,20089,-1,65535,32,41185,329,-239,3
27,follow,stop-at 2.00s,0.6341,NOMINAL,20090,-1,65535,32,39592,329,-239,3
27,follow,stop-at 2.00s,0.6677,NOMINAL,20091,-1,65535,32,47691,329,-239,3
27,follow,stop-at 2.00s,0.7009,NOMINAL,20092,-1,65535,32,69854,329,-238,3
27,follow,stop-at 2.00s,0.7345,NOMINAL,20093,-1,65535,32,66627,328,-238,3
27,follow,stop-at 2.00s,0.7678,NOMINAL,20094,-1,65535,32,79983,328,-238,3
27,follow,stop-at 2.00s,0.8012,NOMINAL,20095,-1,65535,32,72388,328,-238,3
27,follow,stop-at 2.00s,0.8344,NOMINAL,20096,-1,65535,32,53072,329,-239,3
27,follow,stop-at 2.00s,0.8676,NOMINAL,20097,-1,65535,32,71995,329,-238,3
27,follow,stop-at 2.00s,0.9009,NOMINAL,20098,-1,65535,32,40837,329,-238,3
27,follow,stop-at 2.00s,0.9345,NOMINAL,20099,-1,65535,32,111281,328,-238,3
27,follow,stop-at 2.00s,0.9676,NOMINAL,20100,-1,65535,32,24329,328,-238,3
27,follow,stop-at 2.00s,1.0012,NOMINAL,20101,-1,65535,32,87593,329,-239,3
27,follow,stop-at 2.00s,1.0345,NOMINAL,20102,-1,65535,32,42692,329,-239,3
27,follow,stop-at 2.00s,1.0675,NOMINAL,20103,-1,65535,32,59246,329,-238,3
27,follow,stop-at 2.00s,1.1008,NOMINAL,20104,-1,65535,32,44636,328,-239,3
27,follow,stop-at 2.00s,1.1346,NOMINAL,20105,-1,65535,32,87013,329,-239,3
27,follow,stop-at 2.00s,1.1676,NOMINAL,20106,-1,65535,32,83687,329,-239,3
27,follow,stop-at 2.00s,1.2010,NOMINAL,20107,-1,65535,32,42588,329,-239,3
27,follow,stop-at 2.00s,1.2341,NOMINAL,20108,-1,65535,32,42097,329,-238,3
27,follow,stop-at 2.00s,1.2677,NOMINAL,20109,-1,65535,32,47197,329,-238,3
27,follow,stop-at 2.00s,1.3010,NOMINAL,20110,-1,65535,32,84403,329,-239,3
27,follow,stop-at 2.00s,1.3344,NOMINAL,20111,-1,65535,32,80551,329,-239,3
27,follow,stop-at 2.00s,1.3675,NOMINAL,20112,-1,65535,32,38844,329,-239,3
27,follow,stop-at 2.00s,1.4010,NOMINAL,20113,-1,65535,32,42995,329,-239,3
27,follow,stop-at 2.00s,1.4344,NOMINAL,20114,-1,65535,32,79268,329,-238,3
27,follow,stop-at 2.00s,1.4677,NOMINAL,20115,-1,65535,32,66194,328,-239,3
27,follow,stop-at 2.00s,1.5010,NOMINAL,20116,-1,65535,32,64390,328,-239,3
27,follow,stop-at 2.00s,1.5343,NOMINAL,20117,-1,65535,32,59398,329,-239,3
27,follow,stop-at 2.00s,1.5676,NOMINAL,20118,-1,65535,32,24527,329,-240,3
27,follow,stop-at 2.00s,1.6009,NOMINAL,20119,-1,65535,32,80564,329,-240,3
27,follow,stop-at 2.00s,1.6344,NOMINAL,20120,-1,65535,32,67777,329,-239,3
27,follow,stop-at 2.00s,1.6677,NOMINAL,20121,-1,65535,32,57870,328,-239,3
27,follow,stop-at 2.00s,1.7008,NOMINAL,20122,-1,65535,32,41270,329,-239,3
27,follow,stop-at 2.00s,1.7343,NOMINAL,20123,-1,65535,32,26888,328,-238,3
27,follow,stop-at 2.00s,1.7676,NOMINAL,20124,-1,65535,32,41863,328,-238,3
27,follow,stop-at 2.00s,1.8013,NOMINAL,20125,-1,65535,32,64071,328,-239,3
27,follow,stop-at 2.00s,1.8342,NOMINAL,20126,-1,65535,32,49408,328,-238,3
27,follow,stop-at 2.00s,1.8678,NOMINAL,20127,-1,65535,32,39613,328,-238,3
27,follow,stop-at 2.00s,1.9009,NOMINAL,20128,-1,65535,32,35067,329,-238,3
27,follow,stop-at 2.00s,1.9342,NOMINAL,20129,-1,65535,32,38401,329,-239,3
27,follow,stop-at 2.00s,1.9675,NOMINAL,20130,-1,65535,32,41855,329,-239,3
27,follow,stop-at 2.00s,2.0735,FAILSAFE,20130,-1,65535,33,0,329,-239,3
27,follow,stop-at 2.00s,2.1739,FAILSAFE,20130,-1,65535,33,0,329,-238,3
27,follow,stop-at 2.00s,2.2745,FAILSAFE,20130,-1,65535,33,0,329,-239,3
27,follow,stop-at 2.00s,2.3750,FAILSAFE,20130,-1,65535,33,0,329,-238,3
27,follow,stop-at 2.00s,2.4755,FAILSAFE,20130,-1,65535,33,0,329,-238,3
27,follow,stop-at 2.00s,2.5760,FAILSAFE,20130,-1,65535,33,0,329,-238,3
28,follow,stop-at 2.00s,-0.9990,FAILSAFE,20131,-1,65535,32,83706,329,-239,3
28,follow,stop-at 2.00s,-0.9659,FAILSAFE,20132,-1,65535,32,75988,329,-239,3
28,follow,stop-at 2.00s,-0.9324,FAILSAFE,20133,-1,65535,32,62048,329,-239,3
28,follow,stop-at 2.00s,-0.9123,FAILSAFE,20133,-1,65535,32,0,329,-239,3
28,follow,stop-at 2.00s,-0.8993,FAILSAFE,20134,-1,65535,32,36582,329,-239,3
28,follow,stop-at 2.00s,-0.8658,FAILSAFE,20135,-1,65535,32,35972,330,-239,3
28,follow,stop-at 2.00s,-0.8325,FAILSAFE,20136,-1,65535,32,31531,329,-239,3
28,follow,stop-at 2.00s,-0.8125,FAILSAFE,20136,-1,65535,32,0,329,-239,3
28,follow,stop-at 2.00s,-0.7993,FAILSAFE,20137,-1,65535,32,36484,329,-239,3
28,follow,stop-at 2.00s,-0.7660,FAILSAFE,20138,-1,65535,32,52450,329,-239,3
28,follow,stop-at 2.00s,-0.7324,FAILSAFE,20139,-1,65535,32,49415,329,-239,3
28,follow,stop-at 2.00s,-0.7122,FAILSAFE,20139,-1,65535,32,0,329,-239,3
28,follow,stop-at 2.00s,-0.6985,NOMINAL,20140,-1,65535,32,91361,329,-239,3
28,follow,stop-at 2.00s,-0.6654,NOMINAL,20141,-1,65535,32,60166,329,-239,3
28,follow,stop-at 2.00s,-0.6325,NOMINAL,20142,-1,65535,32,20804,329,-239,3
28,follow,stop-at 2.00s,-0.5991,NOMINAL,20143,-1,65535,32,105515,329,-239,3
28,follow,stop-at 2.00s,-0.5658,NOMINAL,20144,-1,65535,32,37350,329,-239,3
28,follow,stop-at 2.00s,-0.5325,NOMINAL,20145,-1,65535,32,65450,329,-240,3
28,follow,stop-at 2.00s,-0.4989,NOMINAL,20146,-1,65535,32,82392,330,-239,3
28,follow,stop-at 2.00s,-0.4658,NOMINAL,20147,-1,65535,32,41605,330,-239,3
28,follow,stop-at 2.00s,-0.4323,NOMINAL,20148,-1,65535,32,72051,329,-239,3
28,follow,stop-at 2.00s,-0.3988,NOMINAL,20149,-1,65535,32,105683,329,-239,3
28,follow,stop-at 2.00s,-0.3658,NOMINAL,20150,-1,65535,32,44450,329,-239,3
28,follow,stop-at 2.00s,-0.3326,NOMINAL,20151,-1,65535,32,40461,329,-240,3
28,follow,stop-at 2.00s,-0.2991,NOMINAL,20152,-1,65535,32,81471,329,-240,3
28,follow,stop-at 2.00s,-0.2655,NOMINAL,20153,-1,65535,32,72535,329,-239,3
28,follow,stop-at 2.00s,-0.2324,NOMINAL,20154,-1,65535,32,40991,329,-239,3
28,follow,stop-at 2.00s,-0.1990,NOMINAL,20155,-1,65535,32,63334,329,-239,3
28,follow,stop-at 2.00s,-0.1658,NOMINAL,20156,-1,65535,32,58320,329,-238,3
28,follow,stop-at 2.00s,-0.1324,NOMINAL,20157,-1,65535,32,56225,328,-238,3
28,follow,stop-at 2.00s,-0.0991,NOMINAL,20158,-1,65535,32,38872,329,-238,3
28,follow,stop-at 2.00s,-0.0657,NOMINAL,20159,-1,65535,32,33079,329,-238,3
28,follow,stop-at 2.00s,-0.0326,NOMINAL,20160,-1,65535,32,42007,329,-238,3
28,follow,stop-at 2.00s,0.0009,NOMINAL,20161,-1,65535,32,46039,329,-238,3
28,follow,stop-at 2.00s,0.0343,NOMINAL,20162,-1,65535,32,43018,329,-238,3
28,follow,stop-at 2.00s,0.0676,NOMINAL,20163,-1,65535,32,39908,329,-239,3
28,follow,stop-at 2.00s,0.1010,NOMINAL,20164,-1,65535,32,43238,328,-239,3
28,follow,stop-at 2.00s,0.1343,NOMINAL,20165,-1,65535,32,44304,328,-239,3
28,follow,stop-at 2.00s,0.1676,NOMINAL,20166,-1,65535,32,59732,329,-239,3
28,follow,stop-at 2.00s,0.2011,NOMINAL,20167,-1,65535,32,80333,329,-239,3
28,follow,stop-at 2.00s,0.2345,NOMINAL,20168,-1,65535,32,40568,329,-238,3
28,follow,stop-at 2.00s,0.2676,NOMINAL,20169,-1,65535,32,42974,329,-239,3
28,follow,stop-at 2.00s,0.3011,NOMINAL,20170,-1,65535,32,82233,328,-238,3
28,follow,stop-at 2.00s,0.3345,NOMINAL,20171,-1,65535,32,114216,328,-239,3
28,follow,stop-at 2.00s,0.3679,NOMINAL,20172,-1,65535,32,52042,329,-239,3
28,follow,stop-at 2.00s,0.4011,NOMINAL,20173,-1,65535,32,74797,329,-239,3
28,follow,stop-at 2.00s,0.4342,NOMINAL,20174,-1,65535,32,42966,329,-239,3
28,follow,stop-at 2.00s,0.4677,NOMINAL,20175,-1,65535,32,23393,329,-238,3
28,follow,stop-at 2.00s,0.5011,NOMINAL,20176,-1,65535,32,47005,329,-238,3
28,follow,stop-at 2.00s,0.5343,NOMINAL,20177,-1,65535,32,65410,329,-238,3
28,follow,stop-at 2.00s,0.5676,NOMINAL,20178,-1,65535,32,86047,328,-238,3
28,follow,stop-at 2.00s,0.6010,NOMINAL,20179,-1,65535,32,60705,329,-239,3
28,follow,stop-at 2.00s,0.6342,NOMINAL,20180,-1,65535,32,38225,329,-238,3
28,follow,stop-at 2.00s,0.6675,NOMINAL,20181,-1,65535,32,43107,329,-239,3
28,follow,stop-at 2.00s,0.7010,NOMINAL,20182,-1,65535,32,46071,330,-238,3
28,follow,stop-at 2.00s,0.7344,NOMINAL,20183,-1,65535,32,48942,329,-239,3
28,follow,stop-at 2.00s,0.7676,NOMINAL,20184,-1,65535,32,83580,329,-238,3
28,follow,stop-at 2.00s,0.8009,NOMINAL,20185,-1,65535,32,38983,329,-239,3
28,follow,stop-at 2.00s,0.8343,NOMINAL,20186,-1,65535,32,64404,329,-239,3
28,follow,stop-at 2.00s,0.8676,NOMINAL,20187,-1,65535,32,46483,329,-239,3
28,follow,stop-at 2.00s,0.9008,NOMINAL,20188,-1,65535,32,89101,329,-240,3
28,follow,stop-at 2.00s,0.9344,NOMINAL,20189,-1,65535,32,45195,329,-239,3
28,follow,stop-at 2.00s,0.9676,NOMINAL,20190,-1,65535,32,43209,329,-239,3
28,follow,stop-at 2.00s,1.0010,NOMINAL,20191,-1,65535,32,66729,329,-239,3
28,follow,stop-at 2.00s,1.0343,NOMINAL,20192,-1,65535,32,67451,328,-238,3
28,follow,stop-at 2.00s,1.0677,NOMINAL,20193,-1,65535,32,81841,329,-239,3
28,follow,stop-at 2.00s,1.1010,NOMINAL,20194,-1,65535,32,40233,329,-239,3
28,follow,stop-at 2.00s,1.1344,NOMINAL,20195,-1,65535,32,71790,329,-239,3
28,follow,stop-at 2.00s,1.1675,NOMINAL,20196,-1,65535,32,37806,329,-239,3
28,follow,stop-at 2.00s,1.2008,NOMINAL,20197,-1,65535,32,36096,329,-239,3
28,follow,stop-at 2.00s,1.2343,NOMINAL,20198,-1,65535,32,43930,329,-239,3
28,follow,stop-at 2.00s,1.2677,NOMINAL,20199,-1,65535,32,17094,328,-239,3
28,follow,stop-at 2.00s,1.3011,NOMINAL,20200,-1,65535,32,44713,328,-238,3
28,follow,stop-at 2.00s,1.3343,NOMINAL,20201,-1,65535,32,60472,328,-238,3
28,follow,stop-at 2.00s,1.3676,NOMINAL,20202,-1,65535,32,23775,328,-239,3
28,follow,stop-at 2.00s,1.4010,NOMINAL,20203,-1,65535,32,57971,329,-239,3
28,follow,stop-at 2.00s,1.4344,NOMINAL,20204,-1,65535,32,58216,329,-239,3
28,follow,stop-at 2.00s,1.4677,NOMINAL,20205,-1,65535,32,40805,329,-239,3
28,follow,stop-at 2.00s,1.5009,NOMINAL,20206,-1,65535,32,42276,328,-239,3
28,follow,stop-at 2.00s,1.5341,NOMINAL,20207,-1,65535,32,45871,329,-238,3
28,follow,stop-at 2.00s,1.5677,NOMINAL,20208,-1,65535,32,35671,328,-238,3
28,follow,stop-at 2.00s,1.6008,NOMINAL,20209,-1,65535,32,59724,328,-238,3
28,follow,stop-at 2.00s,1.6343,NOMINAL,20210,-1,65535,32,56745,328,-238,3
28,follow,stop-at 2.00s,1.6674,NOMINAL,20211,-1,65535,32,45650,328,-238,3
28,follow,stop-at 2.00s,1.7010,NOMINAL,20212,-1,65535,32,41696,328,-238,3
28,follow,stop-at 2.00s,1.7345,NOMINAL,20213,-1,65535,32,84567,329,-238,3
28,follow,stop-at 2.00s,1.7678,NOMINAL,20214,-1,65535,32,82245,329,-239,3
28,follow,stop-at 2.00s,1.8011,NOMINAL,20215,-1,65535,32,65741,329,-238,3
28,follow,stop-at 2.00s,1.8342,NOMINAL,20216,-1,65535,32,95745,329,-239,3
28,follow,stop-at 2.00s,1.8677,NOMINAL,20217,-1,65535,32,44208,329,-238,3
28,follow,stop-at 2.00s,1.9008,NOMINAL,20218,-1,65535,32,41545,329,-239,3
28,follow,stop-at 2.00s,1.9342,NOMINAL,20219,-1,65535,32,43383,329,-238,3
28,follow,stop-at 2.00s,1.9675,NOMINAL,20220,-1,65535,32,38485,329,-239,3
28,follow,stop-at 2.00s,2.0709,FAILSAFE,20220,-1,65535,33,0,329,-239,3
28,follow,stop-at 2.00s,2.1714,FAILSAFE,20220,-1,65535,33,0,329,-239,3
28,follow,stop-at 2.00s,2.2719,FAILSAFE,20220,-1,65535,33,0,329,-239,3
28,follow,stop-at 2.00s,2.3723,FAILSAFE,20220,-1,65535,33,0,329,-239,3
28,follow,stop-at 2.00s,2.4727,FAILSAFE,20220,-1,65535,33,0,329,-239,3
28,follow,stop-at 2.00s,2.5734,FAILSAFE,20220,-1,65535,33,0,329,-239,3
29,follow,stop-at 2.00s,-0.9988,FAILSAFE,20221,-1,65535,32,67722,329,-238,3
29,follow,stop-at 2.00s,-0.9657,FAILSAFE,20222,-1,65535,32,33590,329,-239,3
29,follow,stop-at 2.00s,-0.9324,FAILSAFE,20223,-1,65535,32,38966,329,-239,3
29,follow,stop-at 2.00s,-0.9123,FAILSAFE,20223,-1,65535,32,0,328,-239,3
29,follow,stop-at 2.00s,-0.8992,FAILSAFE,20224,-1,65535,32,37020,328,-238,3
29,follow,stop-at 2.00s,-0.8656,FAILSAFE,20225,-1,65535,32,32848,328,-238,3
29,follow,stop-at 2.00s,-0.8326,FAILSAFE,20226,-1,65535,32,36391,328,-239,3
29,follow,stop-at 2.00s,-0.8123,FAILSAFE,20226,-1,65535,32,0,329,-239,3
29,follow,stop-at 2.00s,-0.7990,FAILSAFE,20227,-1,65535,32,36184,329,-239,3
29,follow,stop-at 2.00s,-0.7658,FAILSAFE,20228,-1,65535,32,32502,329,-239,3
29,follow,stop-at 2.00s,-0.7319,FAILSAFE,20229,-1,65535,32,94112,329,-238,3
29,follow,stop-at 2.00s,-0.7117,FAILSAFE,20229,-1,65535,32,0,329,-238,3
29,follow,stop-at 2.00s,-0.6986,NOMINAL,20230,-1,65535,32,89950,329,-239,3
29,follow,stop-at 2.00s,-0.6656,NOMINAL,20231,-1,65535,32,42296,329,-239,3
29,follow,stop-at 2.00s,-0.6326,NOMINAL,20232,-1,65535,32,28821,329,-239,3
29,follow,stop-at 2.00s,-0.5990,NOMINAL,20233,-1,65535,32,38154,329,-239,3
29,follow,stop-at 2.00s,-0.5658,NOMINAL,20234,-1,65535,32,46254,330,-239,3
29,follow,stop-at 2.00s,-0.5323,NOMINAL,20235,-1,65535,32,98791,329,-239,3
29,follow,stop-at 2.00s,-0.4989,NOMINAL,20236,-1,65535,32,27050,329,-239,3
29,follow,stop-at 2.00s,-0.4658,NOMINAL,20237,-1,65535,32,56186,329,-239,3
29,follow,stop-at 2.00s,-0.4323,NOMINAL,20238,-1,65535,32,35529,329,-239,3
29,follow,stop-at 2.00s,-0.3990,NOMINAL,20239,-1,65535,32,84369,329,-238,3
29,follow,stop-at 2.00s,-0.3658,NOMINAL,20240,-1,65535,32,39218,328,-238,3
29,follow,stop-at 2.00s,-0.3326,NOMINAL,20241,-1,65535,32,47411,328,-239,3
29,follow,stop-at 2.00s,-0.2992,NOMINAL,20242,-1,65535,32,40180,329,-239,3
29,follow,stop-at 2.00s,-0.2658,NOMINAL,20243,-1,65535,32,41087,328,-239,3
29,follow,stop-at 2.00s,-0.2324,NOMINAL,20244,-1,65535,32,78983,328,-239,3
29,follow,stop-at 2.00s,-0.1990,NOMINAL,20245,-1,65535,32,41394,328,-239,3
29,follow,stop-at 2.00s,-0.1659,NOMINAL,20246,-1,65535,32,63415,329,-239,3
29,follow,stop-at 2.00s,-0.1324,NOMINAL,20247,-1,65535,32,61741,329,-239,3
29,follow,stop-at 2.00s,-0.0991,NOMINAL,20248,-1,65535,32,25345,328,-238,3
29,follow,stop-at 2.00s,-0.0655,NOMINAL,20249,-1,65535,32,39712,328,-238,3
29,follow,stop-at 2.00s,-0.0326,NOMINAL,20250,-1,65535,32,39551,329,-238,3
29,follow,stop-at 2.00s,0.0010,NOMINAL,20251,-1,65535,32,62936,329,-239,3
29,follow,stop-at 2.00s,0.0344,NOMINAL,20252,-1,65535,32,59067,329,-239,3
29,follow,stop-at 2.00s,0.0678,NOMINAL,20253,-1,65535,32,67343,329,-239,3
29,follow,stop-at 2.00s,0.1009,NOMINAL,20254,-1,65535,32,63893,329,-238,3
29,follow,stop-at 2.00s,0.1343,NOMINAL,20255,-1,65535,32,54605,329,-239,3
29,follow,stop-at 2.00s,0.1676,NOMINAL,20256,-1,65535,32,44512,329,-239,3
29,follow,stop-at 2.00s,0.2010,NOMINAL,20257,-1,65535,32,38083,329,-239,3
29,follow,stop-at 2.00s,0.2344,NOMINAL,20258,-1,65535,32,42874,329,-239,3
29,follow,stop-at 2.00s,0.2676,NOMINAL,20259,-1,65535,32,45500,329,-238,3
29,follow,stop-at 2.00s,0.3012,NOMINAL,20260,-1,65535,32,42530,328,-238,3
29,follow,stop-at 2.00s,0.3345,NOMINAL,20261,-1,65535,32,32350,328,-238,3
29,follow,stop-at 2.00s,0.3676,NOMINAL,20262,-1,65535,32,27674,328,-238,3
29,follow,stop-at 2.00s,0.4011,NOMINAL,20263,-1,65535,32,52172,328,-238,3
29,follow,stop-at 2.00s,0.4345,NOMINAL,20264,-1,65535,32,82704,328,-239,3
29,follow,stop-at 2.00s,0.4677,NOMINAL,20265,-1,65535,32,70296,328,-239,3
29,follow,stop-at 2.00s,0.5009,NOMINAL,20266,-1,65535,32,39452,328,-238,3
29,follow,stop-at 2.00s,0.5342,NOMINAL,20267,-1,65535,32,54812,328,-239,3
29,follow,stop-at 2.00s,0.5677,NOMINAL,20268,-1,65535,32,80931,329,-239,3
29,follow,stop-at 2.00s,0.6011,NOMINAL,20269,-1,65535,32,38970,328,-239,3
29,follow,stop-at 2.00s,0.6343,NOMINAL,20270,-1,65535,32,59673,329,-239,3
29,follow,stop-at 2.00s,0.6675,NOMINAL,20271,-1,65535,32,41777,329,-239,3
29,follow,stop-at 2.00s,0.7009,NOMINAL,20272,-1,65535,32,25030,329,-239,3
29,follow,stop-at 2.00s,0.7344,NOMINAL,20273,-1,65535,32,68329,328,-239,3
29,follow,stop-at 2.00s,0.7677,NOMINAL,20274,-1,65535,32,85722,328,-239,3
29,follow,stop-at 2.00s,0.8010,NOMINAL,20275,-1,65535,32,66789,328,-239,3
29,follow,stop-at 2.00s,0.8344,NOMINAL,20276,-1,65535,32,56168,329,-239,3
29,follow,stop-at 2.00s,0.8679,NOMINAL,20277,-1,65535,32,68855,329,-239,3
29,follow,stop-at 2.00s,0.9008,NOMINAL,20278,-1,65535,32,43535,329,-239,3
29,follow,stop-at 2.00s,0.9343,NOMINAL,20279,-1,65535,32,43861,329,-238,3
29,follow,stop-at 2.00s,0.9677,NOMINAL,20280,-1,65535,32,81991,329,-238,3
29,follow,stop-at 2.00s,1.0009,NOMINAL,20281,-1,65535,32,54539,329,-238,3
29,follow,stop-at 2.00s,1.0345,NOMINAL,20282,-1,65535,32,79421,329,-238,3
29,follow,stop-at 2.00s,1.0677,NOMINAL,20283,-1,65535,32,73204,329,-238,3
29,follow,stop-at 2.00s,1.1010,NOMINAL,20284,-1,65535,32,39796,329,-238,3
29,follow,stop-at 2.00s,1.1343,NOMINAL,20285,-1,65535,32,45424,329,-239,3
29,follow,stop-at 2.00s,1.1675,NOMINAL,20286,-1,65535,32,41355,329,-239,3
29,follow,stop-at 2.00s,1.2010,NOMINAL,20287,-1,65535,32,60792,328,-239,3
29,follow,stop-at 2.00s,1.2344,NOMINAL,20288,-1,65535,32,81058,328,-239,3
29,follow,stop-at 2.00s,1.2677,NOMINAL,20289,-1,65535,32,47766,329,-239,3
29,follow,stop-at 2.00s,1.3010,NOMINAL,20290,-1,65535,32,45437,329,-239,3
29,follow,stop-at 2.00s,1.3343,NOMINAL,20291,-1,65535,32,26247,329,-239,3
29,follow,stop-at 2.00s,1.3679,NOMINAL,20292,-1,65535,32,45677,329,-239,3
29,follow,stop-at 2.00s,1.4011,NOMINAL,20293,-1,65535,32,86005,329,-239,3
29,follow,stop-at 2.00s,1.4341,NOMINAL,20294,-1,65535,32,40059,329,-238,3
29,follow,stop-at 2.00s,1.4677,NOMINAL,20295,-1,65535,32,44215,328,-238,3
29,follow,stop-at 2.00s,1.5010,NOMINAL,20296,-1,65535,32,72042,329,-239,3
29,follow,stop-at 2.00s,1.5343,NOMINAL,20297,-1,65535,32,28500,329,-239,3
29,follow,stop-at 2.00s,1.5676,NOMINAL,20298,-1,65535,32,57888,329,-239,3
29,follow,stop-at 2.00s,1.6010,NOMINAL,20299,-1,65535,32,47311,329,-239,3
29,follow,stop-at 2.00s,1.6342,NOMINAL,20300,-1,65535,32,41425,329,-239,3
29,follow,stop-at 2.00s,1.6677,NOMINAL,20301,-1,65535,32,41547,329,-239,3
29,follow,stop-at 2.00s,1.7009,NOMINAL,20302,-1,65535,32,44100,329,-239,3
29,follow,stop-at 2.00s,1.7342,NOMINAL,20303,-1,65535,32,34571,329,-238,3
29,follow,stop-at 2.00s,1.7677,NOMINAL,20304,-1,65535,32,39240,328,-238,3
29,follow,stop-at 2.00s,1.8009,NOMINAL,20305,-1,65535,32,59874,328,-238,3
29,follow,stop-at 2.00s,1.8342,NOMINAL,20306,-1,65535,32,55559,329,-238,3
29,follow,stop-at 2.00s,1.8674,NOMINAL,20307,-1,65535,32,24694,328,-239,3
29,follow,stop-at 2.00s,1.9012,NOMINAL,20308,-1,65535,32,26212,329,-239,3
29,follow,stop-at 2.00s,1.9347,NOMINAL,20309,-1,65535,32,77547,329,-238,3
29,follow,stop-at 2.00s,1.9677,NOMINAL,20310,-1,65535,32,41240,328,-239,3
29,follow,stop-at 2.00s,2.0779,FAILSAFE,20310,-1,65535,33,0,329,-239,3
29,follow,stop-at 2.00s,2.1784,FAILSAFE,20310,-1,65535,33,0,329,-238,3
29,follow,stop-at 2.00s,2.2789,FAILSAFE,20310,-1,65535,33,0,329,-239,3
29,follow,stop-at 2.00s,2.3794,FAILSAFE,20310,-1,65535,33,0,329,-239,3
29,follow,stop-at 2.00s,2.4800,FAILSAFE,20310,-1,65535,33,0,329,-238,3
29,follow,stop-at 2.00s,2.5804,FAILSAFE,20310,-1,65535,33,0,329,-239,3
30,follow,stop-at 2.00s,-0.9990,FAILSAFE,20311,-1,65535,32,36926,329,-239,3
30,follow,stop-at 2.00s,-0.9656,FAILSAFE,20312,-1,65535,32,58631,328,-238,3
30,follow,stop-at 2.00s,-0.9323,FAILSAFE,20313,-1,65535,32,61479,328,-238,3
30,follow,stop-at 2.00s,-0.9124,FAILSAFE,20313,-1,65535,32,0,328,-238,3
30,follow,stop-at 2.00s,-0.8990,FAILSAFE,20314,-1,65535,32,32448,328,-238,3
30,follow,stop-at 2.00s,-0.8656,FAILSAFE,20315,-1,65535,32,39002,329,-238,3
30,follow,stop-at 2.00s,-0.8324,FAILSAFE,20316,-1,65535,32,54900,329,-238,3
30,follow,stop-at 2.00s,-0.8125,FAILSAFE,20316,-1,65535,32,0,329,-238,3
30,follow,stop-at 2.00s,-0.7992,FAILSAFE,20317,-1,65535,32,35043,329,-238,3
30,follow,stop-at 2.00s,-0.7658,FAILSAFE,20318,-1,65535,32,107473,329,-238,3
30,follow,stop-at 2.00s,-0.7323,FAILSAFE,20319,-1,65535,32,64143,329,-239,3
30,follow,stop-at 2.00s,-0.7120,FAILSAFE,20319,-1,65535,32,0,329,-239,3
30,follow,stop-at 2.00s,-0.6985,NOMINAL,20320,-1,65535,32,95383,329,-239,3
30,follow,stop-at 2.00s,-0.6655,NOMINAL,20321,-1,65535,32,80166,329,-239,3
30,follow,stop-at 2.00s,-0.6322,NOMINAL,20322,-1,65535,32,44609,329,-238,3
30,follow,stop-at 2.00s,-0.5989,NOMINAL,20323,-1,65535,32,27844,328,-238,3
30,follow,stop-at 2.00s,-0.5657,NOMINAL,20324,-1,65535,32,26605,328,-238,3
30,follow,stop-at 2.00s,-0.5325,NOMINAL,20325,-1,65535,32,40071,329,-238,3
30,follow,stop-at 2.00s,-0.4991,NOMINAL,20326,-1,65535,32,39326,328,-239,3
30,follow,stop-at 2.00s,-0.4658,NOMINAL,20327,-1,65535,32,44604,329,-239,3
30,follow,stop-at 2.00s,-0.4324,NOMINAL,20328,-1,65535,32,44528,329,-240,3
30,follow,stop-at 2.00s,-0.3993,NOMINAL,20329,-1,65535,32,38117,329,-239,3
30,follow,stop-at 2.00s,-0.3658,NOMINAL,20330,-1,65535,32,42641,329,-239,3
30,follow,stop-at 2.00s,-0.3326,NOMINAL,20331,-1,65535,32,42104,329,-239,3
30,follow,stop-at 2.00s,-0.2990,NOMINAL,20332,-1,65535,32,99593,329,-238,3
30,follow,stop-at 2.00s,-0.2658,NOMINAL,20333,-1,65535,32,63314,329,-239,3
30,follow,stop-at 2.00s,-0.2322,NOMINAL,20334,-1,65535,32,40987,329,-239,3
30,follow,stop-at 2.00s,-0.1991,NOMINAL,20335,-1,65535,32,39409,329,-239,3
30,follow,stop-at 2.00s,-0.1656,NOMINAL,20336,-1,65535,32,68270,329,-239,3
30,follow,stop-at 2.00s,-0.1324,NOMINAL,20337,-1,65535,32,59314,329,-239,3
30,follow,stop-at 2.00s,-0.0991,NOMINAL,20338,-1,65535,32,41212,328,-239,3
30,follow,stop-at 2.00s,-0.0657,NOMINAL,20339,-1,65535,32,43242,328,-239,3
30,follow,stop-at 2.00s,-0.0324,NOMINAL,20340,-1,65535,32,80966,328,-239,3
30,follow,stop-at 2.00s,0.0009,NOMINAL,20341,-1,65535,32,45872,328,-239,3
30,follow,stop-at 2.00s,0.0343,NOMINAL,20342,-1,65535,32,48697,329,-239,3
30,follow,stop-at 2.00s,0.0674,NOMINAL,20343,-1,65535,32,58462,328,-239,3
30,follow,stop-at 2.00s,0.1009,NOMINAL,20344,-1,65535,32,59829,328,-238,3
30,follow,stop-at 2.00s,0.1343,NOMINAL,20345,-1,65535,32,54914,328,-238,3
30,follow,stop-at 2.00s,0.1676,NOMINAL,20346,-1,65535,32,37974,329,-238,3
30,follow,stop-at 2.00s,0.2008,NOMINAL,20347,-1,65535,32,61209,328,-239,3
30,follow,stop-at 2.00s,0.2342,NOMINAL,20348,-1,65535,32,42096,329,-239,3
30,follow,stop-at 2.00s,0.2676,NOMINAL,20349,-1,65535,32,51571,329,-239,3
30,follow,stop-at 2.00s,0.3009,NOMINAL,20350,-1,65535,32,20575,329,-238,3
30,follow,stop-at 2.00s,0.3348,NOMINAL,20351,-1,65535,32,105160,328,-239,3
30,follow,stop-at 2.00s,0.3678,NOMINAL,20352,-1,65535,32,46921,328,-238,3
30,follow,stop-at 2.00s,0.4008,NOMINAL,20353,-1,65535,32,26919,328,-239,3
30,follow,stop-at 2.00s,0.4343,NOMINAL,20354,-1,65535,32,78493,328,-238,3
30,follow,stop-at 2.00s,0.4675,NOMINAL,20355,-1,65535,32,47500,328,-239,3
30,follow,stop-at 2.00s,0.5012,NOMINAL,20356,-1,65535,32,84958,328,-239,3
30,follow,stop-at 2.00s,0.5344,NOMINAL,20357,-1,65535,32,45331,328,-239,3
30,follow,stop-at 2.00s,0.5676,NOMINAL,20358,-1,65535,32,39842,329,-239,3
30,follow,stop-at 2.00s,0.6010,NOMINAL,20359,-1,65535,32,54966,328,-238,3
30,follow,stop-at 2.00s,0.6344,NOMINAL,20360,-1,65535,32,41071,329,-238,3
30,follow,stop-at 2.00s,0.6675,NOMINAL,20361,-1,65535,32,58497,329,-239,3
30,follow,stop-at 2.00s,0.7009,NOMINAL,20362,-1,65535,32,29142,329,-239,3
30,follow,stop-at 2.00s,0.7343,NOMINAL,20363,-1,65535,32,43831,329,-239,3
30,follow,stop-at 2.00s,0.7677,NOMINAL,20364,-1,65535,32,40745,329,-239,3
30,follow,stop-at 2.00s,0.8008,NOMINAL,20365,-1,65535,32,22880,329,-239,3
30,follow,stop-at 2.00s,0.8343,NOMINAL,20366,-1,65535,32,46483,329,-239,3
30,follow,stop-at 2.00s,0.8676,NOMINAL,20367,-1,65535,32,17883,329,-239,3
30,follow,stop-at 2.00s,0.9008,NOMINAL,20368,-1,65535,32,37046,329,-239,3
30,follow,stop-at 2.00s,0.9344,NOMINAL,20369,-1,65535,32,57578,329,-239,3
30,follow,stop-at 2.00s,0.9675,NOMINAL,20370,-1,65535,32,56587,329,-238,3
30,follow,stop-at 2.00s,1.0010,NOMINAL,20371,-1,65535,32,84155,328,-238,3
30,follow,stop-at 2.00s,1.0343,NOMINAL,20372,-1,65535,32,24712,329,-239,3
30,follow,stop-at 2.00s,1.0677,NOMINAL,20373,-1,65535,32,67968,329,-239,3
30,follow,stop-at 2.00s,1.1009,NOMINAL,20374,-1,65535,32,57645,329,-239,3
30,follow,stop-at 2.00s,1.1344,NOMINAL,20375,-1,65535,32,30774,329,-239,3
30,follow,stop-at 2.00s,1.1674,NOMINAL,20376,-1,65535,32,40136,328,-239,3
30,follow,stop-at 2.00s,1.2008,NOMINAL,20377,-1,65535,32,40743,328,-239,3
30,follow,stop-at 2.00s,1.2343,NOMINAL,20378,-1,65535,32,58914,328,-239,3
30,follow,stop-at 2.00s,1.2675,NOMINAL,20379,-1,65535,32,56255,328,-239,3
30,follow,stop-at 2.00s,1.3010,NOMINAL,20380,-1,65535,32,70697,329,-238,3
30,follow,stop-at 2.00s,1.3345,NOMINAL,20381,-1,65535,32,43538,329,-239,3
30,follow,stop-at 2.00s,1.3677,NOMINAL,20382,-1,65535,32,19025,329,-239,3
30,follow,stop-at 2.00s,1.4009,NOMINAL,20383,-1,65535,32,69642,328,-239,3
30,follow,stop-at 2.00s,1.4343,NOMINAL,20384,-1,65535,32,68768,328,-238,3
30,follow,stop-at 2.00s,1.4676,NOMINAL,20385,-1,65535,32,69317,329,-239,3
30,follow,stop-at 2.00s,1.5010,NOMINAL,20386,-1,65535,32,68246,329,-239,3
30,follow,stop-at 2.00s,1.5343,NOMINAL,20387,-1,65535,32,59334,329,-238,3
30,follow,stop-at 2.00s,1.5677,NOMINAL,20388,-1,65535,32,41826,329,-239,3
30,follow,stop-at 2.00s,1.6010,NOMINAL,20389,-1,65535,32,61126,329,-239,3
30,follow,stop-at 2.00s,1.6344,NOMINAL,20390,-1,65535,32,47522,329,-239,3
30,follow,stop-at 2.00s,1.6677,NOMINAL,20391,-1,65535,32,47485,329,-238,3
30,follow,stop-at 2.00s,1.7010,NOMINAL,20392,-1,65535,32,37638,328,-238,3
30,follow,stop-at 2.00s,1.7345,NOMINAL,20393,-1,65535,32,38330,328,-238,3
30,follow,stop-at 2.00s,1.7677,NOMINAL,20394,-1,65535,32,38759,328,-239,3
30,follow,stop-at 2.00s,1.8011,NOMINAL,20395,-1,65535,32,83497,329,-239,3
30,follow,stop-at 2.00s,1.8344,NOMINAL,20396,-1,65535,32,67921,329,-239,3
30,follow,stop-at 2.00s,1.8676,NOMINAL,20397,-1,65535,32,40022,329,-239,3
30,follow,stop-at 2.00s,1.9010,NOMINAL,20398,-1,65535,32,36484,329,-239,3
30,follow,stop-at 2.00s,1.9343,NOMINAL,20399,-1,65535,32,72580,329,-239,3
30,follow,stop-at 2.00s,1.9676,NOMINAL,20400,-1,65535,32,44201,329,-239,3
30,follow,stop-at 2.00s,2.0751,FAILSAFE,20400,-1,65535,33,0,329,-239,3
30,follow,stop-at 2.00s,2.1755,FAILSAFE,20400,-1,65535,33,0,329,-239,3
30,follow,stop-at 2.00s,2.2759,FAILSAFE,20400,-1,65535,33,0,330,-239,3
30,follow,stop-at 2.00s,2.3765,FAILSAFE,20400,-1,65535,33,0,330,-239,3
30,follow,stop-at 2.00s,2.4770,FAILSAFE,20400,-1,65535,33,0,330,-239,3
30,follow,stop-at 2.00s,2.5777,FAILSAFE,20400,-1,65535,33,0,329,-239,3
31,follow,stop-at 2.00s,-0.9989,FAILSAFE,20401,-1,65535,32,45087,329,-239,3
31,follow,stop-at 2.00s,-0.9655,FAILSAFE,20402,-1,65535,32,36045,329,-239,3
31,follow,stop-at 2.00s,-0.9326,FAILSAFE,20403,-1,65535,32,50013,329,-238,3
31,follow,stop-at 2.00s,-0.9124,FAILSAFE,20403,-1,65535,32,0,329,-239,3
31,follow,stop-at 2.00s,-0.8992,FAILSAFE,20404,-1,65535,32,49301,329,-238,3
31,follow,stop-at 2.00s,-0.8655,FAILSAFE,20405,-1,65535,32,78889,328,-238,3
31,follow,stop-at 2.00s,-0.8323,FAILSAFE,20406,-1,65535,32,65218,328,-238,3
31,follow,stop-at 2.00s,-0.8124,FAILSAFE,20406,-1,65535,32,0,328,-239,3
31,follow,stop-at 2.00s,-0.7993,FAILSAFE,20407,-1,65535,32,39409,328,-239,3
31,follow,stop-at 2.00s,-0.7658,FAILSAFE,20408,-1,65535,32,45788,328,-239,3
31,follow,stop-at 2.00s,-0.7322,FAILSAFE,20409,-1,65535,32,36006,329,-238,3
31,follow,stop-at 2.00s,-0.7121,FAILSAFE,20409,-1,65535,32,0,329,-239,3
31,follow,stop-at 2.00s,-0.6985,NOMINAL,20410,-1,65535,32,98476,329,-239,3
31,follow,stop-at 2.00s,-0.6658,NOMINAL,20411,-1,65535,32,48446,329,-238,3
31,follow,stop-at 2.00s,-0.6323,NOMINAL,20412,-1,65535,32,63759,329,-239,3
31,follow,stop-at 2.00s,-0.5992,NOMINAL,20413,-1,65535,32,59350,329,-239,3
31,follow,stop-at 2.00s,-0.5656,NOMINAL,20414,-1,65535,32,28438,329,-238,3
31,follow,stop-at 2.00s,-0.5323,NOMINAL,20415,-1,65535,32,48250,329,-238,3
31,follow,stop-at 2.00s,-0.4992,NOMINAL,20416,-1,65535,32,50006,329,-238,3
31,follow,stop-at 2.00s,-0.4658,NOMINAL,20417,-1,65535,32,59938,329,-238,3
31,follow,stop-at 2.00s,-0.4323,NOMINAL,20418,-1,65535,32,41530,329,-238,3
31,follow,stop-at 2.00s,-0.3990,NOMINAL,20419,-1,65535,32,38666,328,-238,3
31,follow,stop-at 2.00s,-0.3658,NOMINAL,20420,-1,65535,32,23926,328,-239,3
31,follow,stop-at 2.00s,-0.3325,NOMINAL,20421,-1,65535,32,20866,329,-239,3
31,follow,stop-at 2.00s,-0.2991,NOMINAL,20422,-1,65535,32,41525,328,-239,3
31,follow,stop-at 2.00s,-0.2660,NOMINAL,20423,-1,65535,32,58811,329,-240,3
31,follow,stop-at 2.00s,-0.2326,NOMINAL,20424,-1,65535,32,39564,328,-239,3
31,follow,stop-at 2.00s,-0.1991,NOMINAL,20425,-1,65535,32,58038,329,-238,3
31,follow,stop-at 2.00s,-0.1658,NOMINAL,20426,-1,65535,32,39596,329,-239,3
31,follow,stop-at 2.00s,-0.1325,NOMINAL,20427,-1,65535,32,40075,328,-239,3
31,follow,stop-at 2.00s,-0.0991,NOMINAL,20428,-1,65535,32,39708,329,-239,3
31,follow,stop-at 2.00s,-0.0656,NOMINAL,20429,-1,65535,32,45637,329,-239,3
31,follow,stop-at 2.00s,-0.0323,NOMINAL,20430,-1,65535,32,80547,329,-238,3
31,follow,stop-at 2.00s,0.0011,NOMINAL,20431,-1,65535,32,106339,329,-238,3
31,follow,stop-at 2.00s,0.0341,NOMINAL,20432,-1,65535,32,95594,329,-239,3
31,follow,stop-at 2.00s,0.0678,NOMINAL,20433,-1,65535,32,41363,329,-239,3
31,follow,stop-at 2.00s,0.1010,NOMINAL,20434,-1,65535,32,40229,328,-239,3
31,follow,stop-at 2.00s,0.1342,NOMINAL,20435,-1,65535,32,24924,329,-239,3
31,follow,stop-at 2.00s,0.1676,NOMINAL,20436,-1,65535,32,41438,329,-238,3
31,follow,stop-at 2.00s,0.2007,NOMINAL,20437,-1,65535,32,57756,328,-239,3
31,follow,stop-at 2.00s,0.2340,NOMINAL,20438,-1,65535,32,30491,328,-239,3
31,follow,stop-at 2.00s,0.2675,NOMINAL,20439,-1,65535,32,38383,328,-239,3
31,follow,stop-at 2.00s,0.3008,NOMINAL,20440,-1,65535,32,37710,329,-239,3
31,follow,stop-at 2.00s,0.3347,NOMINAL,20441,-1,65535,32,50171,329,-238,3
31,follow,stop-at 2.00s,0.3678,NOMINAL,20442,-1,65535,32,41427,329,-239,3
31,follow,stop-at 2.00s,0.4009,NOMINAL,20443,-1,65535,32,43159,329,-239,3
31,follow,stop-at 2.00s,0.4342,NOMINAL,20444,-1,65535,32,35876,329,-239,3
31,follow,stop-at 2.00s,0.4675,NOMINAL,20445,-1,65535,32,43146,329,-239,3
31,follow,stop-at 2.00s,0.5009,NOMINAL,20446,-1,65535,32,39414,329,-239,3
31,follow,stop-at 2.00s,0.5342,NOMINAL,20447,-1,65535,32,37746,329,-238,3
31,follow,stop-at 2.00s,0.5674,NOMINAL,20448,-1,65535,32,37637,329,-239,3
31,follow,stop-at 2.00s,0.6009,NOMINAL,20449,-1,65535,32,44970,328,-238,3
31,follow,stop-at 2.00s,0.6343,NOMINAL,20450,-1,65535,32,61717,329,-239,3
31,follow,stop-at 2.00s,0.6675,NOMINAL,20451,-1,65535,32,42339,329,-239,3
31,follow,stop-at 2.00s,0.7010,NOMINAL,20452,-1,65535,32,44776,329,-238,3
31,follow,stop-at 2.00s,0.7342,NOMINAL,20453,-1,65535,32,36397,329,-239,3
31,follow,stop-at 2.00s,0.7676,NOMINAL,20454,-1,65535,32,73780,329,-239,3
31,follow,stop-at 2.00s,0.8009,NOMINAL,20455,-1,65535,32,110806,328,-239,3
31,follow,stop-at 2.00s,0.8344,NOMINAL,20456,-1,65535,32,70729,329,-239,3
31,follow,stop-at 2.00s,0.8676,NOMINAL,20457,-1,65535,32,47380,328,-238,3
31,follow,stop-at 2.00s,0.9011,NOMINAL,20458,-1,65535,32,63702,328,-239,3
31,follow,stop-at 2.00s,0.9344,NOMINAL,20459,-1,65535,32,79077,328,-239,3
31,follow,stop-at 2.00s,0.9676,NOMINAL,20460,-1,65535,32,25754,328,-239,3
31,follow,stop-at 2.00s,1.0010,NOMINAL,20461,-1,65535,32,41238,328,-238,3
31,follow,stop-at 2.00s,1.0343,NOMINAL,20462,-1,65535,32,41221,328,-239,3
31,follow,stop-at 2.00s,1.0677,NOMINAL,20463,-1,65535,32,56755,328,-239,3
31,follow,stop-at 2.00s,1.1008,NOMINAL,20464,-1,65535,32,58092,329,-239,3
31,follow,stop-at 2.00s,1.1344,NOMINAL,20465,-1,65535,32,41495,328,-239,3
31,follow,stop-at 2.00s,1.1677,NOMINAL,20466,-1,65535,32,42083,329,-239,3
31,follow,stop-at 2.00s,1.2009,NOMINAL,20467,-1,65535,32,41398,329,-238,3
31,follow,stop-at 2.00s,1.2343,NOMINAL,20468,-1,65535,32,60569,329,-238,3
31,follow,stop-at 2.00s,1.2675,NOMINAL,20469,-1,65535,32,60489,329,-239,3
31,follow,stop-at 2.00s,1.3009,NOMINAL,20470,-1,65535,32,30659,329,-238,3
31,follow,stop-at 2.00s,1.3342,NOMINAL,20471,-1,65535,32,44722,329,-238,3
31,follow,stop-at 2.00s,1.3675,NOMINAL,20472,-1,65535,32,45271,329,-239,3
31,follow,stop-at 2.00s,1.4010,NOMINAL,20473,-1,65535,32,60279,329,-239,3
31,follow,stop-at 2.00s,1.4343,NOMINAL,20474,-1,65535,32,80694,329,-238,3
31,follow,stop-at 2.00s,1.4676,NOMINAL,20475,-1,65535,32,40494,330,-239,3
31,follow,stop-at 2.00s,1.5008,NOMINAL,20476,-1,65535,32,42212,329,-239,3
31,follow,stop-at 2.00s,1.5345,NOMINAL,20477,-1,65535,32,30980,329,-239,3
31,follow,stop-at 2.00s,1.5675,NOMINAL,20478,-1,65535,32,58015,329,-239,3
31,follow,stop-at 2.00s,1.6009,NOMINAL,20479,-1,65535,32,39829,329,-239,3
31,follow,stop-at 2.00s,1.6341,NOMINAL,20480,-1,65535,32,59556,328,-238,3
31,follow,stop-at 2.00s,1.6675,NOMINAL,20481,-1,65535,32,22074,329,-238,3
31,follow,stop-at 2.00s,1.7008,NOMINAL,20482,-1,65535,32,37913,329,-237,3
31,follow,stop-at 2.00s,1.7344,NOMINAL,20483,-1,65535,32,60647,329,-238,3
31,follow,stop-at 2.00s,1.7675,NOMINAL,20484,-1,65535,32,40505,329,-238,3
31,follow,stop-at 2.00s,1.8008,NOMINAL,20485,-1,65535,32,40951,328,-238,3
31,follow,stop-at 2.00s,1.8344,NOMINAL,20486,-1,65535,32,50985,328,-239,3
31,follow,stop-at 2.00s,1.8677,NOMINAL,20487,-1,65535,32,44448,328,-238,3
31,follow,stop-at 2.00s,1.9009,NOMINAL,20488,-1,65535,32,24043,328,-238,3
31,follow,stop-at 2.00s,1.9343,NOMINAL,20489,-1,65535,32,45981,328,-240,3
31,follow,stop-at 2.00s,1.9677,NOMINAL,20490,-1,65535,32,57754,328,-240,3
31,follow,stop-at 2.00s,2.0723,FAILSAFE,20490,-1,65535,33,0,329,-238,3
31,follow,stop-at 2.00s,2.1728,FAILSAFE,20490,-1,65535,33,0,328,-239,3
31,follow,stop-at 2.00s,2.2734,FAILSAFE,20490,-1,65535,33,0,329,-237,3
31,follow,stop-at 2.00s,2.3739,FAILSAFE,20490,-1,65535,33,0,329,-239,3
31,follow,stop-at 2.00s,2.4744,FAILSAFE,20490,-1,65535,33,0,329,-240,3
31,follow,stop-at 2.00s,2.5747,FAILSAFE,20490,-1,65535,33,0,328,-238,3
32,follow,stop-at 2.00s,-0.9989,FAILSAFE,20491,-1,65535,32,61080,329,-239,3
32,follow,stop-at 2.00s,-0.9657,FAILSAFE,20492,-1,65535,32,63496,329,-239,3
32,follow,stop-at 2.00s,-0.9323,FAILSAFE,20493,-1,65535,32,33547,329,-240,3
32,follow,stop-at 2.00s,-0.9123,FAILSAFE,20493,-1,65535,32,0,328,-240,3
32,follow,stop-at 2.00s,-0.8990,FAILSAFE,20494,-1,65535,32,81968,328,-240,3
32,follow,stop-at 2.00s,-0.8659,FAILSAFE,20495,-1,65535,32,52551,328,-239,3
32,follow,stop-at 2.00s,-0.8323,FAILSAFE,20496,-1,65535,32,34734,329,-238,3
32,follow,stop-at 2.00s,-0.8122,FAILSAFE,20496,-1,65535,32,0,329,-239,3
32,follow,stop-at 2.00s,-0.7991,FAILSAFE,20497,-1,65535,32,55417,328,-238,3
32,follow,stop-at 2.00s,-0.7658,FAILSAFE,20498,-1,65535,32,72516,329,-238,3
32,follow,stop-at 2.00s,-0.7326,FAILSAFE,20499,-1,65535,32,34112,329,-238,3
32,follow,stop-at 2.00s,-0.7121,FAILSAFE,20499,-1,65535,32,0,329,-238,3
32,follow,stop-at 2.00s,-0.6985,NOMINAL,20500,-1,65535,32,105628,329,-238,3
32,follow,stop-at 2.00s,-0.6658,NOMINAL,20501,-1,65535,32,43556,330,-238,3
32,follow,stop-at 2.00s,-0.6324,NOMINAL,20502,-1,65535,32,68435,330,-239,3
32,follow,stop-at 2.00s,-0.5990,NOMINAL,20503,-1,65535,32,44501,330,-238,3
32,follow,stop-at 2.00s,-0.5659,NOMINAL,20504,-1,65535,32,42629,330,-239,3
32,follow,stop-at 2.00s,-0.5323,NOMINAL,20505,-1,65535,32,86548,331,-239,3
32,follow,stop-at 2.00s,-0.4991,NOMINAL,20506,-1,65535,32,76106,330,-239,3
32,follow,stop-at 2.00s,-0.4658,NOMINAL,20507,-1,65535,32,61722,330,-240,3
32,follow,stop-at 2.00s,-0.4324,NOMINAL,20508,-1,65535,32,67271,330,-239,3
32,follow,stop-at 2.00s,-0.3991,NOMINAL,20509,-1,65535,32,43930,329,-239,3
32,follow,stop-at 2.00s,-0.3657,NOMINAL,20510,-1,65535,32,67424,330,-239,3
32,follow,stop-at 2.00s,-0.3322,NOMINAL,20511,-1,65535,32,82466,329,-239,3
32,follow,stop-at 2.00s,-0.2990,NOMINAL,20512,-1,65535,32,60625,329,-239,3
32,follow,stop-at 2.00s,-0.2655,NOMINAL,20513,-1,65535,32,38208,329,-239,3
32,follow,stop-at 2.00s,-0.2322,NOMINAL,20514,-1,65535,32,59142,329,-239,3
32,follow,stop-at 2.00s,-0.1988,NOMINAL,20515,-1,65535,32,63180,328,-239,3
32,follow,stop-at 2.00s,-0.1658,NOMINAL,20516,-1,65535,32,36555,329,-239,3
32,follow,stop-at 2.00s,-0.1326,NOMINAL,20517,-1,65535,32,58233,329,-238,3
32,follow,stop-at 2.00s,-0.0990,NOMINAL,20518,-1,65535,32,23741,328,-238,3
32,follow,stop-at 2.00s,-0.0659,NOMINAL,20519,-1,65535,32,38474,328,-238,3
32,follow,stop-at 2.00s,-0.0325,NOMINAL,20520,-1,65535,32,23108,328,-239,3
32,follow,stop-at 2.00s,0.0010,NOMINAL,20521,-1,65535,32,41136,328,-239,3
32,follow,stop-at 2.00s,0.0345,NOMINAL,20522,-1,65535,32,67666,328,-239,3
32,follow,stop-at 2.00s,0.0678,NOMINAL,20523,-1,65535,32,67519,328,-238,3
32,follow,stop-at 2.00s,0.1011,NOMINAL,20524,-1,65535,32,47380,329,-239,3
32,follow,stop-at 2.00s,0.1344,NOMINAL,20525,-1,65535,32,56654,329,-238,3
32,follow,stop-at 2.00s,0.1679,NOMINAL,20526,-1,65535,32,79869,329,-239,3
32,follow,stop-at 2.00s,0.2009,NOMINAL,20527,-1,65535,32,54528,329,-239,3
32,follow,stop-at 2.00s,0.2344,NOMINAL,20528,-1,65535,32,82763,329,-239,3
32,follow,stop-at 2.00s,0.2678,NOMINAL,20529,-1,65535,32,68785,329,-238,3
32,follow,stop-at 2.00s,0.3011,NOMINAL,20530,-1,65535,32,101847,328,-238,3
32,follow,stop-at 2.00s,0.3348,NOMINAL,20531,-1,65535,32,92839,329,-239,3
32,follow,stop-at 2.00s,0.3678,NOMINAL,20532,-1,65535,32,35144,329,-238,3
32,follow,stop-at 2.00s,0.4009,NOMINAL,20533,-1,65535,32,43758,329,-239,3
32,follow,stop-at 2.00s,0.4345,NOMINAL,20534,-1,65535,32,86254,329,-238,3
32,follow,stop-at 2.00s,0.4676,NOMINAL,20535,-1,65535,32,40976,328,-239,3
32,follow,stop-at 2.00s,0.5010,NOMINAL,20536,-1,65535,32,45509,329,-239,3
32,follow,stop-at 2.00s,0.5344,NOMINAL,20537,-1,65535,32,86887,328,-239,3
32,follow,stop-at 2.00s,0.5676,NOMINAL,20538,-1,65535,32,41570,328,-240,3
32,follow,stop-at 2.00s,0.6008,NOMINAL,20539,-1,65535,32,22013,328,-240,3
32,follow,stop-at 2.00s,0.6341,NOMINAL,20540,-1,65535,32,37133,329,-239,3
32,follow,stop-at 2.00s,0.6677,NOMINAL,20541,-1,65535,32,43000,329,-240,3
32,follow,stop-at 2.00s,0.7008,NOMINAL,20542,-1,65535,32,44616,329,-239,3
32,follow,stop-at 2.00s,0.7343,NOMINAL,20543,-1,65535,32,24982,328,-239,3
32,follow,stop-at 2.00s,0.7676,NOMINAL,20544,-1,65535,32,37733,329,-239,3
32,follow,stop-at 2.00s,0.8008,NOMINAL,20545,-1,65535,32,61704,328,-239,3
32,follow,stop-at 2.00s,0.8343,NOMINAL,20546,-1,65535,32,21964,328,-239,3
32,follow,stop-at 2.00s,0.8674,NOMINAL,20547,-1,65535,32,57136,328,-239,3
32,follow,stop-at 2.00s,0.9008,NOMINAL,20548,-1,65535,32,39229,329,-239,3
32,follow,stop-at 2.00s,0.9343,NOMINAL,20549,-1,65535,32,37737,328,-238,3
32,follow,stop-at 2.00s,0.9677,NOMINAL,20550,-1,65535,32,25731,329,-239,3
32,follow,stop-at 2.00s,1.0009,NOMINAL,20551,-1,65535,32,43463,329,-238,3
32,follow,stop-at 2.00s,1.0343,NOMINAL,20552,-1,65535,32,39374,328,-239,3
32,follow,stop-at 2.00s,1.0676,NOMINAL,20553,-1,65535,32,72310,329,-238,3
32,follow,stop-at 2.00s,1.1012,NOMINAL,20554,-1,65535,32,94621,329,-239,3
32,follow,stop-at 2.00s,1.1342,NOMINAL,20555,-1,65535,32,36954,329,-239,3
32,follow,stop-at 2.00s,1.1679,NOMINAL,20556,-1,65535,32,92237,329,-239,3
32,follow,stop-at 2.00s,1.2012,NOMINAL,20557,-1,65535,32,45139,328,-239,3
32,follow,stop-at 2.00s,1.2346,NOMINAL,20558,-1,65535,32,64327,328,-239,3
32,follow,stop-at 2.00s,1.2674,NOMINAL,20559,-1,65535,32,76104,328,-239,3
32,follow,stop-at 2.00s,1.3008,NOMINAL,20560,-1,65535,32,44068,328,-239,3
32,follow,stop-at 2.00s,1.3343,NOMINAL,20561,-1,65535,32,22083,329,-239,3
32,follow,stop-at 2.00s,1.3679,NOMINAL,20562,-1,65535,32,91558,329,-239,3
32,follow,stop-at 2.00s,1.4009,NOMINAL,20563,-1,65535,32,58470,330,-239,3
32,follow,stop-at 2.00s,1.4343,NOMINAL,20564,-1,65535,32,41961,330,-239,3
32,follow,stop-at 2.00s,1.4675,NOMINAL,20565,-1,65535,32,43882,329,-238,3
32,follow,stop-at 2.00s,1.5009,NOMINAL,20566,-1,65535,32,59088,329,-238,3
32,follow,stop-at 2.00s,1.5342,NOMINAL,20567,-1,65535,32,43938,329,-239,3
32,follow,stop-at 2.00s,1.5674,NOMINAL,20568,-1,65535,32,39877,329,-239,3
32,follow,stop-at 2.00s,1.6009,NOMINAL,20569,-1,65535,32,80467,329,-239,3
32,follow,stop-at 2.00s,1.6343,NOMINAL,20570,-1,65535,32,83867,329,-239,3
32,follow,stop-at 2.00s,1.6675,NOMINAL,20571,-1,65535,32,38495,329,-239,3
32,follow,stop-at 2.00s,1.7008,NOMINAL,20572,-1,65535,32,61872,329,-239,3
32,follow,stop-at 2.00s,1.7343,NOMINAL,20573,-1,65535,32,65567,329,-239,3
32,follow,stop-at 2.00s,1.7676,NOMINAL,20574,-1,65535,32,64368,329,-238,3
32,follow,stop-at 2.00s,1.8011,NOMINAL,20575,-1,65535,32,69049,328,-239,3
32,follow,stop-at 2.00s,1.8342,NOMINAL,20576,-1,65535,32,42930,329,-238,3
32,follow,stop-at 2.00s,1.8677,NOMINAL,20577,-1,65535,32,66141,329,-239,3
32,follow,stop-at 2.00s,1.9010,NOMINAL,20578,-1,65535,32,69096,329,-239,3
32,follow,stop-at 2.00s,1.9344,NOMINAL,20579,-1,65535,32,97400,329,-238,3
32,follow,stop-at 2.00s,1.9679,NOMINAL,20580,-1,65535,32,84788,329,-239,3
32,follow,stop-at 2.00s,2.0690,FAILSAFE,20580,-1,65535,33,0,329,-238,3
32,follow,stop-at 2.00s,2.1697,FAILSAFE,20580,-1,65535,33,0,330,-238,3
32,follow,stop-at 2.00s,2.2702,FAILSAFE,20580,-1,65535,33,0,328,-238,3
32,follow,stop-at 2.00s,2.3706,FAILSAFE,20580,-1,65535,33,0,329,-239,3
32,follow,stop-at 2.00s,2.4711,FAILSAFE,20580,-1,65535,33,0,329,-239,3
32,follow,stop-at 2.00s,2.5716,FAILSAFE,20580,-1,65535,33,0,329,-239,3
33,follow,stop-at 2.00s,-0.9989,FAILSAFE,20581,-1,65535,32,78310,329,-239,3
33,follow,stop-at 2.00s,-0.9657,FAILSAFE,20582,-1,65535,32,16047,329,-239,3
33,follow,stop-at 2.00s,-0.9325,FAILSAFE,20583,-1,65535,32,36622,329,-239,3
33,follow,stop-at 2.00s,-0.9124,FAILSAFE,20583,-1,65535,32,0,329,-239,3
33,follow,stop-at 2.00s,-0.8991,FAILSAFE,20584,-1,65535,32,48163,329,-239,3
33,follow,stop-at 2.00s,-0.8658,FAILSAFE,20585,-1,65535,32,33391,329,-239,3
33,follow,stop-at 2.00s,-0.8326,FAILSAFE,20586,-1,65535,32,37909,329,-239,3
33,follow,stop-at 2.00s,-0.7990,FAILSAFE,20587,-1,65535,32,65781,329,-238,3
33,follow,stop-at 2.00s,-0.7790,FAILSAFE,20587,-1,65535,32,0,329,-239,3
33,follow,stop-at 2.00s,-0.7658,FAILSAFE,20588,-1,65535,32,34638,329,-239,3
33,follow,stop-at 2.00s,-0.7321,FAILSAFE,20589,-1,65535,32,67600,329,-239,3
33,follow,stop-at 2.00s,-0.6986,NOMINAL,20590,-1,65535,32,74825,329,-239,3
33,follow,stop-at 2.00s,-0.6655,NOMINAL,20591,-1,65535,32,46588,329,-239,3
33,follow,stop-at 2.00s,-0.6324,NOMINAL,20592,-1,65535,32,44009,329,-238,3
33,follow,stop-at 2.00s,-0.5991,NOMINAL,20593,-1,65535,32,25808,329,-238,3
33,follow,stop-at 2.00s,-0.5657,NOMINAL,20594,-1,65535,32,56467,329,-239,3
33,follow,stop-at 2.00s,-0.5325,NOMINAL,20595,-1,65535,32,24480,329,-238,3
33,follow,stop-at 2.00s,-0.4990,NOMINAL,20596,-1,65535,32,79042,328,-239,3
33,follow,stop-at 2.00s,-0.4657,NOMINAL,20597,-1,65535,32,82046,328,-239,3
33,follow,stop-at 2.00s,-0.4322,NOMINAL,20598,-1,65535,32,43353,329,-239,3
33,follow,stop-at 2.00s,-0.3991,NOMINAL,20599,-1,65535,32,71687,329,-239,3
33,follow,stop-at 2.00s,-0.3657,NOMINAL,20600,-1,65535,32,39755,329,-238,3
33,follow,stop-at 2.00s,-0.3323,NOMINAL,20601,-1,65535,32,68556,328,-238,3
33,follow,stop-at 2.00s,-0.2990,NOMINAL,20602,-1,65535,32,38363,328,-238,3
33,follow,stop-at 2.00s,-0.2659,NOMINAL,20603,-1,65535,32,42182,329,-238,3
33,follow,stop-at 2.00s,-0.2325,NOMINAL,20604,-1,65535,32,71437,329,-238,3
33,follow,stop-at 2.00s,-0.1990,NOMINAL,20605,-1,65535,32,83696,329,-238,3
33,follow,stop-at 2.00s,-0.1657,NOMINAL,20606,-1,65535,32,61138,329,-239,3
33,follow,stop-at 2.00s,-0.1324,NOMINAL,20607,-1,65535,32,40663,329,-238,3
33,follow,stop-at 2.00s,-0.0991,NOMINAL,20608,-1,65535,32,40449,329,-238,3
33,follow,stop-at 2.00s,-0.0658,NOMINAL,20609,-1,65535,32,41459,328,-238,3
33,follow,stop-at 2.00s,-0.0321,NOMINAL,20610,-1,65535,32,27156,328,-238,3
33,follow,stop-at 2.00s,0.0010,NOMINAL,20611,-1,65535,32,45693,328,-238,3
33,follow,stop-at 2.00s,0.0345,NOMINAL,20612,-1,65535,32,86225,329,-239,3
33,follow,stop-at 2.00s,0.0676,NOMINAL,20613,-1,65535,32,104200,329,-238,3
33,follow,stop-at 2.00s,0.1010,NOMINAL,20614,-1,65535,32,44276,329,-239,3
33,follow,stop-at 2.00s,0.1343,NOMINAL,20615,-1,65535,32,73708,328,-238,3
33,follow,stop-at 2.00s,0.1675,NOMINAL,20616,-1,65535,32,39541,329,-239,3
33,follow,stop-at 2.00s,0.2012,NOMINAL,20617,-1,65535,32,43137,328,-239,3
33,follow,stop-at 2.00s,0.2342,NOMINAL,20618,-1,65535,32,58901,328,-238,3
33,follow,stop-at 2.00s,0.2674,NOMINAL,20619,-1,65535,32,41456,328,-239,3
33,follow,stop-at 2.00s,0.3010,NOMINAL,20620,-1,65535,32,22726,328,-238,3
33,follow,stop-at 2.00s,0.3347,NOMINAL,20621,-1,65535,32,67980,329,-238,3
33,follow,stop-at 2.00s,0.3678,NOMINAL,20622,-1,65535,32,62263,328,-238,3
33,follow,stop-at 2.00s,0.4009,NOMINAL,20623,-1,65535,32,40781,329,-238,3
33,follow,stop-at 2.00s,0.4343,NOMINAL,20624,-1,65535,32,55616,329,-238,3
33,follow,stop-at 2.00s,0.4677,NOMINAL,20625,-1,65535,32,44309,329,-239,3
33,follow,stop-at 2.00s,0.5010,NOMINAL,20626,-1,65535,32,59555,329,-239,3
33,follow,stop-at 2.00s,0.5344,NOMINAL,20627,-1,65535,32,66545,329,-239,3
33,follow,stop-at 2.00s,0.5676,NOMINAL,20628,-1,65535,32,22230,329,-239,3
33,follow,stop-at 2.00s,0.6008,NOMINAL,20629,-1,65535,32,39716,328,-239,3
33,follow,stop-at 2.00s,0.6341,NOMINAL,20630,-1,65535,32,41774,329,-239,3
33,follow,stop-at 2.00s,0.6675,NOMINAL,20631,-1,65535,32,82350,329,-239,3
33,follow,stop-at 2.00s,0.7011,NOMINAL,20632,-1,65535,32,79022,329,-239,3
33,follow,stop-at 2.00s,0.7340,NOMINAL,20633,-1,65535,32,44432,329,-239,3
33,follow,stop-at 2.00s,0.7678,NOMINAL,20634,-1,65535,32,44307,329,-239,3
33,follow,stop-at 2.00s,0.8007,NOMINAL,20635,-1,65535,32,39368,328,-239,3
33,follow,stop-at 2.00s,0.8343,NOMINAL,20636,-1,65535,32,24449,328,-239,3
33,follow,stop-at 2.00s,0.8676,NOMINAL,20637,-1,65535,32,66072,328,-239,3
33,follow,stop-at 2.00s,0.9009,NOMINAL,20638,-1,65535,32,39100,328,-239,3
33,follow,stop-at 2.00s,0.9342,NOMINAL,20639,-1,65535,32,38976,329,-239,3
33,follow,stop-at 2.00s,0.9676,NOMINAL,20640,-1,65535,32,53070,329,-239,3
33,follow,stop-at 2.00s,1.0009,NOMINAL,20641,-1,65535,32,56658,329,-239,3
33,follow,stop-at 2.00s,1.0341,NOMINAL,20642,-1,65535,32,39575,329,-239,3
33,follow,stop-at 2.00s,1.0675,NOMINAL,20643,-1,65535,32,19655,329,-239,3
33,follow,stop-at 2.00s,1.1008,NOMINAL,20644,-1,65535,32,59514,329,-239,3
33,follow,stop-at 2.00s,1.1343,NOMINAL,20645,-1,65535,32,57592,329,-239,3
33,follow,stop-at 2.00s,1.1677,NOMINAL,20646,-1,65535,32,42451,329,-238,3
33,follow,stop-at 2.00s,1.2010,NOMINAL,20647,-1,65535,32,81974,329,-239,3
33,follow,stop-at 2.00s,1.2344,NOMINAL,20648,-1,65535,32,57705,329,-239,3
33,follow,stop-at 2.00s,1.2675,NOMINAL,20649,-1,65535,32,58979,329,-239,3
33,follow,stop-at 2.00s,1.3011,NOMINAL,20650,-1,65535,32,87629,329,-238,3
33,follow,stop-at 2.00s,1.3341,NOMINAL,20651,-1,65535,32,67627,328,-238,3
33,follow,stop-at 2.00s,1.3677,NOMINAL,20652,-1,65535,32,85006,328,-238,3
33,follow,stop-at 2.00s,1.4009,NOMINAL,20653,-1,65535,32,41179,328,-239,3
33,follow,stop-at 2.00s,1.4342,NOMINAL,20654,-1,65535,32,59614,329,-239,3
33,follow,stop-at 2.00s,1.4677,NOMINAL,20655,-1,65535,32,65294,328,-239,3
33,follow,stop-at 2.00s,1.5008,NOMINAL,20656,-1,65535,32,40654,329,-239,3
33,follow,stop-at 2.00s,1.5342,NOMINAL,20657,-1,65535,32,37567,329,-239,3
33,follow,stop-at 2.00s,1.5676,NOMINAL,20658,-1,65535,32,44642,329,-239,3
33,follow,stop-at 2.00s,1.6008,NOMINAL,20659,-1,65535,32,39566,329,-239,3
33,follow,stop-at 2.00s,1.6343,NOMINAL,20660,-1,65535,32,85917,329,-239,3
33,follow,stop-at 2.00s,1.6676,NOMINAL,20661,-1,65535,32,113880,329,-239,3
33,follow,stop-at 2.00s,1.7011,NOMINAL,20662,-1,65535,32,60243,329,-238,3
33,follow,stop-at 2.00s,1.7343,NOMINAL,20663,-1,65535,32,87375,329,-238,3
33,follow,stop-at 2.00s,1.7676,NOMINAL,20664,-1,65535,32,26391,329,-239,3
33,follow,stop-at 2.00s,1.8010,NOMINAL,20665,-1,65535,32,65687,329,-239,3
33,follow,stop-at 2.00s,1.8342,NOMINAL,20666,-1,65535,32,39614,329,-239,3
33,follow,stop-at 2.00s,1.8675,NOMINAL,20667,-1,65535,32,43084,329,-239,3
33,follow,stop-at 2.00s,1.9008,NOMINAL,20668,-1,65535,32,40821,329,-239,3
33,follow,stop-at 2.00s,1.9341,NOMINAL,20669,-1,65535,32,79570,329,-239,3
33,follow,stop-at 2.00s,1.9676,NOMINAL,20670,-1,65535,32,45282,329,-239,3
33,follow,stop-at 2.00s,2.0762,FAILSAFE,20670,-1,65535,33,0,329,-239,3
33,follow,stop-at 2.00s,2.1767,FAILSAFE,20670,-1,65535,33,0,328,-238,3
33,follow,stop-at 2.00s,2.2771,FAILSAFE,20670,-1,65535,33,0,329,-238,3
33,follow,stop-at 2.00s,2.3776,FAILSAFE,20670,-1,65535,33,0,329,-239,3
33,follow,stop-at 2.00s,2.4781,FAILSAFE,20670,-1,65535,33,0,329,-239,3
33,follow,stop-at 2.00s,2.5786,FAILSAFE,20670,-1,65535,33,0,329,-239,3
34,follow,stop-at 2.00s,-0.9988,FAILSAFE,20671,-1,65535,32,73447,329,-238,3
34,follow,stop-at 2.00s,-0.9659,FAILSAFE,20672,-1,65535,32,19200,329,-239,3
34,follow,stop-at 2.00s,-0.9325,FAILSAFE,20673,-1,65535,32,16861,328,-239,3
34,follow,stop-at 2.00s,-0.9123,FAILSAFE,20673,-1,65535,32,0,328,-238,3
34,follow,stop-at 2.00s,-0.8994,FAILSAFE,20674,-1,65535,32,51605,328,-238,3
34,follow,stop-at 2.00s,-0.8659,FAILSAFE,20675,-1,65535,32,47838,328,-238,3
34,follow,stop-at 2.00s,-0.8323,FAILSAFE,20676,-1,65535,32,50217,329,-238,3
34,follow,stop-at 2.00s,-0.8121,FAILSAFE,20676,-1,65535,32,0,328,-239,3
34,follow,stop-at 2.00s,-0.7991,FAILSAFE,20677,-1,65535,32,32338,328,-239,3
34,follow,stop-at 2.00s,-0.7659,FAILSAFE,20678,-1,65535,32,50018,329,-239,3
34,follow,stop-at 2.00s,-0.7323,FAILSAFE,20679,-1,65535,32,77253,329,-239,3
34,follow,stop-at 2.00s,-0.7120,FAILSAFE,20679,-1,65535,32,0,328,-239,3
34,follow,stop-at 2.00s,-0.6983,NOMINAL,20680,-1,65535,32,104883,328,-239,3
34,follow,stop-at 2.00s,-0.6656,NOMINAL,20681,-1,65535,32,28588,328,-239,3
34,follow,stop-at 2.00s,-0.6323,NOMINAL,20682,-1,65535,32,86192,328,-239,3
34,follow,stop-at 2.00s,-0.5992,NOMINAL,20683,-1,65535,32,40037,328,-239,3
34,follow,stop-at 2.00s,-0.5658,NOMINAL,20684,-1,65535,32,56736,328,-239,3
34,follow,stop-at 2.00s,-0.5324,NOMINAL,20685,-1,65535,32,42171,328,-239,3
34,follow,stop-at 2.00s,-0.4990,NOMINAL,20686,-1,65535,32,57762,328,-239,3
34,follow,stop-at 2.00s,-0.4658,NOMINAL,20687,-1,65535,32,42421,329,-239,3
34,follow,stop-at 2.00s,-0.4322,NOMINAL,20688,-1,65535,32,85617,329,-239,3
34,follow,stop-at 2.00s,-0.3991,NOMINAL,20689,-1,65535,32,57792,329,-239,3
34,follow,stop-at 2.00s,-0.3658,NOMINAL,20690,-1,65535,32,26700,329,-239,3
34,follow,stop-at 2.00s,-0.3325,NOMINAL,20691,-1,65535,32,23704,329,-238,3
34,follow,stop-at 2.00s,-0.2990,NOMINAL,20692,-1,65535,32,86212,329,-238,3
34,follow,stop-at 2.00s,-0.2657,NOMINAL,20693,-1,65535,32,70719,329,-239,3
34,follow,stop-at 2.00s,-0.2323,NOMINAL,20694,-1,65535,32,98730,329,-239,3
34,follow,stop-at 2.00s,-0.1989,NOMINAL,20695,-1,65535,32,65428,329,-239,3
34,follow,stop-at 2.00s,-0.1658,NOMINAL,20696,-1,65535,32,40666,329,-239,3
34,follow,stop-at 2.00s,-0.1325,NOMINAL,20697,-1,65535,32,43413,329,-239,3
34,follow,stop-at 2.00s,-0.0991,NOMINAL,20698,-1,65535,32,39838,329,-239,3
34,follow,stop-at 2.00s,-0.0658,NOMINAL,20699,-1,65535,32,45879,329,-239,3
34,follow,stop-at 2.00s,-0.0324,NOMINAL,20700,-1,65535,32,86701,329,-239,3
34,follow,stop-at 2.00s,0.0008,NOMINAL,20701,-1,65535,32,59130,329,-239,3
34,follow,stop-at 2.00s,0.0342,NOMINAL,20702,-1,65535,32,28681,329,-238,3
34,follow,stop-at 2.00s,0.0677,NOMINAL,20703,-1,65535,32,43937,329,-238,3
34,follow,stop-at 2.00s,0.1010,NOMINAL,20704,-1,65535,32,70017,329,-239,3
34,follow,stop-at 2.00s,0.1344,NOMINAL,20705,-1,65535,32,31595,329,-238,3
34,follow,stop-at 2.00s,0.1676,NOMINAL,20706,-1,65535,32,43637,329,-238,3
34,follow,stop-at 2.00s,0.2011,NOMINAL,20707,-1,65535,32,41183,329,-239,3
34,follow,stop-at 2.00s,0.2345,NOMINAL,20708,-1,65535,32,61438,328,-238,3
34,follow,stop-at 2.00s,0.2677,NOMINAL,20709,-1,65535,32,37350,328,-239,3
34,follow,stop-at 2.00s,0.3010,NOMINAL,20710,-1,65535,32,71755,328,-239,3
34,follow,stop-at 2.00s,0.3347,NOMINAL,20711,-1,65535,32,49732,329,-239,3
34,follow,stop-at 2.00s,0.3677,NOMINAL,20712,-1,65535,32,103446,329,-239,3
34,follow,stop-at 2.00s,0.4010,NOMINAL,20713,-1,65535,32,43629,329,-239,3
34,follow,stop-at 2.00s,0.4344,NOMINAL,20714,-1,65535,32,42096,328,-239,3
34,follow,stop-at 2.00s,0.4676,NOMINAL,20715,-1,65535,32,67913,328,-239,3
34,follow,stop-at 2.00s,0.5011,NOMINAL,20716,-1,65535,32,42571,329,-239,3
34,follow,stop-at 2.00s,0.5343,NOMINAL,20717,-1,65535,32,18785,329,-239,3
34,follow,stop-at 2.00s,0.5679,NOMINAL,20718,-1,65535,32,83896,329,-239,3
34,follow,stop-at 2.00s,0.6010,NOMINAL,20719,-1,65535,32,74055,329,-239,3
34,follow,stop-at 2.00s,0.6344,NOMINAL,20720,-1,65535,32,66471,329,-239,3
34,follow,stop-at 2.00s,0.6677,NOMINAL,20721,-1,65535,32,22117,329,-239,3
34,follow,stop-at 2.00s,0.7010,NOMINAL,20722,-1,65535,32,66767,329,-239,3
34,follow,stop-at 2.00s,0.7343,NOMINAL,20723,-1,65535,32,59667,329,-239,3
34,follow,stop-at 2.00s,0.7679,NOMINAL,20724,-1,65535,32,83933,329,-238,3
34,follow,stop-at 2.00s,0.8011,NOMINAL,20725,-1,65535,32,38447,329,-239,3
34,follow,stop-at 2.00s,0.8342,NOMINAL,20726,-1,65535,32,81106,329,-239,3
34,follow,stop-at 2.00s,0.8677,NOMINAL,20727,-1,65535,32,42745,329,-239,3
34,follow,stop-at 2.00s,0.9011,NOMINAL,20728,-1,65535,32,59580,328,-239,3
34,follow,stop-at 2.00s,0.9344,NOMINAL,20729,-1,65535,32,59546,329,-239,3
34,follow,stop-at 2.00s,0.9678,NOMINAL,20730,-1,65535,32,60128,329,-238,3
34,follow,stop-at 2.00s,1.0011,NOMINAL,20731,-1,65535,32,51046,329,-238,3
34,follow,stop-at 2.00s,1.0343,NOMINAL,20732,-1,65535,32,46168,329,-238,3
34,follow,stop-at 2.00s,1.0678,NOMINAL,20733,-1,65535,32,56430,329,-238,3
34,follow,stop-at 2.00s,1.1008,NOMINAL,20734,-1,65535,32,41085,329,-238,3
34,follow,stop-at 2.00s,1.1342,NOMINAL,20735,-1,65535,32,26887,329,-239,3
34,follow,stop-at 2.00s,1.1676,NOMINAL,20736,-1,65535,32,55453,329,-239,3
34,follow,stop-at 2.00s,1.2011,NOMINAL,20737,-1,65535,32,64167,329,-240,3
34,follow,stop-at 2.00s,1.2345,NOMINAL,20738,-1,65535,32,41518,329,-239,3
34,follow,stop-at 2.00s,1.2677,NOMINAL,20739,-1,65535,32,63942,329,-239,3
34,follow,stop-at 2.00s,1.3011,NOMINAL,20740,-1,65535,32,24974,329,-239,3
34,follow,stop-at 2.00s,1.3343,NOMINAL,20741,-1,65535,32,67362,329,-239,3
34,follow,stop-at 2.00s,1.3676,NOMINAL,20742,-1,65535,32,68159,328,-238,3
34,follow,stop-at 2.00s,1.4010,NOMINAL,20743,-1,65535,32,42812,329,-238,3
34,follow,stop-at 2.00s,1.4342,NOMINAL,20744,-1,65535,32,43785,329,-238,3
34,follow,stop-at 2.00s,1.4677,NOMINAL,20745,-1,65535,32,40929,329,-238,3
34,follow,stop-at 2.00s,1.5012,NOMINAL,20746,-1,65535,32,84616,329,-238,3
34,follow,stop-at 2.00s,1.5342,NOMINAL,20747,-1,65535,32,43734,329,-238,3
34,follow,stop-at 2.00s,1.5677,NOMINAL,20748,-1,65535,32,43691,329,-238,3
34,follow,stop-at 2.00s,1.6010,NOMINAL,20749,-1,65535,32,56129,329,-239,3
34,follow,stop-at 2.00s,1.6345,NOMINAL,20750,-1,65535,32,81069,329,-239,3
34,follow,stop-at 2.00s,1.6675,NOMINAL,20751,-1,65535,32,58397,328,-239,3
34,follow,stop-at 2.00s,1.7010,NOMINAL,20752,-1,65535,32,65079,328,-238,3
34,follow,stop-at 2.00s,1.7343,NOMINAL,20753,-1,65535,32,61754,329,-238,3
34,follow,stop-at 2.00s,1.7678,NOMINAL,20754,-1,65535,32,41200,328,-238,3
34,follow,stop-at 2.00s,1.8011,NOMINAL,20755,-1,65535,32,43329,328,-239,3
34,follow,stop-at 2.00s,1.8342,NOMINAL,20756,-1,65535,32,77665,328,-239,3
34,follow,stop-at 2.00s,1.8678,NOMINAL,20757,-1,65535,32,38232,328,-239,3
34,follow,stop-at 2.00s,1.9009,NOMINAL,20758,-1,65535,32,56984,328,-238,3
34,follow,stop-at 2.00s,1.9343,NOMINAL,20759,-1,65535,32,79008,329,-239,3
34,follow,stop-at 2.00s,1.9675,NOMINAL,20760,-1,65535,32,40237,329,-239,3
34,follow,stop-at 2.00s,2.0735,FAILSAFE,20760,-1,65535,33,0,329,-239,3
34,follow,stop-at 2.00s,2.1739,FAILSAFE,20760,-1,65535,33,0,328,-239,3
34,follow,stop-at 2.00s,2.2744,FAILSAFE,20760,-1,65535,33,0,329,-239,3
34,follow,stop-at 2.00s,2.3749,FAILSAFE,20760,-1,65535,33,0,329,-238,3
34,follow,stop-at 2.00s,2.4754,FAILSAFE,20760,-1,65535,33,0,329,-239,3
34,follow,stop-at 2.00s,2.5759,FAILSAFE,20760,-1,65535,33,0,329,-239,3
35,follow,stop-at 2.00s,-0.9989,FAILSAFE,20761,-1,65535,32,60284,328,-239,3
35,follow,stop-at 2.00s,-0.9657,FAILSAFE,20762,-1,65535,32,30640,328,-239,3
35,follow,stop-at 2.00s,-0.9322,FAILSAFE,20763,-1,65535,32,76045,328,-239,3
35,follow,stop-at 2.00s,-0.9122,FAILSAFE,20763,-1,65535,32,0,329,-239,3
35,follow,stop-at 2.00s,-0.8993,FAILSAFE,20764,-1,65535,32,39339,329,-239,3
35,follow,stop-at 2.00s,-0.8659,FAILSAFE,20765,-1,65535,32,15586,329,-239,3
35,follow,stop-at 2.00s,-0.8322,FAILSAFE,20766,-1,65535,32,51080,329,-238,3
35,follow,stop-at 2.00s,-0.8123,FAILSAFE,20766,-1,65535,32,0,329,-238,3
35,follow,stop-at 2.00s,-0.7990,FAILSAFE,20767,-1,65535,32,33340,329,-238,3
35,follow,stop-at 2.00s,-0.7659,FAILSAFE,20768,-1,65535,32,35449,329,-239,3
35,follow,stop-at 2.00s,-0.7322,FAILSAFE,20769,-1,65535,32,78709,329,-238,3
35,follow,stop-at 2.00s,-0.7119,FAILSAFE,20769,-1,65535,32,0,329,-238,3
35,follow,stop-at 2.00s,-0.6984,NOMINAL,20770,-1,65535,32,145667,329,-238,3
35,follow,stop-at 2.00s,-0.6657,NOMINAL,20771,-1,65535,32,47960,329,-238,3
35,follow,stop-at 2.00s,-0.6324,NOMINAL,20772,-1,65535,32,62067,329,-239,3
35,follow,stop-at 2.00s,-0.5991,NOMINAL,20773,-1,65535,32,44298,329,-239,3
35,follow,stop-at 2.00s,-0.5657,NOMINAL,20774,-1,65535,32,42895,329,-239,3
35,follow,stop-at 2.00s,-0.5322,NOMINAL,20775,-1,65535,32,67428,329,-239,3
35,follow,stop-at 2.00s,-0.4991,NOMINAL,20776,-1,65535,32,59791,329,-239,3
35,follow,stop-at 2.00s,-0.4657,NOMINAL,20777,-1,65535,32,39391,329,-239,3
35,follow,stop-at 2.00s,-0.4323,NOMINAL,20778,-1,65535,32,41641,329,-239,3
35,follow,stop-at 2.00s,-0.3991,NOMINAL,20779,-1,65535,32,40657,329,-239,3
35,follow,stop-at 2.00s,-0.3657,NOMINAL,20780,-1,65535,32,42597,329,-239,3
35,follow,stop-at 2.00s,-0.3324,NOMINAL,20781,-1,65535,32,85584,329,-239,3
35,follow,stop-at 2.00s,-0.2990,NOMINAL,20782,-1,65535,32,36688,329,-239,3
35,follow,stop-at 2.00s,-0.2659,NOMINAL,20783,-1,65535,32,23800,329,-239,3
35,follow,stop-at 2.00s,-0.2325,NOMINAL,20784,-1,65535,32,59146,329,-239,3
35,follow,stop-at 2.00s,-0.1990,NOMINAL,20785,-1,65535,32,40839,329,-238,3
35,follow,stop-at 2.00s,-0.1658,NOMINAL,20786,-1,65535,32,82913,329,-238,3
35,follow,stop-at 2.00s,-0.1323,NOMINAL,20787,-1,65535,32,95622,329,-239,3
35,follow,stop-at 2.00s,-0.0993,NOMINAL,20788,-1,65535,32,58972,329,-238,3
35,follow,stop-at 2.00s,-0.0658,NOMINAL,20789,-1,65535,32,40012,329,-239,3
35,follow,stop-at 2.00s,-0.0326,NOMINAL,20790,-1,65535,32,39322,329,-239,3
35,follow,stop-at 2.00s,0.0010,NOMINAL,20791,-1,65535,32,22145,329,-239,3
35,follow,stop-at 2.00s,0.0343,NOMINAL,20792,-1,65535,32,56467,329,-238,3
35,follow,stop-at 2.00s,0.0677,NOMINAL,20793,-1,65535,32,40438,328,-239,3
35,follow,stop-at 2.00s,0.1008,NOMINAL,20794,-1,65535,32,45510,329,-238,3
35,follow,stop-at 2.00s,0.1344,NOMINAL,20795,-1,65535,32,70647,329,-238,3
35,follow,stop-at 2.00s,0.1676,NOMINAL,20796,-1,65535,32,82239,329,-238,3
35,follow,stop-at 2.00s,0.2009,NOMINAL,20797,-1,65535,32,43894,329,-238,3
35,follow,stop-at 2.00s,0.2342,NOMINAL,20798,-1,65535,32,24744,329,-238,3
35,follow,stop-at 2.00s,0.2678,NOMINAL,20799,-1,65535,32,40812,329,-238,3
35,follow,stop-at 2.00s,0.3009,NOMINAL,20800,-1,65535,32,59115,329,-238,3
35,follow,stop-at 2.00s,0.3346,NOMINAL,20801,-1,65535,32,78368,329,-239,3
35,follow,stop-at 2.00s,0.3679,NOMINAL,20802,-1,65535,32,60482,328,-238,3
35,follow,stop-at 2.00s,0.4010,NOMINAL,20803,-1,65535,32,56880,329,-238,3
35,follow,stop-at 2.00s,0.4344,NOMINAL,20804,-1,65535,32,43159,329,-239,3
35,follow,stop-at 2.00s,0.4676,NOMINAL,20805,-1,65535,32,51474,329,-238,3
35,follow,stop-at 2.00s,0.5011,NOMINAL,20806,-1,65535,32,72397,329,-239,3
35,follow,stop-at 2.00s,0.5343,NOMINAL,20807,-1,65535,32,36062,329,-239,3
35,follow,stop-at 2.00s,0.5677,NOMINAL,20808,-1,65535,32,83814,329,-239,3
35,follow,stop-at 2.00s,0.6011,NOMINAL,20809,-1,65535,32,46013,329,-239,3
35,follow,stop-at 2.00s,0.6344,NOMINAL,20810,-1,65535,32,54446,329,-239,3
35,follow,stop-at 2.00s,0.6677,NOMINAL,20811,-1,65535,32,59074,329,-238,3
35,follow,stop-at 2.00s,0.7011,NOMINAL,20812,-1,65535,32,41527,329,-238,3
35,follow,stop-at 2.00s,0.7343,NOMINAL,20813,-1,65535,32,22490,329,-238,3
35,follow,stop-at 2.00s,0.7677,NOMINAL,20814,-1,65535,32,97103,329,-239,3
35,follow,stop-at 2.00s,0.8010,NOMINAL,20815,-1,65535,32,67509,329,-239,3
35,follow,stop-at 2.00s,0.8343,NOMINAL,20816,-1,65535,32,56363,329,-239,3
35,follow,stop-at 2.00s,0.8677,NOMINAL,20817,-1,65535,32,60084,329,-239,3
35,follow,stop-at 2.00s,0.9012,NOMINAL,20818,-1,65535,32,62130,329,-239,3
35,follow,stop-at 2.00s,0.9343,NOMINAL,20819,-1,65535,32,42946,329,-239,3
35,follow,stop-at 2.00s,0.9676,NOMINAL,20820,-1,65535,32,71175,328,-239,3
35,follow,stop-at 2.00s,1.0009,NOMINAL,20821,-1,65535,32,65694,329,-239,3
35,follow,stop-at 2.00s,1.0345,NOMINAL,20822,-1,65535,32,49407,329,-239,3
35,follow,stop-at 2.00s,1.0677,NOMINAL,20823,-1,65535,32,40835,328,-239,3
35,follow,stop-at 2.00s,1.1010,NOMINAL,20824,-1,65535,32,42771,328,-239,3
35,follow,stop-at 2.00s,1.1344,NOMINAL,20825,-1,65535,32,70654,328,-239,3
35,follow,stop-at 2.00s,1.1677,NOMINAL,20826,-1,65535,32,68479,329,-239,3
35,follow,stop-at 2.00s,1.2009,NOMINAL,20827,-1,65535,32,60566,329,-239,3
35,follow,stop-at 2.00s,1.2344,NOMINAL,20828,-1,65535,32,57000,329,-238,3
35,follow,stop-at 2.00s,1.2676,NOMINAL,20829,-1,65535,32,58358,329,-239,3
35,follow,stop-at 2.00s,1.3011,NOMINAL,20830,-1,65535,32,40112,329,-239,3
35,follow,stop-at 2.00s,1.3343,NOMINAL,20831,-1,65535,32,87413,329,-239,3
35,follow,stop-at 2.00s,1.3678,NOMINAL,20832,-1,65535,32,49199,329,-239,3
35,follow,stop-at 2.00s,1.4010,NOMINAL,20833,-1,65535,32,63122,329,-239,3
35,follow,stop-at 2.00s,1.4342,NOMINAL,20834,-1,65535,32,36937,329,-238,3
35,follow,stop-at 2.00s,1.4676,NOMINAL,20835,-1,65535,32,63987,329,-238,3
35,follow,stop-at 2.00s,1.5008,NOMINAL,20836,-1,65535,32,34766,329,-239,3
35,follow,stop-at 2.00s,1.5346,NOMINAL,20837,-1,65535,32,73635,329,-239,3
35,follow,stop-at 2.00s,1.5678,NOMINAL,20838,-1,65535,32,81191,329,-239,3
35,follow,stop-at 2.00s,1.6010,NOMINAL,20839,-1,65535,32,64264,329,-239,3
35,follow,stop-at 2.00s,1.6344,NOMINAL,20840,-1,65535,32,81649,329,-239,3
35,follow,stop-at 2.00s,1.6678,NOMINAL,20841,-1,65535,32,43021,329,-238,3
35,follow,stop-at 2.00s,1.7011,NOMINAL,20842,-1,65535,32,78053,329,-239,3
35,follow,stop-at 2.00s,1.7344,NOMINAL,20843,-1,65535,32,57928,329,-238,3
35,follow,stop-at 2.00s,1.7676,NOMINAL,20844,-1,65535,32,43766,329,-238,3
35,follow,stop-at 2.00s,1.8011,NOMINAL,20845,-1,65535,32,39256,329,-239,3
35,follow,stop-at 2.00s,1.8345,NOMINAL,20846,-1,65535,32,41011,329,-239,3
35,follow,stop-at 2.00s,1.8677,NOMINAL,20847,-1,65535,32,82127,329,-239,3
35,follow,stop-at 2.00s,1.9011,NOMINAL,20848,-1,65535,32,81579,329,-239,3
35,follow,stop-at 2.00s,1.9343,NOMINAL,20849,-1,65535,32,42275,329,-239,3
35,follow,stop-at 2.00s,1.9677,NOMINAL,20850,-1,65535,32,44809,329,-239,3
35,follow,stop-at 2.00s,2.0707,FAILSAFE,20850,-1,65535,33,0,329,-239,3
35,follow,stop-at 2.00s,2.1710,FAILSAFE,20850,-1,65535,33,0,329,-239,3
35,follow,stop-at 2.00s,2.2716,FAILSAFE,20850,-1,65535,33,0,328,-239,3
35,follow,stop-at 2.00s,2.3721,FAILSAFE,20850,-1,65535,33,0,329,-239,3
35,follow,stop-at 2.00s,2.4726,FAILSAFE,20850,-1,65535,33,0,329,-240,3
35,follow,stop-at 2.00s,2.5731,FAILSAFE,20850,-1,65535,33,0,329,-239,3
36,follow,stop-at 2.00s,-0.9990,FAILSAFE,20851,-1,65535,32,42431,329,-239,3
36,follow,stop-at 2.00s,-0.9657,FAILSAFE,20852,-1,65535,32,35194,329,-239,3
36,follow,stop-at 2.00s,-0.9323,FAILSAFE,20853,-1,65535,32,80078,329,-239,3
36,follow,stop-at 2.00s,-0.9123,FAILSAFE,20853,-1,65535,32,0,329,-239,3
36,follow,stop-at 2.00s,-0.8990,FAILSAFE,20854,-1,65535,32,13642,329,-239,3
36,follow,stop-at 2.00s,-0.8657,FAILSAFE,20855,-1,65535,32,51417,329,-239,3
36,follow,stop-at 2.00s,-0.8323,FAILSAFE,20856,-1,65535,32,59694,329,-239,3
36,follow,stop-at 2.00s,-0.8124,FAILSAFE,20856,-1,65535,32,0,329,-239,3
36,follow,stop-at 2.00s,-0.7992,FAILSAFE,20857,-1,65535,32,33908,329,-238,3
36,follow,stop-at 2.00s,-0.7659,FAILSAFE,20858,-1,65535,32,43418,329,-238,3
36,follow,stop-at 2.00s,-0.7320,FAILSAFE,20859,-1,65535,32,120824,329,-239,3
36,follow,stop-at 2.00s,-0.7120,FAILSAFE,20859,-1,65535,32,0,329,-239,3
36,follow,stop-at 2.00s,-0.6985,NOMINAL,20860,-1,65535,32,101474,329,-239,3
36,follow,stop-at 2.00s,-0.6657,NOMINAL,20861,-1,65535,32,43424,329,-239,3
36,follow,stop-at 2.00s,-0.6322,NOMINAL,20862,-1,65535,32,44517,329,-239,3
36,follow,stop-at 2.00s,-0.5990,NOMINAL,20863,-1,65535,32,40154,329,-239,3
36,follow,stop-at 2.00s,-0.5659,NOMINAL,20864,-1,65535,32,42117,329,-239,3
36,follow,stop-at 2.00s,-0.5325,NOMINAL,20865,-1,65535,32,60604,329,-239,3
36,follow,stop-at 2.00s,-0.4992,NOMINAL,20866,-1,65535,32,46267,329,-239,3
36,follow,stop-at 2.00s,-0.4657,NOMINAL,20867,-1,65535,32,44887,329,-239,3
36,follow,stop-at 2.00s,-0.4323,NOMINAL,20868,-1,65535,32,34920,329,-239,3
36,follow,stop-at 2.00s,-0.3991,NOMINAL,20869,-1,65535,32,83571,329,-239,3
36,follow,stop-at 2.00s,-0.3656,NOMINAL,20870,-1,65535,32,55859,329,-239,3
36,follow,stop-at 2.00s,-0.3325,NOMINAL,20871,-1,65535,32,27302,329,-239,3
36,follow,stop-at 2.00s,-0.2990,NOMINAL,20872,-1,65535,32,82962,329,-239,3
36,follow,stop-at 2.00s,-0.2660,NOMINAL,20873,-1,65535,32,38936,329,-239,3
36,follow,stop-at 2.00s,-0.2324,NOMINAL,20874,-1,65535,32,49433,329,-239,3
36,follow,stop-at 2.00s,-0.1990,NOMINAL,20875,-1,65535,32,84836,329,-239,3
36,follow,stop-at 2.00s,-0.1658,NOMINAL,20876,-1,65535,32,40328,329,-239,3
36,follow,stop-at 2.00s,-0.1323,NOMINAL,20877,-1,65535,32,41730,329,-238,3
36,follow,stop-at 2.00s,-0.0990,NOMINAL,20878,-1,65535,32,71950,329,-239,3
36,follow,stop-at 2.00s,-0.0658,NOMINAL,20879,-1,65535,32,43955,329,-239,3
36,follow,stop-at 2.00s,-0.0322,NOMINAL,20880,-1,65535,32,42257,329,-239,3
36,follow,stop-at 2.00s,0.0010,NOMINAL,20881,-1,65535,32,58028,329,-239,3
36,follow,stop-at 2.00s,0.0342,NOMINAL,20882,-1,65535,32,60146,329,-239,3
36,follow,stop-at 2.00s,0.0677,NOMINAL,20883,-1,65535,32,79591,329,-239,3
36,follow,stop-at 2.00s,0.1011,NOMINAL,20884,-1,65535,32,67663,329,-239,3
36,follow,stop-at 2.00s,0.1344,NOMINAL,20885,-1,65535,32,86422,329,-239,3
36,follow,stop-at 2.00s,0.1678,NOMINAL,20886,-1,65535,32,57871,329,-238,3
36,follow,stop-at 2.00s,0.2010,NOMINAL,20887,-1,65535,32,67579,329,-239,3
36,follow,stop-at 2.00s,0.2344,NOMINAL,20888,-1,65535,32,43388,329,-238,3
36,follow,stop-at 2.00s,0.2677,NOMINAL,20889,-1,65535,32,42342,329,-238,3
36,follow,stop-at 2.00s,0.3010,NOMINAL,20890,-1,65535,32,41481,329,-238,3
36,follow,stop-at 2.00s,0.3346,NOMINAL,20891,-1,65535,32,102059,329,-239,3
36,follow,stop-at 2.00s,0.3676,NOMINAL,20892,-1,65535,32,27705,329,-239,3
36,follow,stop-at 2.00s,0.4011,NOMINAL,20893,-1,65535,32,61209,329,-239,3
36,follow,stop-at 2.00s,0.4343,NOMINAL,20894,-1,65535,32,55549,329,-239,3
36,follow,stop-at 2.00s,0.4678,NOMINAL,20895,-1,65535,32,84255,329,-239,3
36,follow,stop-at 2.00s,0.5011,NOMINAL,20896,-1,65535,32,80358,329,-239,3
36,follow,stop-at 2.00s,0.5343,NOMINAL,20897,-1,65535,32,81758,328,-239,3
36,follow,stop-at 2.00s,0.5678,NOMINAL,20898,-1,65535,32,50059,328,-239,3
36,follow,stop-at 2.00s,0.6011,NOMINAL,20899,-1,65535,32,82233,329,-239,3
36,follow,stop-at 2.00s,0.6346,NOMINAL,20900,-1,65535,32,67891,329,-239,3
36,follow,stop-at 2.00s,0.6676,NOMINAL,20901,-1,65535,32,44213,329,-239,3
36,follow,stop-at 2.00s,0.7010,NOMINAL,20902,-1,65535,32,69700,329,-239,3
36,follow,stop-at 2.00s,0.7341,NOMINAL,20903,-1,65535,32,42263,329,-239,3
36,follow,stop-at 2.00s,0.7675,NOMINAL,20904,-1,65535,32,53710,329,-239,3
36,follow,stop-at 2.00s,0.8009,NOMINAL,20905,-1,65535,32,68580,329,-238,3
36,follow,stop-at 2.00s,0.8344,NOMINAL,20906,-1,65535,32,40179,329,-239,3
36,follow,stop-at 2.00s,0.8677,NOMINAL,20907,-1,65535,32,42552,329,-239,3
36,follow,stop-at 2.00s,0.9010,NOMINAL,20908,-1,65535,32,43296,329,-238,3
36,follow,stop-at 2.00s,0.9343,NOMINAL,20909,-1,65535,32,40009,329,-239,3
36,follow,stop-at 2.00s,0.9678,NOMINAL,20910,-1,65535,32,40671,329,-239,3
36,follow,stop-at 2.00s,1.0010,NOMINAL,20911,-1,65535,32,23967,329,-239,3
36,follow,stop-at 2.00s,1.0344,NOMINAL,20912,-1,65535,32,41563,329,-239,3
36,follow,stop-at 2.00s,1.0677,NOMINAL,20913,-1,65535,32,87064,329,-239,3
36,follow,stop-at 2.00s,1.1009,NOMINAL,20914,-1,65535,32,39233,329,-239,3
36,follow,stop-at 2.00s,1.1342,NOMINAL,20915,-1,65535,32,43121,329,-239,3
36,follow,stop-at 2.00s,1.1677,NOMINAL,20916,-1,65535,32,65762,329,-239,3
36,follow,stop-at 2.00s,1.2009,NOMINAL,20917,-1,65535,32,55055,329,-239,3
36,follow,stop-at 2.00s,1.2344,NOMINAL,20918,-1,65535,32,66184,329,-239,3
36,follow,stop-at 2.00s,1.2676,NOMINAL,20919,-1,65535,32,69392,329,-239,3
36,follow,stop-at 2.00s,1.3007,NOMINAL,20920,-1,65535,32,25018,329,-238,3
36,follow,stop-at 2.00s,1.3343,NOMINAL,20921,-1,65535,32,56816,329,-239,3
36,follow,stop-at 2.00s,1.3678,NOMINAL,20922,-1,65535,32,80784,329,-239,3
36,follow,stop-at 2.00s,1.4009,NOMINAL,20923,-1,65535,32,83964,329,-239,3
36,follow,stop-at 2.00s,1.4341,NOMINAL,20924,-1,65535,32,58448,329,-239,3
36,follow,stop-at 2.00s,1.4677,NOMINAL,20925,-1,65535,32,29187,329,-239,3
36,follow,stop-at 2.00s,1.5008,NOMINAL,20926,-1,65535,32,39846,329,-239,3
36,follow,stop-at 2.00s,1.5341,NOMINAL,20927,-1,65535,32,42295,329,-239,3
36,follow,stop-at 2.00s,1.5678,NOMINAL,20928,-1,65535,32,58376,329,-239,3
36,follow,stop-at 2.00s,1.6010,NOMINAL,20929,-1,65535,32,58443,329,-239,3
36,follow,stop-at 2.00s,1.6344,NOMINAL,20930,-1,65535,32,85038,329,-239,3
36,follow,stop-at 2.00s,1.6676,NOMINAL,20931,-1,65535,32,83780,328,-239,3
36,follow,stop-at 2.00s,1.7009,NOMINAL,20932,-1,65535,32,38896,329,-238,3
36,follow,stop-at 2.00s,1.7343,NOMINAL,20933,-1,65535,32,37771,328,-238,3
36,follow,stop-at 2.00s,1.7677,NOMINAL,20934,-1,65535,32,39300,328,-239,3
36,follow,stop-at 2.00s,1.8009,NOMINAL,20935,-1,65535,32,37214,329,-239,3
36,follow,stop-at 2.00s,1.8343,NOMINAL,20936,-1,65535,32,37063,329,-239,3
36,follow,stop-at 2.00s,1.8674,NOMINAL,20937,-1,65535,32,77685,329,-239,3
36,follow,stop-at 2.00s,1.9009,NOMINAL,20938,-1,65535,32,26769,329,-239,3
36,follow,stop-at 2.00s,1.9342,NOMINAL,20939,-1,65535,32,42151,329,-238,3
36,follow,stop-at 2.00s,1.9678,NOMINAL,20940,-1,65535,32,70247,329,-239,3
36,follow,stop-at 2.00s,2.0778,FAILSAFE,20940,-1,65535,33,0,328,-238,3
36,follow,stop-at 2.00s,2.1785,FAILSAFE,20940,-1,65535,33,0,329,-239,3
36,follow,stop-at 2.00s,2.2788,FAILSAFE,20940,-1,65535,33,0,329,-239,3
36,follow,stop-at 2.00s,2.3793,FAILSAFE,20940,-1,65535,33,0,329,-239,3
36,follow,stop-at 2.00s,2.4800,FAILSAFE,20940,-1,65535,33,0,329,-239,3
36,follow,stop-at 2.00s,2.5806,FAILSAFE,20940,-1,65535,33,0,329,-239,3
37,follow,stop-at 2.00s,-0.9989,FAILSAFE,20941,-1,65535,32,45787,329,-239,3
37,follow,stop-at 2.00s,-0.9657,FAILSAFE,20942,-1,65535,32,36718,329,-239,3
37,follow,stop-at 2.00s,-0.9323,FAILSAFE,20943,-1,65535,32,106539,329,-239,3
37,follow,stop-at 2.00s,-0.9123,FAILSAFE,20943,-1,65535,32,0,329,-239,3
37,follow,stop-at 2.00s,-0.8993,FAILSAFE,20944,-1,65535,32,50994,329,-239,3
37,follow,stop-at 2.00s,-0.8658,FAILSAFE,20945,-1,65535,32,66107,329,-239,3
37,follow,stop-at 2.00s,-0.8324,FAILSAFE,20946,-1,65535,32,31701,329,-239,3
37,follow,stop-at 2.00s,-0.8123,FAILSAFE,20946,-1,65535,32,0,329,-239,3
37,follow,stop-at 2.00s,-0.7992,FAILSAFE,20947,-1,65535,32,90884,329,-239,3
37,follow,stop-at 2.00s,-0.7658,FAILSAFE,20948,-1,65535,32,77849,329,-239,3
37,follow,stop-at 2.00s,-0.7324,FAILSAFE,20949,-1,65535,32,62614,329,-239,3
37,follow,stop-at 2.00s,-0.7121,FAILSAFE,20949,-1,65535,32,0,329,-239,3
37,follow,stop-at 2.00s,-0.6984,NOMINAL,20950,-1,65535,32,93517,329,-239,3
37,follow,stop-at 2.00s,-0.6655,NOMINAL,20951,-1,65535,32,28649,329,-239,3
37,follow,stop-at 2.00s,-0.6324,NOMINAL,20952,-1,65535,32,58738,329,-239,3
37,follow,stop-at 2.00s,-0.5991,NOMINAL,20953,-1,65535,32,22322,329,-239,3
37,follow,stop-at 2.00s,-0.5658,NOMINAL,20954,-1,65535,32,82364,329,-239,3
37,follow,stop-at 2.00s,-0.5326,NOMINAL,20955,-1,65535,32,55289,329,-239,3
37,follow,stop-at 2.00s,-0.4992,NOMINAL,20956,-1,65535,32,42675,329,-239,3
37,follow,stop-at 2.00s,-0.4657,NOMINAL,20957,-1,65535,32,21409,329,-239,3
37,follow,stop-at 2.00s,-0.4325,NOMINAL,20958,-1,65535,32,42601,329,-240,3
37,follow,stop-at 2.00s,-0.3991,NOMINAL,20959,-1,65535,32,87430,329,-240,3
37,follow,stop-at 2.00s,-0.3659,NOMINAL,20960,-1,65535,32,40137,329,-239,3
37,follow,stop-at 2.00s,-0.3324,NOMINAL,20961,-1,65535,32,51747,329,-239,3
37,follow,stop-at 2.00s,-0.2992,NOMINAL,20962,-1,65535,32,15620,329,-239,3
37,follow,stop-at 2.00s,-0.2659,NOMINAL,20963,-1,65535,32,63689,329,-239,3
37,follow,stop-at 2.00s,-0.2324,NOMINAL,20964,-1,65535,32,79779,329,-239,3
37,follow,stop-at 2.00s,-0.1991,NOMINAL,20965,-1,65535,32,39164,329,-239,3
37,follow,stop-at 2.00s,-0.1659,NOMINAL,20966,-1,65535,32,29323,329,-239,3
37,follow,stop-at 2.00s,-0.1325,NOMINAL,20967,-1,65535,32,37759,329,-238,3
37,follow,stop-at 2.00s,-0.0992,NOMINAL,20968,-1,65535,32,60658,329,-239,3
37,follow,stop-at 2.00s,-0.0657,NOMINAL,20969,-1,65535,32,24830,329,-238,3
37,follow,stop-at 2.00s,-0.0325,NOMINAL,20970,-1,65535,32,34877,329,-238,3
37,follow,stop-at 2.00s,0.0009,NOMINAL,20971,-1,65535,32,58922,329,-238,3
37,follow,stop-at 2.00s,0.0342,NOMINAL,20972,-1,65535,32,38617,329,-238,3
37,follow,stop-at 2.00s,0.0678,NOMINAL,20973,-1,65535,32,55717,329,-238,3
37,follow,stop-at 2.00s,0.1008,NOMINAL,20974,-1,65535,32,26102,329,-238,3
37,follow,stop-at 2.00s,0.1343,NOMINAL,20975,-1,65535,32,43659,329,-238,3
37,follow,stop-at 2.00s,0.1677,NOMINAL,20976,-1,65535,32,99569,329,-238,3
37,follow,stop-at 2.00s,0.2008,NOMINAL,20977,-1,65535,32,38917,329,-238,3
37,follow,stop-at 2.00s,0.2341,NOMINAL,20978,-1,65535,32,22514,329,-239,3
37,follow,stop-at 2.00s,0.2674,NOMINAL,20979,-1,65535,32,39925,329,-239,3
37,follow,stop-at 2.00s,0.3008,NOMINAL,20980,-1,65535,32,35823,329,-238,3
37,follow,stop-at 2.00s,0.3346,NOMINAL,20981,-1,65535,32,49000,329,-239,3
37,follow,stop-at 2.00s,0.3678,NOMINAL,20982,-1,65535,32,44824,328,-239,3
37,follow,stop-at 2.00s,0.4010,NOMINAL,20983,-1,65535,32,21511,328,-239,3
37,follow,stop-at 2.00s,0.4343,NOMINAL,20984,-1,65535,32,45818,329,-239,3
37,follow,stop-at 2.00s,0.4678,NOMINAL,20985,-1,65535,32,46753,329,-239,3
37,follow,stop-at 2.00s,0.5008,NOMINAL,20986,-1,65535,32,40688,329,-239,3
37,follow,stop-at 2.00s,0.5343,NOMINAL,20987,-1,65535,32,48467,329,-240,3
37,follow,stop-at 2.00s,0.5674,NOMINAL,20988,-1,65535,32,42567,328,-239,3
37,follow,stop-at 2.00s,0.6009,NOMINAL,20989,-1,65535,32,21717,328,-239,3
37,follow,stop-at 2.00s,0.6341,NOMINAL,20990,-1,65535,32,27860,329,-240,3
37,follow,stop-at 2.00s,0.6677,NOMINAL,20991,-1,65535,32,41302,329,-239,3
37,follow,stop-at 2.00s,0.7011,NOMINAL,20992,-1,65535,32,34305,329,-239,3
37,follow,stop-at 2.00s,0.7342,NOMINAL,20993,-1,65535,32,58158,329,-239,3
37,follow,stop-at 2.00s,0.7676,NOMINAL,20994,-1,65535,32,51221,329,-239,3
37,follow,stop-at 2.00s,0.8009,NOMINAL,20995,-1,65535,32,50000,328,-239,3
37,follow,stop-at 2.00s,0.8343,NOMINAL,20996,-1,65535,32,41131,328,-238,3
37,follow,stop-at 2.00s,0.8677,NOMINAL,20997,-1,65535,32,25280,328,-238,3
37,follow,stop-at 2.00s,0.9010,NOMINAL,20998,-1,65535,32,21443,329,-238,3
37,follow,stop-at 2.00s,0.9342,NOMINAL,20999,-1,65535,32,45028,329,-238,3
37,follow,stop-at 2.00s,0.9674,NOMINAL,21000,-1,65535,32,38679,329,-239,3
37,follow,stop-at 2.00s,1.0010,NOMINAL,21001,-1,65535,32,42414,329,-239,3
37,follow,stop-at 2.00s,1.0343,NOMINAL,21002,-1,65535,32,44240,329,-239,3
37,follow,stop-at 2.00s,1.0676,NOMINAL,21003,-1,65535,32,40919,329,-239,3
37,follow,stop-at 2.00s,1.1010,NOMINAL,21004,-1,65535,32,39664,329,-239,3
37,follow,stop-at 2.00s,1.1341,NOMINAL,21005,-1,65535,32,54063,329,-239,3
37,follow,stop-at 2.00s,1.1675,NOMINAL,21006,-1,65535,32,34227,329,-239,3
37,follow,stop-at 2.00s,1.2010,NOMINAL,21007,-1,65535,32,45531,329,-239,3
37,follow,stop-at 2.00s,1.2344,NOMINAL,21008,-1,65535,32,43384,329,-239,3
37,follow,stop-at 2.00s,1.2676,NOMINAL,21009,-1,65535,32,40434,329,-238,3
37,follow,stop-at 2.00s,1.3010,NOMINAL,21010,-1,65535,32,70108,329,-238,3
37,follow,stop-at 2.00s,1.3347,NOMINAL,21011,-1,65535,32,30776,328,-239,3
37,follow,stop-at 2.00s,1.3677,NOMINAL,21012,-1,65535,32,24009,328,-239,3
37,follow,stop-at 2.00s,1.4010,NOMINAL,21013,-1,65535,32,59647,329,-239,3
37,follow,stop-at 2.00s,1.4343,NOMINAL,21014,-1,65535,32,40652,329,-239,3
37,follow,stop-at 2.00s,1.4677,NOMINAL,21015,-1,65535,32,64067,328,-239,3
37,follow,stop-at 2.00s,1.5011,NOMINAL,21016,-1,65535,32,70542,328,-239,3
37,follow,stop-at 2.00s,1.5344,NOMINAL,21017,-1,65535,32,88993,328,-239,3
37,follow,stop-at 2.00s,1.5679,NOMINAL,21018,-1,65535,32,65200,329,-239,3
37,follow,stop-at 2.00s,1.6009,NOMINAL,21019,-1,65535,32,41309,329,-239,3
37,follow,stop-at 2.00s,1.6343,NOMINAL,21020,-1,65535,32,40097,329,-239,3
37,follow,stop-at 2.00s,1.6675,NOMINAL,21021,-1,65535,32,38468,329,-239,3
37,follow,stop-at 2.00s,1.7007,NOMINAL,21022,-1,65535,32,42658,328,-238,3
37,follow,stop-at 2.00s,1.7342,NOMINAL,21023,-1,65535,32,24174,328,-238,3
37,follow,stop-at 2.00s,1.7679,NOMINAL,21024,-1,65535,32,76150,328,-238,3
37,follow,stop-at 2.00s,1.8012,NOMINAL,21025,-1,65535,32,83988,329,-238,3
37,follow,stop-at 2.00s,1.8344,NOMINAL,21026,-1,65535,32,82921,329,-239,3
37,follow,stop-at 2.00s,1.8678,NOMINAL,21027,-1,65535,32,66271,329,-239,3
37,follow,stop-at 2.00s,1.9011,NOMINAL,21028,-1,65535,32,56860,328,-239,3
37,follow,stop-at 2.00s,1.9344,NOMINAL,21029,-1,65535,32,65472,328,-239,3
37,follow,stop-at 2.00s,1.9677,NOMINAL,21030,-1,65535,32,62027,329,-239,3
37,follow,stop-at 2.00s,2.0748,FAILSAFE,21030,-1,65535,33,0,329,-239,3
37,follow,stop-at 2.00s,2.1755,FAILSAFE,21030,-1,65535,33,0,329,-238,3
37,follow,stop-at 2.00s,2.2759,FAILSAFE,21030,-1,65535,33,0,329,-238,3
37,follow,stop-at 2.00s,2.3763,FAILSAFE,21030,-1,65535,33,0,328,-238,3
37,follow,stop-at 2.00s,2.4768,FAILSAFE,21030,-1,65535,33,0,329,-239,3
37,follow,stop-at 2.00s,2.5774,FAILSAFE,21030,-1,65535,33,0,329,-239,3
38,follow,stop-at 2.00s,-0.9990,FAILSAFE,21031,-1,65535,32,101452,329,-239,3
38,follow,stop-at 2.00s,-0.9657,FAILSAFE,21032,-1,65535,32,37170,329,-239,3
38,follow,stop-at 2.00s,-0.9324,FAILSAFE,21033,-1,65535,32,53469,329,-239,3
38,follow,stop-at 2.00s,-0.9124,FAILSAFE,21033,-1,65535,32,0,329,-239,3
38,follow,stop-at 2.00s,-0.8990,FAILSAFE,21034,-1,65535,32,36462,329,-239,3
38,follow,stop-at 2.00s,-0.8658,FAILSAFE,21035,-1,65535,32,52303,329,-239,3
38,follow,stop-at 2.00s,-0.8324,FAILSAFE,21036,-1,65535,32,19161,329,-239,3
38,follow,stop-at 2.00s,-0.8124,FAILSAFE,21036,-1,65535,32,0,329,-238,3
38,follow,stop-at 2.00s,-0.7991,FAILSAFE,21037,-1,65535,32,73189,329,-239,3
38,follow,stop-at 2.00s,-0.7658,FAILSAFE,21038,-1,65535,32,40429,329,-239,3
38,follow,stop-at 2.00s,-0.7323,FAILSAFE,21039,-1,65535,32,78248,329,-239,3
38,follow,stop-at 2.00s,-0.7120,FAILSAFE,21039,-1,65535,32,0,329,-238,3
38,follow,stop-at 2.00s,-0.6983,NOMINAL,21040,-1,65535,32,206992,329,-238,3
38,follow,stop-at 2.00s,-0.6656,NOMINAL,21041,-1,65535,32,46317,329,-238,3
38,follow,stop-at 2.00s,-0.6322,NOMINAL,21042,-1,65535,32,39673,330,-238,3
38,follow,stop-at 2.00s,-0.5991,NOMINAL,21043,-1,65535,32,53583,329,-238,3
38,follow,stop-at 2.00s,-0.5659,NOMINAL,21044,-1,65535,32,61675,329,-239,3
38,follow,stop-at 2.00s,-0.5324,NOMINAL,21045,-1,65535,32,96293,329,-239,3
38,follow,stop-at 2.00s,-0.4991,NOMINAL,21046,-1,65535,32,45663,329,-239,3
38,follow,stop-at 2.00s,-0.4657,NOMINAL,21047,-1,65535,32,52551,329,-239,3
38,follow,stop-at 2.00s,-0.4323,NOMINAL,21048,-1,65535,32,42256,328,-239,3
38,follow,stop-at 2.00s,-0.3990,NOMINAL,21049,-1,65535,32,38467,328,-239,3
38,follow,stop-at 2.00s,-0.3656,NOMINAL,21050,-1,65535,32,42324,328,-238,3
38,follow,stop-at 2.00s,-0.3322,NOMINAL,21051,-1,65535,32,71113,328,-238,3
38,follow,stop-at 2.00s,-0.2990,NOMINAL,21052,-1,65535,32,57832,328,-238,3
38,follow,stop-at 2.00s,-0.2658,NOMINAL,21053,-1,65535,32,31491,328,-238,3
38,follow,stop-at 2.00s,-0.2324,NOMINAL,21054,-1,65535,32,21871,328,-238,3
38,follow,stop-at 2.00s,-0.1990,NOMINAL,21055,-1,65535,32,41025,328,-238,3
38,follow,stop-at 2.00s,-0.1658,NOMINAL,21056,-1,65535,32,37463,329,-239,3
38,follow,stop-at 2.00s,-0.1323,NOMINAL,21057,-1,65535,32,40871,328,-239,3
38,follow,stop-at 2.00s,-0.0991,NOMINAL,21058,-1,65535,32,41951,329,-239,3
38,follow,stop-at 2.00s,-0.0657,NOMINAL,21059,-1,65535,32,58825,328,-239,3
38,follow,stop-at 2.00s,-0.0324,NOMINAL,21060,-1,65535,32,59696,328,-239,3
38,follow,stop-at 2.00s,0.0011,NOMINAL,21061,-1,65535,32,56320,328,-239,3
38,follow,stop-at 2.00s,0.0343,NOMINAL,21062,-1,65535,32,58522,328,-239,3
38,follow,stop-at 2.00s,0.0678,NOMINAL,21063,-1,65535,32,62418,329,-239,3
38,follow,stop-at 2.00s,0.1010,NOMINAL,21064,-1,65535,32,82059,329,-239,3
38,follow,stop-at 2.00s,0.1342,NOMINAL,21065,-1,65535,32,26359,329,-239,3
38,follow,stop-at 2.00s,0.1678,NOMINAL,21066,-1,65535,32,40846,328,-238,3
38,follow,stop-at 2.00s,0.2010,NOMINAL,21067,-1,65535,32,40455,328,-239,3
38,follow,stop-at 2.00s,0.2344,NOMINAL,21068,-1,65535,32,40277,328,-239,3
38,follow,stop-at 2.00s,0.2679,NOMINAL,21069,-1,65535,32,59143,328,-239,3
38,follow,stop-at 2.00s,0.3009,NOMINAL,21070,-1,65535,32,43241,328,-239,3
38,follow,stop-at 2.00s,0.3348,NOMINAL,21071,-1,65535,32,80308,329,-239,3
38,follow,stop-at 2.00s,0.3678,NOMINAL,21072,-1,65535,32,62220,329,-239,3
38,follow,stop-at 2.00s,0.4010,NOMINAL,21073,-1,65535,32,44703,329,-239,3
38,follow,stop-at 2.00s,0.4342,NOMINAL,21074,-1,65535,32,39649,329,-239,3
38,follow,stop-at 2.00s,0.4675,NOMINAL,21075,-1,65535,32,40905,329,-239,3
38,follow,stop-at 2.00s,0.5011,NOMINAL,21076,-1,65535,32,55974,329,-238,3
38,follow,stop-at 2.00s,0.5343,NOMINAL,21077,-1,65535,32,58232,329,-239,3
38,follow,stop-at 2.00s,0.5676,NOMINAL,21078,-1,65535,32,40455,329,-239,3
38,follow,stop-at 2.00s,0.6008,NOMINAL,21079,-1,65535,32,44203,329,-239,3
38,follow,stop-at 2.00s,0.6344,NOMINAL,21080,-1,65535,32,84220,329,-239,3
38,follow,stop-at 2.00s,0.6676,NOMINAL,21081,-1,65535,32,56242,329,-239,3
38,follow,stop-at 2.00s,0.7009,NOMINAL,21082,-1,65535,32,34160,329,-238,3
38,follow,stop-at 2.00s,0.7342,NOMINAL,21083,-1,65535,32,59912,328,-239,3
38,follow,stop-at 2.00s,0.7677,NOMINAL,21084,-1,65535,32,57445,328,-238,3
38,follow,stop-at 2.00s,0.8010,NOMINAL,21085,-1,65535,32,80200,329,-239,3
38,follow,stop-at 2.00s,0.8343,NOMINAL,21086,-1,65535,32,60496,329,-238,3
38,follow,stop-at 2.00s,0.8676,NOMINAL,21087,-1,65535,32,37056,329,-238,3
38,follow,stop-at 2.00s,0.9010,NOMINAL,21088,-1,65535,32,70246,329,-238,3
38,follow,stop-at 2.00s,0.9344,NOMINAL,21089,-1,65535,32,65132,329,-238,3
38,follow,stop-at 2.00s,0.9678,NOMINAL,21090,-1,65535,32,55976,329,-239,3
38,follow,stop-at 2.00s,1.0010,NOMINAL,21091,-1,65535,32,43361,329,-239,3
38,follow,stop-at 2.00s,1.0344,NOMINAL,21092,-1,65535,32,84814,329,-239,3
38,follow,stop-at 2.00s,1.0677,NOMINAL,21093,-1,65535,32,21269,329,-238,3
38,follow,stop-at 2.00s,1.1010,NOMINAL,21094,-1,65535,32,65688,329,-238,3
38,follow,stop-at 2.00s,1.1344,NOMINAL,21095,-1,65535,32,44258,329,-238,3
38,follow,stop-at 2.00s,1.1677,NOMINAL,21096,-1,65535,32,82838,329,-239,3
38,follow,stop-at 2.00s,1.2009,NOMINAL,21097,-1,65535,32,72138,329,-239,3
38,follow,stop-at 2.00s,1.2343,NOMINAL,21098,-1,65535,32,41810,329,-239,3
38,follow,stop-at 2.00s,1.2676,NOMINAL,21099,-1,65535,32,39774,329,-239,3
38,follow,stop-at 2.00s,1.3009,NOMINAL,21100,-1,65535,32,38466,329,-239,3
38,follow,stop-at 2.00s,1.3343,NOMINAL,21101,-1,65535,32,40629,328,-238,3
38,follow,stop-at 2.00s,1.3677,NOMINAL,21102,-1,65535,32,40339,329,-238,3
38,follow,stop-at 2.00s,1.4010,NOMINAL,21103,-1,65535,32,41666,329,-238,3
38,follow,stop-at 2.00s,1.4343,NOMINAL,21104,-1,65535,32,60257,329,-238,3
38,follow,stop-at 2.00s,1.4677,NOMINAL,21105,-1,65535,32,44054,329,-238,3
38,follow,stop-at 2.00s,1.5009,NOMINAL,21106,-1,65535,32,37039,329,-239,3
38,follow,stop-at 2.00s,1.5343,NOMINAL,21107,-1,65535,32,80271,329,-239,3
38,follow,stop-at 2.00s,1.5678,NOMINAL,21108,-1,65535,32,55781,329,-239,3
38,follow,stop-at 2.00s,1.6011,NOMINAL,21109,-1,65535,32,40363,329,-238,3
38,follow,stop-at 2.00s,1.6342,NOMINAL,21110,-1,65535,32,40685,329,-239,3
38,follow,stop-at 2.00s,1.6678,NOMINAL,21111,-1,65535,32,21610,329,-238,3
38,follow,stop-at 2.00s,1.7008,NOMINAL,21112,-1,65535,32,45540,329,-239,3
38,follow,stop-at 2.00s,1.7344,NOMINAL,21113,-1,65535,32,46267,329,-238,3
38,follow,stop-at 2.00s,1.7675,NOMINAL,21114,-1,65535,32,40369,329,-238,3
38,follow,stop-at 2.00s,1.8011,NOMINAL,21115,-1,65535,32,39301,329,-239,3
38,follow,stop-at 2.00s,1.8344,NOMINAL,21116,-1,65535,32,44595,328,-239,3
38,follow,stop-at 2.00s,1.8675,NOMINAL,21117,-1,65535,32,56782,328,-239,3
38,follow,stop-at 2.00s,1.9012,NOMINAL,21118,-1,65535,32,48688,328,-239,3
38,follow,stop-at 2.00s,1.9343,NOMINAL,21119,-1,65535,32,42338,329,-239,3
38,follow,stop-at 2.00s,1.9676,NOMINAL,21120,-1,65535,32,42101,329,-239,3
38,follow,stop-at 2.00s,2.0717,FAILSAFE,21120,-1,65535,33,0,329,-238,3
38,follow,stop-at 2.00s,2.1722,FAILSAFE,21120,-1,65535,33,0,328,-239,3
38,follow,stop-at 2.00s,2.2726,FAILSAFE,21120,-1,65535,33,0,328,-239,3
38,follow,stop-at 2.00s,2.3731,FAILSAFE,21120,-1,65535,33,0,329,-238,3
38,follow,stop-at 2.00s,2.4737,FAILSAFE,21120,-1,65535,33,0,329,-238,3
38,follow,stop-at 2.00s,2.5742,FAILSAFE,21120,-1,65535,33,0,329,-238,3
39,follow,stop-at 2.00s,-0.9989,FAILSAFE,21121,-1,65535,32,34696,329,-239,3
39,follow,stop-at 2.00s,-0.9657,FAILSAFE,21122,-1,65535,32,49096,329,-239,3
39,follow,stop-at 2.00s,-0.9324,FAILSAFE,21123,-1,65535,32,35644,329,-239,3
39,follow,stop-at 2.00s,-0.9123,FAILSAFE,21123,-1,65535,32,0,329,-239,3
39,follow,stop-at 2.00s,-0.8992,FAILSAFE,21124,-1,65535,32,34567,329,-239,3
39,follow,stop-at 2.00s,-0.8657,FAILSAFE,21125,-1,65535,32,46454,328,-239,3
39,follow,stop-at 2.00s,-0.8324,FAILSAFE,21126,-1,65535,32,21457,329,-239,3
39,follow,stop-at 2.00s,-0.8123,FAILSAFE,21126,-1,65535,32,0,329,-239,3
39,follow,stop-at 2.00s,-0.7992,FAILSAFE,21127,-1,65535,32,50472,329,-239,3
39,follow,stop-at 2.00s,-0.7658,FAILSAFE,21128,-1,65535,32,31848,329,-239,3
39,follow,stop-at 2.00s,-0.7326,FAILSAFE,21129,-1,65535,32,37635,328,-239,3
39,follow,stop-at 2.00s,-0.7121,FAILSAFE,21129,-1,65535,32,0,328,-239,3
39,follow,stop-at 2.00s,-0.6985,NOMINAL,21130,-1,65535,32,116292,328,-239,3
39,follow,stop-at 2.00s,-0.6657,NOMINAL,21131,-1,65535,32,51739,328,-239,3
39,follow,stop-at 2.00s,-0.6322,NOMINAL,21132,-1,65535,32,106341,329,-239,3
39,follow,stop-at 2.00s,-0.5989,NOMINAL,21133,-1,65535,32,35679,329,-239,3
39,follow,stop-at 2.00s,-0.5657,NOMINAL,21134,-1,65535,32,49694,329,-239,3
39,follow,stop-at 2.00s,-0.5325,NOMINAL,21135,-1,65535,32,46514,329,-239,3
39,follow,stop-at 2.00s,-0.4991,NOMINAL,21136,-1,65535,32,92331,329,-239,3
39,follow,stop-at 2.00s,-0.4658,NOMINAL,21137,-1,65535,32,42038,329,-239,3
39,follow,stop-at 2.00s,-0.4324,NOMINAL,21138,-1,65535,32,24974,329,-239,3
39,follow,stop-at 2.00s,-0.3992,NOMINAL,21139,-1,65535,32,45454,329,-239,3
39,follow,stop-at 2.00s,-0.3657,NOMINAL,21140,-1,65535,32,22505,329,-239,3
39,follow,stop-at 2.00s,-0.3324,NOMINAL,21141,-1,65535,32,41983,328,-239,3
39,follow,stop-at 2.00s,-0.2991,NOMINAL,21142,-1,65535,32,61437,329,-239,3
39,follow,stop-at 2.00s,-0.2658,NOMINAL,21143,-1,65535,32,43575,329,-239,3
39,follow,stop-at 2.00s,-0.2325,NOMINAL,21144,-1,65535,32,55284,329,-239,3
39,follow,stop-at 2.00s,-0.1991,NOMINAL,21145,-1,65535,32,59318,329,-239,3
39,follow,stop-at 2.00s,-0.1658,NOMINAL,21146,-1,65535,32,58517,329,-239,3
39,follow,stop-at 2.00s,-0.1324,NOMINAL,21147,-1,65535,32,45114,329,-239,3
39,follow,stop-at 2.00s,-0.0988,NOMINAL,21148,-1,65535,32,67687,329,-239,3
39,follow,stop-at 2.00s,-0.0657,NOMINAL,21149,-1,65535,32,38460,329,-239,3
39,follow,stop-at 2.00s,-0.0321,NOMINAL,21150,-1,65535,32,99777,329,-239,3
39,follow,stop-at 2.00s,0.0011,NOMINAL,21151,-1,65535,32,68920,329,-239,3
39,follow,stop-at 2.00s,0.0344,NOMINAL,21152,-1,65535,32,84286,329,-239,3
39,follow,stop-at 2.00s,0.0677,NOMINAL,21153,-1,65535,32,42558,329,-239,3
39,follow,stop-at 2.00s,0.1011,NOMINAL,21154,-1,65535,32,84143,329,-239,3
39,follow,stop-at 2.00s,0.1342,NOMINAL,21155,-1,65535,32,35909,329,-239,3
39,follow,stop-at 2.00s,0.1678,NOMINAL,21156,-1,65535,32,58077,329,-239,3
39,follow,stop-at 2.00s,0.2008,NOMINAL,21157,-1,65535,32,38654,329,-239,3
39,follow,stop-at 2.00s,0.2341,NOMINAL,21158,-1,65535,32,40702,329,-239,3
39,follow,stop-at 2.00s,0.2677,NOMINAL,21159,-1,65535,32,46012,329,-238,3
39,follow,stop-at 2.00s,0.3009,NOMINAL,21160,-1,65535,32,53758,329,-238,3
39,follow,stop-at 2.00s,0.3345,NOMINAL,21161,-1,65535,32,41482,329,-238,3
39,follow,stop-at 2.00s,0.3677,NOMINAL,21162,-1,65535,32,110594,329,-238,3
39,follow,stop-at 2.00s,0.4010,NOMINAL,21163,-1,65535,32,40908,329,-238,3
39,follow,stop-at 2.00s,0.4343,NOMINAL,21164,-1,65535,32,28561,329,-238,3
39,follow,stop-at 2.00s,0.4675,NOMINAL,21165,-1,65535,32,40102,329,-239,3
39,follow,stop-at 2.00s,0.5012,NOMINAL,21166,-1,65535,32,59057,329,-239,3
39,follow,stop-at 2.00s,0.5343,NOMINAL,21167,-1,65535,32,41359,329,-238,3
39,follow,stop-at 2.00s,0.5676,NOMINAL,21168,-1,65535,32,38739,329,-238,3
39,follow,stop-at 2.00s,0.6009,NOMINAL,21169,-1,65535,32,44183,329,-239,3
39,follow,stop-at 2.00s,0.6344,NOMINAL,21170,-1,65535,32,39653,329,-238,3
39,follow,stop-at 2.00s,0.6678,NOMINAL,21171,-1,65535,32,44953,329,-238,3
39,follow,stop-at 2.00s,0.7009,NOMINAL,21172,-1,65535,32,37366,329,-238,3
39,follow,stop-at 2.00s,0.7342,NOMINAL,21173,-1,65535,32,55959,329,-238,3
39,follow,stop-at 2.00s,0.7677,NOMINAL,21174,-1,65535,32,38238,329,-239,3
39,follow,stop-at 2.00s,0.8008,NOMINAL,21175,-1,65535,32,41622,329,-239,3
39,follow,stop-at 2.00s,0.8341,NOMINAL,21176,-1,65535,32,41636,329,-239,3
39,follow,stop-at 2.00s,0.8676,NOMINAL,21177,-1,65535,32,58399,329,-238,3
39,follow,stop-at 2.00s,0.9009,NOMINAL,21178,-1,65535,32,24671,329,-238,3
39,follow,stop-at 2.00s,0.9344,NOMINAL,21179,-1,65535,32,70480,329,-238,3
39,follow,stop-at 2.00s,0.9677,NOMINAL,21180,-1,65535,32,90808,329,-238,3
39,follow,stop-at 2.00s,1.0010,NOMINAL,21181,-1,65535,32,84897,329,-239,3
39,follow,stop-at 2.00s,1.0343,NOMINAL,21182,-1,65535,32,21482,329,-238,3
39,follow,stop-at 2.00s,1.0679,NOMINAL,21183,-1,65535,32,37565,329,-238,3
39,follow,stop-at 2.00s,1.1007,NOMINAL,21184,-1,65535,32,17646,329,-238,3
39,follow,stop-at 2.00s,1.1342,NOMINAL,21185,-1,65535,32,22423,328,-238,3
39,follow,stop-at 2.00s,1.1677,NOMINAL,21186,-1,65535,32,41609,329,-238,3
39,follow,stop-at 2.00s,1.2011,NOMINAL,21187,-1,65535,32,71210,328,-239,3
39,follow,stop-at 2.00s,1.2342,NOMINAL,21188,-1,65535,32,43701,329,-239,3
39,follow,stop-at 2.00s,1.2676,NOMINAL,21189,-1,65535,32,69796,329,-239,3
39,follow,stop-at 2.00s,1.3009,NOMINAL,21190,-1,65535,32,49304,329,-239,3
39,follow,stop-at 2.00s,1.3343,NOMINAL,21191,-1,65535,32,24679,329,-239,3
39,follow,stop-at 2.00s,1.3677,NOMINAL,21192,-1,65535,32,69684,329,-239,3
39,follow,stop-at 2.00s,1.4009,NOMINAL,21193,-1,65535,32,47092,329,-239,3
39,follow,stop-at 2.00s,1.4345,NOMINAL,21194,-1,65535,32,44913,329,-238,3
39,follow,stop-at 2.00s,1.4677,NOMINAL,21195,-1,65535,32,40124,329,-239,3
39,follow,stop-at 2.00s,1.5012,NOMINAL,21196,-1,65535,32,86761,329,-239,3
39,follow,stop-at 2.00s,1.5345,NOMINAL,21197,-1,65535,32,51776,329,-239,3
39,follow,stop-at 2.00s,1.5675,NOMINAL,21198,-1,65535,32,53995,329,-239,3
39,follow,stop-at 2.00s,1.6010,NOMINAL,21199,-1,65535,32,84430,330,-239,3
39,follow,stop-at 2.00s,1.6344,NOMINAL,21200,-1,65535,32,67758,329,-239,3
39,follow,stop-at 2.00s,1.6676,NOMINAL,21201,-1,65535,32,83505,329,-239,3
39,follow,stop-at 2.00s,1.7010,NOMINAL,21202,-1,65535,32,79545,329,-239,3
39,follow,stop-at 2.00s,1.7343,NOMINAL,21203,-1,65535,32,51979,329,-238,3
39,follow,stop-at 2.00s,1.7677,NOMINAL,21204,-1,65535,32,59610,329,-239,3
39,follow,stop-at 2.00s,1.8009,NOMINAL,21205,-1,65535,32,41469,329,-239,3
39,follow,stop-at 2.00s,1.8342,NOMINAL,21206,-1,65535,32,39233,329,-239,3
39,follow,stop-at 2.00s,1.8675,NOMINAL,21207,-1,65535,32,37341,330,-238,3
39,follow,stop-at 2.00s,1.9008,NOMINAL,21208,-1,65535,32,59076,329,-238,3
39,follow,stop-at 2.00s,1.9344,NOMINAL,21209,-1,65535,32,68123,329,-238,3
39,follow,stop-at 2.00s,1.9680,NOMINAL,21210,-1,65535,32,81972,329,-238,3
39,follow,stop-at 2.00s,2.0789,FAILSAFE,21210,-1,65535,33,0,329,-239,3
39,follow,stop-at 2.00s,2.1793,FAILSAFE,21210,-1,65535,33,0,329,-239,3
39,follow,stop-at 2.00s,2.2798,FAILSAFE,21210,-1,65535,33,0,329,-239,3
39,follow,stop-at 2.00s,2.3803,FAILSAFE,21210,-1,65535,33,0,329,-239,3
39,follow,stop-at 2.00s,2.4808,FAILSAFE,21210,-1,65535,33,0,329,-239,3
39,follow,stop-at 2.00s,2.5813,FAILSAFE,21210,-1,65535,33,0,329,-238,3
40,follow,stop-at 2.00s,-0.9988,FAILSAFE,21211,-1,65535,32,60614,330,-238,3
40,follow,stop-at 2.00s,-0.9657,FAILSAFE,21212,-1,65535,32,37713,330,-239,3
40,follow,stop-at 2.00s,-0.9324,FAILSAFE,21213,-1,65535,32,22080,330,-239,3
40,follow,stop-at 2.00s,-0.9124,FAILSAFE,21213,-1,65535,32,0,330,-239,3
40,follow,stop-at 2.00s,-0.8989,FAILSAFE,21214,-1,65535,32,37543,330,-239,3
40,follow,stop-at 2.00s,-0.8660,FAILSAFE,21215,-1,65535,32,36946,329,-239,3
40,follow,stop-at 2.00s,-0.8324,FAILSAFE,21216,-1,65535,32,58958,329,-239,3
40,follow,stop-at 2.00s,-0.8122,FAILSAFE,21216,-1,65535,32,0,329,-239,3
40,follow,stop-at 2.00s,-0.7991,FAILSAFE,21217,-1,65535,32,36226,329,-239,3
40,follow,stop-at 2.00s,-0.7659,FAILSAFE,21218,-1,65535,32,35302,330,-239,3
40,follow,stop-at 2.00s,-0.7326,FAILSAFE,21219,-1,65535,32,39826,329,-239,3
40,follow,stop-at 2.00s,-0.6985,NOMINAL,21220,-1,65535,32,82842,329,-239,3
40,follow,stop-at 2.00s,-0.6655,NOMINAL,21221,-1,65535,32,42167,329,-239,3
40,follow,stop-at 2.00s,-0.6323,NOMINAL,21222,-1,65535,32,43621,329,-239,3
40,follow,stop-at 2.00s,-0.5990,NOMINAL,21223,-1,65535,32,41269,329,-239,3
40,follow,stop-at 2.00s,-0.5656,NOMINAL,21224,-1,65535,32,26189,329,-239,3
40,follow,stop-at 2.00s,-0.5323,NOMINAL,21225,-1,65535,32,45789,329,-239,3
40,follow,stop-at 2.00s,-0.4991,NOMINAL,21226,-1,65535,32,19789,329,-239,3
40,follow,stop-at 2.00s,-0.4657,NOMINAL,21227,-1,65535,32,57397,329,-239,3
40,follow,stop-at 2.00s,-0.4323,NOMINAL,21228,-1,65535,32,30002,329,-239,3
40,follow,stop-at 2.00s,-0.3992,NOMINAL,21229,-1,65535,32,37993,329,-239,3
40,follow,stop-at 2.00s,-0.3660,NOMINAL,21230,-1,65535,32,23522,329,-239,3
40,follow,stop-at 2.00s,-0.3327,NOMINAL,21231,-1,65535,32,29149,329,-239,3
40,follow,stop-at 2.00s,-0.2990,NOMINAL,21232,-1,65535,32,40230,329,-238,3
40,follow,stop-at 2.00s,-0.2658,NOMINAL,21233,-1,65535,32,39454,329,-239,3
40,follow,stop-at 2.00s,-0.2323,NOMINAL,21234,-1,65535,32,43741,329,-239,3
40,follow,stop-at 2.00s,-0.1990,NOMINAL,21235,-1,65535,32,56544,329,-239,3
40,follow,stop-at 2.00s,-0.1658,NOMINAL,21236,-1,65535,32,45161,329,-239,3
40,follow,stop-at 2.00s,-0.1325,NOMINAL,21237,-1,65535,32,32235,329,-239,3
40,follow,stop-at 2.00s,-0.0991,NOMINAL,21238,-1,65535,32,56067,328,-239,3
40,follow,stop-at 2.00s,-0.0658,NOMINAL,21239,-1,65535,32,67952,328,-239,3
40,follow,stop-at 2.00s,-0.0323,NOMINAL,21240,-1,65535,32,69393,329,-239,3
40,follow,stop-at 2.00s,0.0010,NOMINAL,21241,-1,65535,32,90860,329,-239,3
40,follow,stop-at 2.00s,0.0343,NOMINAL,21242,-1,65535,32,56889,329,-239,3
40,follow,stop-at 2.00s,0.0676,NOMINAL,21243,-1,65535,32,48924,328,-239,3
40,follow,stop-at 2.00s,0.1009,NOMINAL,21244,-1,65535,32,42950,329,-239,3
40,follow,stop-at 2.00s,0.1343,NOMINAL,21245,-1,65535,32,62034,329,-238,3
40,follow,stop-at 2.00s,0.1675,NOMINAL,21246,-1,65535,32,42127,329,-239,3
40,follow,stop-at 2.00s,0.2009,NOMINAL,21247,-1,65535,32,38950,329,-239,3
40,follow,stop-at 2.00s,0.2342,NOMINAL,21248,-1,65535,32,19503,329,-239,3
40,follow,stop-at 2.00s,0.2675,NOMINAL,21249,-1,65535,32,38842,328,-239,3
40,follow,stop-at 2.00s,0.3009,NOMINAL,21250,-1,65535,32,61872,329,-239,3
40,follow,stop-at 2.00s,0.3348,NOMINAL,21251,-1,65535,32,90050,328,-239,3
40,follow,stop-at 2.00s,0.3679,NOMINAL,21252,-1,65535,32,104803,329,-239,3
40,follow,stop-at 2.00s,0.4010,NOMINAL,21253,-1,65535,32,44388,328,-239,3
40,follow,stop-at 2.00s,0.4341,NOMINAL,21254,-1,65535,32,43314,328,-239,3
40,follow,stop-at 2.00s,0.4676,NOMINAL,21255,-1,65535,32,42016,328,-239,3
40,follow,stop-at 2.00s,0.5010,NOMINAL,21256,-1,65535,32,25700,329,-239,3
40,follow,stop-at 2.00s,0.5343,NOMINAL,21257,-1,65535,32,45191,328,-239,3
40,follow,stop-at 2.00s,0.5680,NOMINAL,21258,-1,65535,32,59162,329,-239,3
40,follow,stop-at 2.00s,0.6009,NOMINAL,21259,-1,65535,32,68758,329,-239,3
40,follow,stop-at 2.00s,0.6343,NOMINAL,21260,-1,65535,32,40307,329,-239,3
40,follow,stop-at 2.00s,0.6677,NOMINAL,21261,-1,65535,32,21504,329,-239,3
40,follow,stop-at 2.00s,0.7009,NOMINAL,21262,-1,65535,32,44174,329,-239,3
40,follow,stop-at 2.00s,0.7344,NOMINAL,21263,-1,65535,32,41284,328,-239,3
40,follow,stop-at 2.00s,0.7677,NOMINAL,21264,-1,65535,32,80505,328,-239,3
40,follow,stop-at 2.00s,0.8011,NOMINAL,21265,-1,65535,32,41450,328,-239,3
40,follow,stop-at 2.00s,0.8349,NOMINAL,21266,-1,65535,32,85830,329,-239,3
40,follow,stop-at 2.00s,0.8678,NOMINAL,21267,-1,65535,32,99550,328,-239,3
40,follow,stop-at 2.00s,0.9011,NOMINAL,21268,-1,65535,32,40800,328,-239,3
40,follow,stop-at 2.00s,0.9342,NOMINAL,21269,-1,65535,32,40192,328,-239,3
40,follow,stop-at 2.00s,0.9679,NOMINAL,21270,-1,65535,32,61352,329,-239,3
40,follow,stop-at 2.00s,1.0009,NOMINAL,21271,-1,65535,32,61437,328,-239,3
40,follow,stop-at 2.00s,1.0343,NOMINAL,21272,-1,65535,32,25928,329,-239,3
40,follow,stop-at 2.00s,1.0676,NOMINAL,21273,-1,65535,32,84299,329,-239,3
40,follow,stop-at 2.00s,1.1010,NOMINAL,21274,-1,65535,32,57623,329,-239,3
40,follow,stop-at 2.00s,1.1343,NOMINAL,21275,-1,65535,32,74111,329,-239,3
40,follow,stop-at 2.00s,1.1676,NOMINAL,21276,-1,65535,32,80415,329,-239,3
40,follow,stop-at 2.00s,1.2009,NOMINAL,21277,-1,65535,32,42333,329,-239,3
40,follow,stop-at 2.00s,1.2343,NOMINAL,21278,-1,65535,32,56941,329,-239,3
40,follow,stop-at 2.00s,1.2675,NOMINAL,21279,-1,65535,32,43705,329,-239,3
40,follow,stop-at 2.00s,1.3009,NOMINAL,21280,-1,65535,32,44458,330,-239,3
40,follow,stop-at 2.00s,1.3343,NOMINAL,21281,-1,65535,32,72186,329,-238,3
40,follow,stop-at 2.00s,1.3676,NOMINAL,21282,-1,65535,32,47868,329,-239,3
40,follow,stop-at 2.00s,1.4009,NOMINAL,21283,-1,65535,32,39911,329,-239,3
40,follow,stop-at 2.00s,1.4344,NOMINAL,21284,-1,65535,32,45848,329,-239,3
40,follow,stop-at 2.00s,1.4677,NOMINAL,21285,-1,65535,32,57106,328,-238,3
40,follow,stop-at 2.00s,1.5009,NOMINAL,21286,-1,65535,32,53491,328,-239,3
40,follow,stop-at 2.00s,1.5344,NOMINAL,21287,-1,65535,32,68140,328,-239,3
40,follow,stop-at 2.00s,1.5676,NOMINAL,21288,-1,65535,32,82035,329,-239,3
40,follow,stop-at 2.00s,1.6009,NOMINAL,21289,-1,65535,32,25231,329,-239,3
40,follow,stop-at 2.00s,1.6343,NOMINAL,21290,-1,65535,32,42989,329,-239,3
40,follow,stop-at 2.00s,1.6678,NOMINAL,21291,-1,65535,32,43636,329,-239,3
40,follow,stop-at 2.00s,1.7009,NOMINAL,21292,-1,65535,32,58003,328,-239,3
40,follow,stop-at 2.00s,1.7344,NOMINAL,21293,-1,65535,32,54580,328,-238,3
40,follow,stop-at 2.00s,1.7677,NOMINAL,21294,-1,65535,32,41494,328,-239,3
40,follow,stop-at 2.00s,1.8010,NOMINAL,21295,-1,65535,32,57323,328,-239,3
40,follow,stop-at 2.00s,1.8343,NOMINAL,21296,-1,65535,32,69761,329,-238,3
40,follow,stop-at 2.00s,1.8677,NOMINAL,21297,-1,65535,32,41004,329,-239,3
40,follow,stop-at 2.00s,1.9008,NOMINAL,21298,-1,65535,32,44678,329,-239,3
40,follow,stop-at 2.00s,1.9343,NOMINAL,21299,-1,65535,32,41552,329,-239,3
40,follow,stop-at 2.00s,1.9675,NOMINAL,21300,-1,65535,32,45135,329,-239,3
40,follow,stop-at 2.00s,2.0759,FAILSAFE,21300,-1,65535,33,0,329,-239,3
40,follow,stop-at 2.00s,2.1764,FAILSAFE,21300,-1,65535,33,0,329,-239,3
40,follow,stop-at 2.00s,2.2769,FAILSAFE,21300,-1,65535,33,0,329,-239,3
40,follow,stop-at 2.00s,2.3774,FAILSAFE,21300,-1,65535,33,0,330,-238,3
40,follow,stop-at 2.00s,2.4779,FAILSAFE,21300,-1,65535,33,0,329,-238,3
40,follow,stop-at 2.00s,2.5784,FAILSAFE,21300,-1,65535,33,0,329,-239,3
41,follow,stop-at 2.00s,-0.9989,FAILSAFE,21301,-1,65535,32,86664,329,-239,3
41,follow,stop-at 2.00s,-0.9659,FAILSAFE,21302,-1,65535,32,80847,329,-239,3
41,follow,stop-at 2.00s,-0.9324,FAILSAFE,21303,-1,65535,32,56383,329,-239,3
41,follow,stop-at 2.00s,-0.9123,FAILSAFE,21303,-1,65535,32,0,329,-239,3
41,follow,stop-at 2.00s,-0.8991,FAILSAFE,21304,-1,65535,32,53327,328,-239,3
41,follow,stop-at 2.00s,-0.8657,FAILSAFE,21305,-1,65535,32,64545,328,-239,3
41,follow,stop-at 2.00s,-0.8321,FAILSAFE,21306,-1,65535,32,33380,329,-239,3
41,follow,stop-at 2.00s,-0.8122,FAILSAFE,21306,-1,65535,32,0,329,-239,3
41,follow,stop-at 2.00s,-0.7992,FAILSAFE,21307,-1,65535,32,32767,329,-239,3
41,follow,stop-at 2.00s,-0.7660,FAILSAFE,21308,-1,65535,32,21643,329,-239,3
41,follow,stop-at 2.00s,-0.7324,FAILSAFE,21309,-1,65535,32,83209,329,-239,3
41,follow,stop-at 2.00s,-0.7121,FAILSAFE,21309,-1,65535,32,0,329,-239,3
41,follow,stop-at 2.00s,-0.6985,NOMINAL,21310,-1,65535,32,97075,329,-239,3
41,follow,stop-at 2.00s,-0.6657,NOMINAL,21311,-1,65535,32,42169,328,-238,3
41,follow,stop-at 2.00s,-0.6325,NOMINAL,21312,-1,65535,32,43753,329,-239,3
41,follow,stop-at 2.00s,-0.5991,NOMINAL,21313,-1,65535,32,42618,329,-238,3
41,follow,stop-at 2.00s,-0.5657,NOMINAL,21314,-1,65535,32,70137,328,-239,3
41,follow,stop-at 2.00s,-0.5326,NOMINAL,21315,-1,65535,32,39433,329,-239,3
41,follow,stop-at 2.00s,-0.4991,NOMINAL,21316,-1,65535,32,42554,329,-239,3
41,follow,stop-at 2.00s,-0.4657,NOMINAL,21317,-1,65535,32,58391,328,-239,3
41,follow,stop-at 2.00s,-0.4323,NOMINAL,21318,-1,65535,32,56969,329,-239,3
41,follow,stop-at 2.00s,-0.3990,NOMINAL,21319,-1,65535,32,39419,329,-239,3
41,follow,stop-at 2.00s,-0.3658,NOMINAL,21320,-1,65535,32,86193,328,-239,3
41,follow,stop-at 2.00s,-0.3323,NOMINAL,21321,-1,65535,32,48245,328,-239,3
41,follow,stop-at 2.00s,-0.2990,NOMINAL,21322,-1,65535,32,76810,329,-238,3
41,follow,stop-at 2.00s,-0.2657,NOMINAL,21323,-1,65535,32,37343,329,-238,3
41,follow,stop-at 2.00s,-0.2324,NOMINAL,21324,-1,65535,32,57517,329,-238,3
41,follow,stop-at 2.00s,-0.1991,NOMINAL,21325,-1,65535,32,62275,329,-239,3
41,follow,stop-at 2.00s,-0.1659,NOMINAL,21326,-1,65535,32,57295,329,-239,3
41,follow,stop-at 2.00s,-0.1325,NOMINAL,21327,-1,65535,32,22495,328,-238,3
41,follow,stop-at 2.00s,-0.0990,NOMINAL,21328,-1,65535,32,60385,328,-239,3
41,follow,stop-at 2.00s,-0.0655,NOMINAL,21329,-1,65535,32,72094,328,-238,3
41,follow,stop-at 2.00s,-0.0324,NOMINAL,21330,-1,65535,32,39183,329,-238,3
41,follow,stop-at 2.00s,0.0007,NOMINAL,21331,-1,65535,32,40609,329,-239,3
41,follow,stop-at 2.00s,0.0344,NOMINAL,21332,-1,65535,32,45567,328,-239,3
41,follow,stop-at 2.00s,0.0676,NOMINAL,21333,-1,65535,32,23432,328,-239,3
41,follow,stop-at 2.00s,0.1011,NOMINAL,21334,-1,65535,32,84896,329,-239,3
41,follow,stop-at 2.00s,0.1344,NOMINAL,21335,-1,65535,32,41969,329,-238,3
41,follow,stop-at 2.00s,0.1678,NOMINAL,21336,-1,65535,32,58411,329,-239,3
41,follow,stop-at 2.00s,0.2008,NOMINAL,21337,-1,65535,32,39834,328,-238,3
41,follow,stop-at 2.00s,0.2342,NOMINAL,21338,-1,65535,32,38412,329,-238,3
41,follow,stop-at 2.00s,0.2677,NOMINAL,21339,-1,65535,32,85693,329,-239,3
41,follow,stop-at 2.00s,0.3010,NOMINAL,21340,-1,65535,32,42925,329,-239,3
41,follow,stop-at 2.00s,0.3345,NOMINAL,21341,-1,65535,32,49461,329,-239,3
41,follow,stop-at 2.00s,0.3678,NOMINAL,21342,-1,65535,32,22437,328,-239,3
41,follow,stop-at 2.00s,0.4013,NOMINAL,21343,-1,65535,32,69909,328,-239,3
41,follow,stop-at 2.00s,0.4344,NOMINAL,21344,-1,65535,32,60835,329,-239,3
41,follow,stop-at 2.00s,0.4677,NOMINAL,21345,-1,65535,32,23842,329,-238,3
41,follow,stop-at 2.00s,0.5010,NOMINAL,21346,-1,65535,32,60096,329,-238,3
41,follow,stop-at 2.00s,0.5344,NOMINAL,21347,-1,65535,32,81176,328,-239,3
41,follow,stop-at 2.00s,0.5678,NOMINAL,21348,-1,65535,32,49163,329,-239,3
41,follow,stop-at 2.00s,0.6010,NOMINAL,21349,-1,65535,32,77512,329,-239,3
41,follow,stop-at 2.00s,0.6342,NOMINAL,21350,-1,65535,32,70020,330,-239,3
41,follow,stop-at 2.00s,0.6677,NOMINAL,21351,-1,65535,32,81126,329,-239,3
41,follow,stop-at 2.00s,0.7008,NOMINAL,21352,-1,65535,32,58820,330,-239,3
41,follow,stop-at 2.00s,0.7342,NOMINAL,21353,-1,65535,32,43018,329,-240,3
41,follow,stop-at 2.00s,0.7678,NOMINAL,21354,-1,65535,32,23224,329,-239,3
41,follow,stop-at 2.00s,0.8011,NOMINAL,21355,-1,65535,32,61716,329,-239,3
41,follow,stop-at 2.00s,0.8344,NOMINAL,21356,-1,65535,32,59155,329,-239,3
41,follow,stop-at 2.00s,0.8677,NOMINAL,21357,-1,65535,32,59010,329,-239,3
41,follow,stop-at 2.00s,0.9010,NOMINAL,21358,-1,65535,32,39359,329,-239,3
41,follow,stop-at 2.00s,0.9344,NOMINAL,21359,-1,65535,32,60470,329,-239,3
41,follow,stop-at 2.00s,0.9676,NOMINAL,21360,-1,65535,32,40374,329,-239,3
41,follow,stop-at 2.00s,1.0011,NOMINAL,21361,-1,65535,32,81781,329,-239,3
41,follow,stop-at 2.00s,1.0344,NOMINAL,21362,-1,65535,32,47460,328,-239,3
41,follow,stop-at 2.00s,1.0674,NOMINAL,21363,-1,65535,32,50658,328,-239,3
41,follow,stop-at 2.00s,1.1008,NOMINAL,21364,-1,65535,32,50300,329,-239,3
41,follow,stop-at 2.00s,1.1345,NOMINAL,21365,-1,65535,32,104828,329,-239,3
41,follow,stop-at 2.00s,1.1675,NOMINAL,21366,-1,65535,32,45505,329,-239,3
41,follow,stop-at 2.00s,1.2010,NOMINAL,21367,-1,65535,32,39195,329,-239,3
41,follow,stop-at 2.00s,1.2343,NOMINAL,21368,-1,65535,32,61223,329,-239,3
41,follow,stop-at 2.00s,1.2677,NOMINAL,21369,-1,65535,32,84217,329,-239,3
41,follow,stop-at 2.00s,1.3008,NOMINAL,21370,-1,65535,32,22329,329,-239,3
41,follow,stop-at 2.00s,1.3344,NOMINAL,21371,-1,65535,32,66225,329,-239,3
41,follow,stop-at 2.00s,1.3677,NOMINAL,21372,-1,65535,32,83167,329,-239,3
41,follow,stop-at 2.00s,1.4009,NOMINAL,21373,-1,65535,32,60029,329,-239,3
41,follow,stop-at 2.00s,1.4343,NOMINAL,21374,-1,65535,32,59696,329,-239,3
41,follow,stop-at 2.00s,1.4676,NOMINAL,21375,-1,65535,32,41900,329,-239,3
41,follow,stop-at 2.00s,1.5009,NOMINAL,21376,-1,65535,32,40141,329,-239,3
41,follow,stop-at 2.00s,1.5343,NOMINAL,21377,-1,65535,32,39542,329,-239,3
41,follow,stop-at 2.00s,1.5677,NOMINAL,21378,-1,65535,32,57009,329,-238,3
41,follow,stop-at 2.00s,1.6010,NOMINAL,21379,-1,65535,32,40147,329,-238,3
41,follow,stop-at 2.00s,1.6343,NOMINAL,21380,-1,65535,32,42204,329,-238,3
41,follow,stop-at 2.00s,1.6678,NOMINAL,21381,-1,65535,32,83783,329,-239,3
41,follow,stop-at 2.00s,1.7009,NOMINAL,21382,-1,65535,32,60679,329,-238,3
41,follow,stop-at 2.00s,1.7343,NOMINAL,21383,-1,65535,32,39945,329,-238,3
41,follow,stop-at 2.00s,1.7676,NOMINAL,21384,-1,65535,32,39712,329,-239,3
41,follow,stop-at 2.00s,1.8008,NOMINAL,21385,-1,65535,32,21619,329,-239,3
41,follow,stop-at 2.00s,1.8345,NOMINAL,21386,-1,65535,32,65221,329,-239,3
41,follow,stop-at 2.00s,1.8675,NOMINAL,21387,-1,65535,32,40854,329,-239,3
41,follow,stop-at 2.00s,1.9009,NOMINAL,21388,-1,65535,32,40662,329,-239,3
41,follow,stop-at 2.00s,1.9344,NOMINAL,21389,-1,65535,32,46301,329,-239,3
41,follow,stop-at 2.00s,1.9677,NOMINAL,21390,-1,65535,32,25312,329,-239,3
41,follow,stop-at 2.00s,2.0734,FAILSAFE,21390,-1,65535,33,0,329,-239,3
41,follow,stop-at 2.00s,2.1737,FAILSAFE,21390,-1,65535,33,0,329,-239,3
41,follow,stop-at 2.00s,2.2743,FAILSAFE,21390,-1,65535,33,0,328,-239,3
41,follow,stop-at 2.00s,2.3746,FAILSAFE,21390,-1,65535,33,0,329,-239,3
41,follow,stop-at 2.00s,2.4752,FAILSAFE,21390,-1,65535,33,0,329,-239,3
41,follow,stop-at 2.00s,2.5757,FAILSAFE,21390,-1,65535,33,0,329,-239,3
42,follow,stop-at 2.00s,-0.9990,FAILSAFE,21391,-1,65535,32,82948,329,-239,3
42,follow,stop-at 2.00s,-0.9656,FAILSAFE,21392,-1,65535,32,83369,328,-239,3
42,follow,stop-at 2.00s,-0.9323,FAILSAFE,21393,-1,65535,32,39488,329,-238,3
42,follow,stop-at 2.00s,-0.9122,FAILSAFE,21393,-1,65535,32,0,329,-238,3
42,follow,stop-at 2.00s,-0.8988,FAILSAFE,21394,-1,65535,32,56393,329,-239,3
42,follow,stop-at 2.00s,-0.8656,FAILSAFE,21395,-1,65535,32,49865,329,-239,3
42,follow,stop-at 2.00s,-0.8324,FAILSAFE,21396,-1,65535,32,51079,329,-239,3
42,follow,stop-at 2.00s,-0.8123,FAILSAFE,21396,-1,65535,32,0,329,-239,3
42,follow,stop-at 2.00s,-0.7991,FAILSAFE,21397,-1,65535,32,33010,329,-239,3
42,follow,stop-at 2.00s,-0.7658,FAILSAFE,21398,-1,65535,32,40045,329,-239,3
42,follow,stop-at 2.00s,-0.7323,FAILSAFE,21399,-1,65535,32,79967,329,-239,3
42,follow,stop-at 2.00s,-0.7122,FAILSAFE,21399,-1,65535,32,0,329,-239,3
42,follow,stop-at 2.00s,-0.6984,NOMINAL,21400,-1,65535,32,82729,329,-239,3
42,follow,stop-at 2.00s,-0.6656,NOMINAL,21401,-1,65535,32,74492,329,-239,3
42,follow,stop-at 2.00s,-0.6320,NOMINAL,21402,-1,65535,32,69950,329,-239,3
42,follow,stop-at 2.00s,-0.5988,NOMINAL,21403,-1,65535,32,37379,329,-238,3
42,follow,stop-at 2.00s,-0.5656,NOMINAL,21404,-1,65535,32,36068,329,-238,3
42,follow,stop-at 2.00s,-0.5324,NOMINAL,21405,-1,65535,32,54771,329,-238,3
42,follow,stop-at 2.00s,-0.4990,NOMINAL,21406,-1,65535,32,42192,329,-238,3
42,follow,stop-at 2.00s,-0.4657,NOMINAL,21407,-1,65535,32,35079,329,-238,3
42,follow,stop-at 2.00s,-0.4324,NOMINAL,21408,-1,65535,32,20010,329,-238,3
42,follow,stop-at 2.00s,-0.3989,NOMINAL,21409,-1,65535,32,63643,329,-238,3
42,follow,stop-at 2.00s,-0.3657,NOMINAL,21410,-1,65535,32,43607,329,-239,3
42,follow,stop-at 2.00s,-0.3324,NOMINAL,21411,-1,65535,32,66750,329,-239,3
42,follow,stop-at 2.00s,-0.2989,NOMINAL,21412,-1,65535,32,65172,328,-239,3
42,follow,stop-at 2.00s,-0.2656,NOMINAL,21413,-1,65535,32,83583,328,-239,3
42,follow,stop-at 2.00s,-0.2324,NOMINAL,21414,-1,65535,32,26613,329,-239,3
42,follow,stop-at 2.00s,-0.1991,NOMINAL,21415,-1,65535,32,43990,329,-239,3
42,follow,stop-at 2.00s,-0.1656,NOMINAL,21416,-1,65535,32,41309,329,-239,3
42,follow,stop-at 2.00s,-0.1326,NOMINAL,21417,-1,65535,32,41297,329,-238,3
42,follow,stop-at 2.00s,-0.0991,NOMINAL,21418,-1,65535,32,24445,329,-238,3
42,follow,stop-at 2.00s,-0.0658,NOMINAL,21419,-1,65535,32,60535,329,-239,3
42,follow,stop-at 2.00s,-0.0324,NOMINAL,21420,-1,65535,32,41345,329,-239,3
42,follow,stop-at 2.00s,0.0011,NOMINAL,21421,-1,65535,32,59216,329,-239,3
42,follow,stop-at 2.00s,0.0343,NOMINAL,21422,-1,65535,32,40525,329,-239,3
42,follow,stop-at 2.00s,0.0676,NOMINAL,21423,-1,65535,32,40566,329,-239,3
42,follow,stop-at 2.00s,0.1010,NOMINAL,21424,-1,65535,32,59607,329,-239,3
42,follow,stop-at 2.00s,0.1347,NOMINAL,21425,-1,65535,32,56820,329,-239,3
42,follow,stop-at 2.00s,0.1677,NOMINAL,21426,-1,65535,32,41693,329,-239,3
42,follow,stop-at 2.00s,0.2012,NOMINAL,21427,-1,65535,32,46283,329,-239,3
42,follow,stop-at 2.00s,0.2345,NOMINAL,21428,-1,65535,32,57238,329,-239,3
42,follow,stop-at 2.00s,0.2678,NOMINAL,21429,-1,65535,32,67821,329,-239,3
42,follow,stop-at 2.00s,0.3011,NOMINAL,21430,-1,65535,32,69405,329,-239,3
42,follow,stop-at 2.00s,0.3345,NOMINAL,21431,-1,65535,32,71733,328,-239,3
42,follow,stop-at 2.00s,0.3678,NOMINAL,21432,-1,65535,32,90195,329,-238,3
42,follow,stop-at 2.00s,0.4009,NOMINAL,21433,-1,65535,32,25304,329,-239,3
42,follow,stop-at 2.00s,0.4344,NOMINAL,21434,-1,65535,32,68267,329,-239,3
42,follow,stop-at 2.00s,0.4676,NOMINAL,21435,-1,65535,32,83454,329,-239,3
42,follow,stop-at 2.00s,0.5010,NOMINAL,21436,-1,65535,32,38890,329,-238,3
42,follow,stop-at 2.00s,0.5343,NOMINAL,21437,-1,65535,32,38019,328,-238,3
42,follow,stop-at 2.00s,0.5675,NOMINAL,21438,-1,65535,32,29950,329,-238,3
42,follow,stop-at 2.00s,0.6012,NOMINAL,21439,-1,65535,32,80668,329,-238,3
42,follow,stop-at 2.00s,0.6343,NOMINAL,21440,-1,65535,32,41694,329,-238,3
42,follow,stop-at 2.00s,0.6676,NOMINAL,21441,-1,65535,32,40651,328,-238,3
42,follow,stop-at 2.00s,0.7009,NOMINAL,21442,-1,65535,32,34584,329,-238,3
42,follow,stop-at 2.00s,0.7343,NOMINAL,21443,-1,65535,32,42863,329,-238,3
42,follow,stop-at 2.00s,0.7678,NOMINAL,21444,-1,65535,32,73950,329,-239,3
42,follow,stop-at 2.00s,0.8009,NOMINAL,21445,-1,65535,32,59759,329,-239,3
42,follow,stop-at 2.00s,0.8343,NOMINAL,21446,-1,65535,32,72474,329,-238,3
42,follow,stop-at 2.00s,0.8672,NOMINAL,21447,-1,65535,32,20962,329,-239,3
42,follow,stop-at 2.00s,0.9008,NOMINAL,21448,-1,65535,32,44656,328,-239,3
42,follow,stop-at 2.00s,0.9343,NOMINAL,21449,-1,65535,32,107695,329,-239,3
42,follow,stop-at 2.00s,0.9678,NOMINAL,21450,-1,65535,32,38622,329,-239,3
42,follow,stop-at 2.00s,1.0009,NOMINAL,21451,-1,65535,32,39245,328,-238,3
42,follow,stop-at 2.00s,1.0343,NOMINAL,21452,-1,65535,32,44866,329,-239,3
42,follow,stop-at 2.00s,1.0674,NOMINAL,21453,-1,65535,32,32001,329,-239,3
42,follow,stop-at 2.00s,1.1009,NOMINAL,21454,-1,65535,32,60098,329,-239,3
42,follow,stop-at 2.00s,1.1341,NOMINAL,21455,-1,65535,32,20633,330,-239,3
42,follow,stop-at 2.00s,1.1675,NOMINAL,21456,-1,65535,32,41172,329,-239,3
42,follow,stop-at 2.00s,1.2010,NOMINAL,21457,-1,65535,32,38391,329,-239,3
42,follow,stop-at 2.00s,1.2342,NOMINAL,21458,-1,65535,32,57080,329,-239,3
42,follow,stop-at 2.00s,1.2676,NOMINAL,21459,-1,65535,32,40280,329,-239,3
42,follow,stop-at 2.00s,1.3009,NOMINAL,21460,-1,65535,32,43391,329,-238,3
42,follow,stop-at 2.00s,1.3341,NOMINAL,21461,-1,65535,32,24115,329,-238,3
42,follow,stop-at 2.00s,1.3674,NOMINAL,21462,-1,65535,32,49725,328,-239,3
42,follow,stop-at 2.00s,1.4008,NOMINAL,21463,-1,65535,32,42910,328,-239,3
42,follow,stop-at 2.00s,1.4342,NOMINAL,21464,-1,65535,32,60220,329,-238,3
42,follow,stop-at 2.00s,1.4675,NOMINAL,21465,-1,65535,32,59613,329,-239,3
42,follow,stop-at 2.00s,1.5009,NOMINAL,21466,-1,65535,32,39995,329,-238,3
42,follow,stop-at 2.00s,1.5344,NOMINAL,21467,-1,65535,32,44725,329,-238,3
42,follow,stop-at 2.00s,1.5677,NOMINAL,21468,-1,65535,32,41404,329,-239,3
42,follow,stop-at 2.00s,1.6010,NOMINAL,21469,-1,65535,32,58868,329,-238,3
42,follow,stop-at 2.00s,1.6343,NOMINAL,21470,-1,65535,32,21998,329,-238,3
42,follow,stop-at 2.00s,1.6676,NOMINAL,21471,-1,65535,32,57963,329,-239,3
42,follow,stop-at 2.00s,1.7010,NOMINAL,21472,-1,65535,32,42864,329,-239,3
42,follow,stop-at 2.00s,1.7342,NOMINAL,21473,-1,65535,32,62375,329,-239,3
42,follow,stop-at 2.00s,1.7677,NOMINAL,21474,-1,65535,32,50697,329,-239,3
42,follow,stop-at 2.00s,1.8011,NOMINAL,21475,-1,65535,32,26798,329,-238,3
42,follow,stop-at 2.00s,1.8343,NOMINAL,21476,-1,65535,32,59154,329,-239,3
42,follow,stop-at 2.00s,1.8677,NOMINAL,21477,-1,65535,32,44892,329,-239,3
42,follow,stop-at 2.00s,1.9011,NOMINAL,21478,-1,65535,32,64569,329,-239,3
42,follow,stop-at 2.00s,1.9342,NOMINAL,21479,-1,65535,32,42442,329,-238,3
42,follow,stop-at 2.00s,1.9673,NOMINAL,21480,-1,65535,32,55623,328,-238,3
42,follow,stop-at 2.00s,2.0708,FAILSAFE,21480,-1,65535,33,0,328,-239,3
42,follow,stop-at 2.00s,2.1715,FAILSAFE,21480,-1,65535,33,0,329,-238,3
42,follow,stop-at 2.00s,2.2720,FAILSAFE,21480,-1,65535,33,0,329,-239,3
42,follow,stop-at 2.00s,2.3725,FAILSAFE,21480,-1,65535,33,0,329,-239,3
42,follow,stop-at 2.00s,2.4731,FAILSAFE,21480,-1,65535,33,0,329,-239,3
42,follow,stop-at 2.00s,2.5734,FAILSAFE,21480,-1,65535,33,0,329,-239,3
43,follow,stop-at 2.00s,-0.9989,FAILSAFE,21481,-1,65535,32,50463,330,-239,3
43,follow,stop-at 2.00s,-0.9657,FAILSAFE,21482,-1,65535,32,52934,329,-239,3
43,follow,stop-at 2.00s,-0.9325,FAILSAFE,21483,-1,65535,32,33713,329,-238,3
43,follow,stop-at 2.00s,-0.9124,FAILSAFE,21483,-1,65535,32,0,329,-238,3
43,follow,stop-at 2.00s,-0.8992,FAILSAFE,21484,-1,65535,32,51417,329,-238,3
43,follow,stop-at 2.00s,-0.8656,FAILSAFE,21485,-1,65535,32,55900,329,-238,3
43,follow,stop-at 2.00s,-0.8326,FAILSAFE,21486,-1,65535,32,31549,329,-239,3
43,follow,stop-at 2.00s,-0.8125,FAILSAFE,21486,-1,65535,32,0,329,-239,3
43,follow,stop-at 2.00s,-0.7992,FAILSAFE,21487,-1,65535,32,34796,329,-239,3
43,follow,stop-at 2.00s,-0.7657,FAILSAFE,21488,-1,65535,32,33136,329,-239,3
43,follow,stop-at 2.00s,-0.7317,FAILSAFE,21489,-1,65535,32,173980,329,-238,3
43,follow,stop-at 2.00s,-0.7115,FAILSAFE,21489,-1,65535,32,0,329,-238,3
43,follow,stop-at 2.00s,-0.6984,NOMINAL,21490,-1,65535,32,98978,329,-238,3
43,follow,stop-at 2.00s,-0.6656,NOMINAL,21491,-1,65535,32,26342,329,-239,3
43,follow,stop-at 2.00s,-0.6324,NOMINAL,21492,-1,65535,32,42834,329,-239,3
43,follow,stop-at 2.00s,-0.5991,NOMINAL,21493,-1,65535,32,25059,328,-238,3
43,follow,stop-at 2.00s,-0.5657,NOMINAL,21494,-1,65535,32,70237,329,-238,3
43,follow,stop-at 2.00s,-0.5324,NOMINAL,21495,-1,65535,32,38709,329,-238,3
43,follow,stop-at 2.00s,-0.4991,NOMINAL,21496,-1,65535,32,40597,329,-238,3
43,follow,stop-at 2.00s,-0.4659,NOMINAL,21497,-1,65535,32,46325,330,-239,3
43,follow,stop-at 2.00s,-0.4324,NOMINAL,21498,-1,65535,32,42811,330,-239,3
43,follow,stop-at 2.00s,-0.3992,NOMINAL,21499,-1,65535,32,58981,329,-238,3
43,follow,stop-at 2.00s,-0.3660,NOMINAL,21500,-1,65535,32,59059,329,-238,3
43,follow,stop-at 2.00s,-0.3326,NOMINAL,21501,-1,65535,32,41393,329,-238,3
43,follow,stop-at 2.00s,-0.2992,NOMINAL,21502,-1,65535,32,56569,329,-238,3
43,follow,stop-at 2.00s,-0.2658,NOMINAL,21503,-1,65535,32,40690,329,-238,3
43,follow,stop-at 2.00s,-0.2325,NOMINAL,21504,-1,65535,32,43119,329,-238,3
43,follow,stop-at 2.00s,-0.1989,NOMINAL,21505,-1,65535,32,38605,329,-238,3
43,follow,stop-at 2.00s,-0.1657,NOMINAL,21506,-1,65535,32,38929,329,-238,3
43,follow,stop-at 2.00s,-0.1325,NOMINAL,21507,-1,65535,32,84591,328,-238,3
43,follow,stop-at 2.00s,-0.0991,NOMINAL,21508,-1,65535,32,51956,328,-238,3
43,follow,stop-at 2.00s,-0.0657,NOMINAL,21509,-1,65535,32,43687,328,-238,3
43,follow,stop-at 2.00s,-0.0323,NOMINAL,21510,-1,65535,32,65686,328,-239,3
43,follow,stop-at 2.00s,0.0011,NOMINAL,21511,-1,65535,32,65118,329,-239,3
43,follow,stop-at 2.00s,0.0341,NOMINAL,21512,-1,65535,32,39115,329,-239,3
43,follow,stop-at 2.00s,0.0676,NOMINAL,21513,-1,65535,32,44647,329,-238,3
43,follow,stop-at 2.00s,0.1009,NOMINAL,21514,-1,65535,32,41582,329,-239,3
43,follow,stop-at 2.00s,0.1344,NOMINAL,21515,-1,65535,32,42300,329,-239,3
43,follow,stop-at 2.00s,0.1676,NOMINAL,21516,-1,65535,32,56854,329,-239,3
43,follow,stop-at 2.00s,0.2010,NOMINAL,21517,-1,65535,32,42437,329,-239,3
43,follow,stop-at 2.00s,0.2343,NOMINAL,21518,-1,65535,32,63731,328,-239,3
43,follow,stop-at 2.00s,0.2677,NOMINAL,21519,-1,65535,32,69418,328,-239,3
43,follow,stop-at 2.00s,0.3010,NOMINAL,21520,-1,65535,32,84712,329,-239,3
43,follow,stop-at 2.00s,0.3347,NOMINAL,21521,-1,65535,32,31124,328,-238,3
43,follow,stop-at 2.00s,0.3677,NOMINAL,21522,-1,65535,32,64595,329,-238,3
43,follow,stop-at 2.00s,0.4011,NOMINAL,21523,-1,65535,32,53534,329,-238,3
43,follow,stop-at 2.00s,0.4343,NOMINAL,21524,-1,65535,32,76116,328,-238,3
43,follow,stop-at 2.00s,0.4677,NOMINAL,21525,-1,65535,32,82194,329,-238,3
43,follow,stop-at 2.00s,0.5009,NOMINAL,21526,-1,65535,32,41987,328,-238,3
43,follow,stop-at 2.00s,0.5344,NOMINAL,21527,-1,65535,32,59863,328,-239,3
43,follow,stop-at 2.00s,0.5677,NOMINAL,21528,-1,65535,32,60087,328,-239,3
43,follow,stop-at 2.00s,0.6011,NOMINAL,21529,-1,65535,32,57674,329,-239,3
43,follow,stop-at 2.00s,0.6343,NOMINAL,21530,-1,65535,32,42163,329,-239,3
43,follow,stop-at 2.00s,0.6678,NOMINAL,21531,-1,65535,32,105443,329,-239,3
43,follow,stop-at 2.00s,0.7010,NOMINAL,21532,-1,65535,32,58822,329,-239,3
43,follow,stop-at 2.00s,0.7342,NOMINAL,21533,-1,65535,32,26876,329,-239,3
43,follow,stop-at 2.00s,0.7677,NOMINAL,21534,-1,65535,32,43289,328,-239,3
43,follow,stop-at 2.00s,0.8010,NOMINAL,21535,-1,65535,32,61532,329,-239,3
43,follow,stop-at 2.00s,0.8344,NOMINAL,21536,-1,65535,32,49701,329,-239,3
43,follow,stop-at 2.00s,0.8676,NOMINAL,21537,-1,65535,32,57187,328,-238,3
43,follow,stop-at 2.00s,0.9009,NOMINAL,21538,-1,65535,32,23151,329,-238,3
43,follow,stop-at 2.00s,0.9343,NOMINAL,21539,-1,65535,32,25263,329,-238,3
43,follow,stop-at 2.00s,0.9677,NOMINAL,21540,-1,65535,32,83318,329,-238,3
43,follow,stop-at 2.00s,1.0010,NOMINAL,21541,-1,65535,32,70341,329,-238,3
43,follow,stop-at 2.00s,1.0342,NOMINAL,21542,-1,65535,32,69251,330,-239,3
43,follow,stop-at 2.00s,1.0676,NOMINAL,21543,-1,65535,32,40560,329,-239,3
43,follow,stop-at 2.00s,1.1008,NOMINAL,21544,-1,65535,32,32825,329,-238,3
43,follow,stop-at 2.00s,1.1342,NOMINAL,21545,-1,65535,32,42683,329,-239,3
43,follow,stop-at 2.00s,1.1676,NOMINAL,21546,-1,65535,32,40755,329,-239,3
43,follow,stop-at 2.00s,1.2011,NOMINAL,21547,-1,65535,32,39195,329,-239,3
43,follow,stop-at 2.00s,1.2341,NOMINAL,21548,-1,65535,32,39966,329,-239,3
43,follow,stop-at 2.00s,1.2675,NOMINAL,21549,-1,65535,32,42699,329,-239,3
43,follow,stop-at 2.00s,1.3009,NOMINAL,21550,-1,65535,32,22896,329,-239,3
43,follow,stop-at 2.00s,1.3344,NOMINAL,21551,-1,65535,32,38646,329,-239,3
43,follow,stop-at 2.00s,1.3676,NOMINAL,21552,-1,65535,32,45846,329,-239,3
43,follow,stop-at 2.00s,1.4009,NOMINAL,21553,-1,65535,32,22652,328,-239,3
43,follow,stop-at 2.00s,1.4343,NOMINAL,21554,-1,65535,32,41228,328,-238,3
43,follow,stop-at 2.00s,1.4675,NOMINAL,21555,-1,65535,32,44452,328,-239,3
43,follow,stop-at 2.00s,1.5008,NOMINAL,21556,-1,65535,32,42286,329,-238,3
43,follow,stop-at 2.00s,1.5343,NOMINAL,21557,-1,65535,32,40402,328,-239,3
43,follow,stop-at 2.00s,1.5676,NOMINAL,21558,-1,65535,32,47751,328,-239,3
43,follow,stop-at 2.00s,1.6010,NOMINAL,21559,-1,65535,32,58211,329,-239,3
43,follow,stop-at 2.00s,1.6342,NOMINAL,21560,-1,65535,32,43535,329,-239,3
43,follow,stop-at 2.00s,1.6675,NOMINAL,21561,-1,65535,32,40238,329,-239,3
43,follow,stop-at 2.00s,1.7009,NOMINAL,21562,-1,65535,32,40205,329,-239,3
43,follow,stop-at 2.00s,1.7343,NOMINAL,21563,-1,65535,32,23863,329,-238,3
43,follow,stop-at 2.00s,1.7676,NOMINAL,21564,-1,65535,32,45721,328,-238,3
43,follow,stop-at 2.00s,1.8009,NOMINAL,21565,-1,65535,32,41089,329,-239,3
43,follow,stop-at 2.00s,1.8344,NOMINAL,21566,-1,65535,32,27360,329,-239,3
43,follow,stop-at 2.00s,1.8677,NOMINAL,21567,-1,65535,32,72101,329,-239,3
43,follow,stop-at 2.00s,1.9010,NOMINAL,21568,-1,65535,32,42410,329,-239,3
43,follow,stop-at 2.00s,1.9344,NOMINAL,21569,-1,65535,32,70208,329,-239,3
43,follow,stop-at 2.00s,1.9676,NOMINAL,21570,-1,65535,32,85889,329,-239,3
43,follow,stop-at 2.00s,2.0779,FAILSAFE,21570,-1,65535,33,0,329,-238,3
43,follow,stop-at 2.00s,2.1782,FAILSAFE,21570,-1,65535,33,0,328,-239,3
43,follow,stop-at 2.00s,2.2788,FAILSAFE,21570,-1,65535,33,0,329,-238,3
43,follow,stop-at 2.00s,2.3793,FAILSAFE,21570,-1,65535,33,0,328,-239,3
43,follow,stop-at 2.00s,2.4798,FAILSAFE,21570,-1,65535,33,0,329,-239,3
43,follow,stop-at 2.00s,2.5803,FAILSAFE,21570,-1,65535,33,0,329,-239,3
44,follow,stop-at 2.00s,-0.9990,FAILSAFE,21571,-1,65535,32,42785,329,-239,3
44,follow,stop-at 2.00s,-0.9658,FAILSAFE,21572,-1,65535,32,52641,329,-238,3
44,follow,stop-at 2.00s,-0.9323,FAILSAFE,21573,-1,65535,32,77019,329,-239,3
44,follow,stop-at 2.00s,-0.9124,FAILSAFE,21573,-1,65535,32,0,329,-239,3
44,follow,stop-at 2.00s,-0.8991,FAILSAFE,21574,-1,65535,32,50829,329,-239,3
44,follow,stop-at 2.00s,-0.8658,FAILSAFE,21575,-1,65535,32,45678,329,-239,3
44,follow,stop-at 2.00s,-0.8324,FAILSAFE,21576,-1,65535,32,33886,329,-239,3
44,follow,stop-at 2.00s,-0.8125,FAILSAFE,21576,-1,65535,32,0,329,-239,3
44,follow,stop-at 2.00s,-0.7992,FAILSAFE,21577,-1,65535,32,34376,329,-239,3
44,follow,stop-at 2.00s,-0.7660,FAILSAFE,21578,-1,65535,32,57751,329,-239,3
44,follow,stop-at 2.00s,-0.7324,FAILSAFE,21579,-1,65535,32,77290,329,-239,3
44,follow,stop-at 2.00s,-0.7121,FAILSAFE,21579,-1,65535,32,0,329,-239,3
44,follow,stop-at 2.00s,-0.6984,NOMINAL,21580,-1,65535,32,89449,329,-239,3
44,follow,stop-at 2.00s,-0.6656,NOMINAL,21581,-1,65535,32,125338,328,-239,3
44,follow,stop-at 2.00s,-0.6326,NOMINAL,21582,-1,65535,32,43501,329,-239,3
44,follow,stop-at 2.00s,-0.5991,NOMINAL,21583,-1,65535,32,42125,329,-239,3
44,follow,stop-at 2.00s,-0.5657,NOMINAL,21584,-1,65535,32,58425,329,-239,3
44,follow,stop-at 2.00s,-0.5326,NOMINAL,21585,-1,65535,32,41613,329,-239,3
44,follow,stop-at 2.00s,-0.4991,NOMINAL,21586,-1,65535,32,46325,329,-238,3
44,follow,stop-at 2.00s,-0.4656,NOMINAL,21587,-1,65535,32,35274,329,-238,3
44,follow,stop-at 2.00s,-0.4324,NOMINAL,21588,-1,65535,32,45052,329,-238,3
44,follow,stop-at 2.00s,-0.3991,NOMINAL,21589,-1,65535,32,43600,329,-238,3
44,follow,stop-at 2.00s,-0.3659,NOMINAL,21590,-1,65535,32,45467,329,-239,3
44,follow,stop-at 2.00s,-0.3323,NOMINAL,21591,-1,65535,32,41939,329,-238,3
44,follow,stop-at 2.00s,-0.2990,NOMINAL,21592,-1,65535,32,40709,329,-238,3
44,follow,stop-at 2.00s,-0.2658,NOMINAL,21593,-1,65535,32,39320,329,-239,3
44,follow,stop-at 2.00s,-0.2325,NOMINAL,21594,-1,65535,32,43307,329,-239,3
44,follow,stop-at 2.00s,-0.1990,NOMINAL,21595,-1,65535,32,26882,329,-239,3
44,follow,stop-at 2.00s,-0.1657,NOMINAL,21596,-1,65535,32,41637,329,-239,3
44,follow,stop-at 2.00s,-0.1324,NOMINAL,21597,-1,65535,32,40325,329,-239,3
44,follow,stop-at 2.00s,-0.0990,NOMINAL,21598,-1,65535,32,25451,329,-239,3
44,follow,stop-at 2.00s,-0.0657,NOMINAL,21599,-1,65535,32,41404,329,-238,3
44,follow,stop-at 2.00s,-0.0326,NOMINAL,21600,-1,65535,32,38854,329,-238,3
44,follow,stop-at 2.00s,0.0008,NOMINAL,21601,-1,65535,32,62071,329,-238,3
44,follow,stop-at 2.00s,0.0344,NOMINAL,21602,-1,65535,32,59273,328,-239,3
44,follow,stop-at 2.00s,0.0675,NOMINAL,21603,-1,65535,32,40434,329,-239,3
44,follow,stop-at 2.00s,0.1010,NOMINAL,21604,-1,65535,32,38239,329,-239,3
44,follow,stop-at 2.00s,0.1342,NOMINAL,21605,-1,65535,32,62849,329,-239,3
44,follow,stop-at 2.00s,0.1677,NOMINAL,21606,-1,65535,32,38835,329,-239,3
44,follow,stop-at 2.00s,0.2012,NOMINAL,21607,-1,65535,32,83354,329,-239,3
44,follow,stop-at 2.00s,0.2344,NOMINAL,21608,-1,65535,32,57625,329,-238,3
44,follow,stop-at 2.00s,0.2677,NOMINAL,21609,-1,65535,32,59541,329,-238,3
44,follow,stop-at 2.00s,0.3010,NOMINAL,21610,-1,65535,32,58777,329,-238,3
44,follow,stop-at 2.00s,0.3349,NOMINAL,21611,-1,65535,32,117180,329,-238,3
44,follow,stop-at 2.00s,0.3677,NOMINAL,21612,-1,65535,32,41642,329,-238,3
44,follow,stop-at 2.00s,0.4010,NOMINAL,21613,-1,65535,32,58976,328,-238,3
44,follow,stop-at 2.00s,0.4341,NOMINAL,21614,-1,65535,32,77917,329,-239,3
44,follow,stop-at 2.00s,0.4677,NOMINAL,21615,-1,65535,32,41673,328,-239,3
44,follow,stop-at 2.00s,0.5010,NOMINAL,21616,-1,65535,32,26843,329,-239,3
44,follow,stop-at 2.00s,0.5343,NOMINAL,21617,-1,65535,32,44484,329,-239,3
44,follow,stop-at 2.00s,0.5676,NOMINAL,21618,-1,65535,32,68538,328,-239,3
44,follow,stop-at 2.00s,0.6013,NOMINAL,21619,-1,65535,32,60552,328,-239,3
44,follow,stop-at 2.00s,0.6340,NOMINAL,21620,-1,65535,32,39071,329,-239,3
44,follow,stop-at 2.00s,0.6675,NOMINAL,21621,-1,65535,32,24961,328,-238,3
44,follow,stop-at 2.00s,0.7009,NOMINAL,21622,-1,65535,32,72684,329,-238,3
44,follow,stop-at 2.00s,0.7344,NOMINAL,21623,-1,65535,32,38163,329,-238,3
44,follow,stop-at 2.00s,0.7675,NOMINAL,21624,-1,65535,32,59733,329,-238,3
44,follow,stop-at 2.00s,0.8009,NOMINAL,21625,-1,65535,32,24941,328,-239,3
44,follow,stop-at 2.00s,0.8344,NOMINAL,21626,-1,65535,32,56497,329,-239,3
44,follow,stop-at 2.00s,0.8676,NOMINAL,21627,-1,65535,32,41987,329,-239,3
44,follow,stop-at 2.00s,0.9010,NOMINAL,21628,-1,65535,32,73101,329,-239,3
44,follow,stop-at 2.00s,0.9342,NOMINAL,21629,-1,65535,32,45978,329,-239,3
44,follow,stop-at 2.00s,0.9676,NOMINAL,21630,-1,65535,32,58106,329,-239,3
44,follow,stop-at 2.00s,1.0010,NOMINAL,21631,-1,65535,32,40338,329,-239,3
44,follow,stop-at 2.00s,1.0343,NOMINAL,21632,-1,65535,32,50025,329,-239,3
44,follow,stop-at 2.00s,1.0674,NOMINAL,21633,-1,65535,32,57863,329,-239,3
44,follow,stop-at 2.00s,1.1010,NOMINAL,21634,-1,65535,32,64447,329,-239,3
44,follow,stop-at 2.00s,1.1345,NOMINAL,21635,-1,65535,32,72209,329,-239,3
44,follow,stop-at 2.00s,1.1676,NOMINAL,21636,-1,65535,32,57021,329,-239,3
44,follow,stop-at 2.00s,1.2010,NOMINAL,21637,-1,65535,32,43868,329,-239,3
44,follow,stop-at 2.00s,1.2343,NOMINAL,21638,-1,65535,32,43995,329,-239,3
44,follow,stop-at 2.00s,1.2676,NOMINAL,21639,-1,65535,32,39687,329,-239,3
44,follow,stop-at 2.00s,1.3009,NOMINAL,21640,-1,65535,32,81511,329,-239,3
44,follow,stop-at 2.00s,1.3342,NOMINAL,21641,-1,65535,32,39584,328,-239,3
44,follow,stop-at 2.00s,1.3676,NOMINAL,21642,-1,65535,32,21231,329,-239,3
44,follow,stop-at 2.00s,1.4010,NOMINAL,21643,-1,65535,32,39728,329,-239,3
44,follow,stop-at 2.00s,1.4342,NOMINAL,21644,-1,65535,32,101147,329,-239,3
44,follow,stop-at 2.00s,1.4676,NOMINAL,21645,-1,65535,32,33309,329,-239,3
44,follow,stop-at 2.00s,1.5010,NOMINAL,21646,-1,65535,32,24847,328,-239,3
44,follow,stop-at 2.00s,1.5344,NOMINAL,21647,-1,65535,32,44835,329,-239,3
44,follow,stop-at 2.00s,1.5676,NOMINAL,21648,-1,65535,32,84585,329,-239,3
44,follow,stop-at 2.00s,1.6009,NOMINAL,21649,-1,65535,32,40918,329,-239,3
44,follow,stop-at 2.00s,1.6342,NOMINAL,21650,-1,65535,32,23893,329,-239,3
44,follow,stop-at 2.00s,1.6675,NOMINAL,21651,-1,65535,32,34189,329,-238,3
44,follow,stop-at 2.00s,1.7008,NOMINAL,21652,-1,65535,32,22967,329,-238,3
44,follow,stop-at 2.00s,1.7342,NOMINAL,21653,-1,65535,32,44921,328,-238,3
44,follow,stop-at 2.00s,1.7675,NOMINAL,21654,-1,65535,32,46958,328,-239,3
44,follow,stop-at 2.00s,1.8010,NOMINAL,21655,-1,65535,32,43170,329,-239,3
44,follow,stop-at 2.00s,1.8342,NOMINAL,21656,-1,65535,32,57154,329,-239,3
44,follow,stop-at 2.00s,1.8676,NOMINAL,21657,-1,65535,32,42197,329,-239,3
44,follow,stop-at 2.00s,1.9010,NOMINAL,21658,-1,65535,32,25149,329,-239,3
44,follow,stop-at 2.00s,1.9342,NOMINAL,21659,-1,65535,32,40809,329,-239,3
44,follow,stop-at 2.00s,1.9675,NOMINAL,21660,-1,65535,32,38645,329,-239,3
44,follow,stop-at 2.00s,2.0747,FAILSAFE,21660,-1,65535,33,0,329,-239,3
44,follow,stop-at 2.00s,2.1752,FAILSAFE,21660,-1,65535,33,0,329,-239,3
44,follow,stop-at 2.00s,2.2759,FAILSAFE,21660,-1,65535,33,0,329,-239,3
44,follow,stop-at 2.00s,2.3763,FAILSAFE,21660,-1,65535,33,0,329,-239,3
44,follow,stop-at 2.00s,2.4765,FAILSAFE,21660,-1,65535,33,0,328,-239,3
44,follow,stop-at 2.00s,2.5773,FAILSAFE,21660,-1,65535,33,0,329,-239,3
45,follow,stop-at 2.00s,-0.9989,FAILSAFE,21661,-1,65535,32,65222,329,-239,3
45,follow,stop-at 2.00s,-0.9657,FAILSAFE,21662,-1,65535,32,42268,329,-239,3
45,follow,stop-at 2.00s,-0.9325,FAILSAFE,21663,-1,65535,32,31293,329,-239,3
45,follow,stop-at 2.00s,-0.9124,FAILSAFE,21663,-1,65535,32,0,329,-239,3
45,follow,stop-at 2.00s,-0.8990,FAILSAFE,21664,-1,65535,32,39495,329,-239,3
45,follow,stop-at 2.00s,-0.8657,FAILSAFE,21665,-1,65535,32,76950,329,-239,3
45,follow,stop-at 2.00s,-0.8323,FAILSAFE,21666,-1,65535,32,45240,329,-239,3
45,follow,stop-at 2.00s,-0.8124,FAILSAFE,21666,-1,65535,32,0,329,-239,3
45,follow,stop-at 2.00s,-0.7993,FAILSAFE,21667,-1,65535,32,34113,329,-238,3
45,follow,stop-at 2.00s,-0.7660,FAILSAFE,21668,-1,65535,32,31357,329,-239,3
45,follow,stop-at 2.00s,-0.7326,FAILSAFE,21669,-1,65535,32,33768,329,-239,3
45,follow,stop-at 2.00s,-0.7123,FAILSAFE,21669,-1,65535,32,0,329,-239,3
45,follow,stop-at 2.00s,-0.6987,NOMINAL,21670,-1,65535,32,81796,329,-239,3
45,follow,stop-at 2.00s,-0.6657,NOMINAL,21671,-1,65535,32,46763,329,-239,3
45,follow,stop-at 2.00s,-0.6325,NOMINAL,21672,-1,65535,32,44328,329,-239,3
45,follow,stop-at 2.00s,-0.5990,NOMINAL,21673,-1,65535,32,27842,329,-239,3
45,follow,stop-at 2.00s,-0.5657,NOMINAL,21674,-1,65535,32,57963,329,-239,3
45,follow,stop-at 2.00s,-0.5324,NOMINAL,21675,-1,65535,32,63788,329,-239,3
45,follow,stop-at 2.00s,-0.4991,NOMINAL,21676,-1,65535,32,41655,329,-238,3
45,follow,stop-at 2.00s,-0.4659,NOMINAL,21677,-1,65535,32,58454,329,-239,3
45,follow,stop-at 2.00s,-0.4326,NOMINAL,21678,-1,65535,32,59082,329,-239,3
45,follow,stop-at 2.00s,-0.3989,NOMINAL,21679,-1,65535,32,25410,329,-239,3
45,follow,stop-at 2.00s,-0.3657,NOMINAL,21680,-1,65535,32,80900,329,-238,3
45,follow,stop-at 2.00s,-0.3323,NOMINAL,21681,-1,65535,32,59629,328,-238,3
45,follow,stop-at 2.00s,-0.2990,NOMINAL,21682,-1,65535,32,39922,328,-238,3
45,follow,stop-at 2.00s,-0.2658,NOMINAL,21683,-1,65535,32,45624,328,-239,3
45,follow,stop-at 2.00s,-0.2324,NOMINAL,21684,-1,65535,32,82116,328,-238,3
45,follow,stop-at 2.00s,-0.1989,NOMINAL,21685,-1,65535,32,74090,328,-238,3
45,follow,stop-at 2.00s,-0.1659,NOMINAL,21686,-1,65535,32,38475,329,-238,3
45,follow,stop-at 2.00s,-0.1321,NOMINAL,21687,-1,65535,32,82785,329,-239,3
45,follow,stop-at 2.00s,-0.0990,NOMINAL,21688,-1,65535,32,42809,329,-239,3
45,follow,stop-at 2.00s,-0.0657,NOMINAL,21689,-1,65535,32,22475,329,-239,3
45,follow,stop-at 2.00s,-0.0324,NOMINAL,21690,-1,65535,32,58530,329,-239,3
45,follow,stop-at 2.00s,0.0013,NOMINAL,21691,-1,65535,32,69764,329,-239,3
45,follow,stop-at 2.00s,0.0342,NOMINAL,21692,-1,65535,32,40874,329,-238,3
45,follow,stop-at 2.00s,0.0677,NOMINAL,21693,-1,65535,32,39120,329,-238,3
45,follow,stop-at 2.00s,0.1012,NOMINAL,21694,-1,65535,32,78696,329,-239,3
45,follow,stop-at 2.00s,0.1345,NOMINAL,21695,-1,65535,32,87757,329,-239,3
45,follow,stop-at 2.00s,0.1677,NOMINAL,21696,-1,65535,32,49614,329,-239,3
45,follow,stop-at 2.00s,0.2011,NOMINAL,21697,-1,65535,32,45145,329,-239,3
45,follow,stop-at 2.00s,0.2344,NOMINAL,21698,-1,65535,32,44950,329,-239,3
45,follow,stop-at 2.00s,0.2676,NOMINAL,21699,-1,65535,32,59588,329,-239,3
45,follow,stop-at 2.00s,0.3011,NOMINAL,21700,-1,65535,32,85951,329,-239,3
45,follow,stop-at 2.00s,0.3346,NOMINAL,21701,-1,65535,32,90240,329,-239,3
45,follow,stop-at 2.00s,0.3678,NOMINAL,21702,-1,65535,32,84270,329,-239,3
45,follow,stop-at 2.00s,0.4010,NOMINAL,21703,-1,65535,32,62715,329,-239,3
45,follow,stop-at 2.00s,0.4342,NOMINAL,21704,-1,65535,32,37984,329,-239,3
45,follow,stop-at 2.00s,0.4675,NOMINAL,21705,-1,65535,32,40479,329,-239,3
45,follow,stop-at 2.00s,0.5008,NOMINAL,21706,-1,65535,32,60509,329,-239,3
45,follow,stop-at 2.00s,0.5344,NOMINAL,21707,-1,65535,32,62650,329,-239,3
45,follow,stop-at 2.00s,0.5677,NOMINAL,21708,-1,65535,32,52605,329,-239,3
45,follow,stop-at 2.00s,0.6009,NOMINAL,21709,-1,65535,32,53970,329,-239,3
45,follow,stop-at 2.00s,0.6345,NOMINAL,21710,-1,65535,32,67046,329,-239,3
45,follow,stop-at 2.00s,0.6677,NOMINAL,21711,-1,65535,32,51557,329,-239,3
45,follow,stop-at 2.00s,0.7009,NOMINAL,21712,-1,65535,32,59976,329,-239,3
45,follow,stop-at 2.00s,0.7344,NOMINAL,21713,-1,65535,32,67850,328,-239,3
45,follow,stop-at 2.00s,0.7675,NOMINAL,21714,-1,65535,32,22718,329,-238,3
45,follow,stop-at 2.00s,0.8010,NOMINAL,21715,-1,65535,32,46109,328,-239,3
45,follow,stop-at 2.00s,0.8343,NOMINAL,21716,-1,65535,32,112275,329,-239,3
45,follow,stop-at 2.00s,0.8676,NOMINAL,21717,-1,65535,32,21996,328,-239,3
45,follow,stop-at 2.00s,0.9007,NOMINAL,21718,-1,65535,32,44695,328,-239,3
45,follow,stop-at 2.00s,0.9343,NOMINAL,21719,-1,65535,32,65725,328,-239,3
45,follow,stop-at 2.00s,0.9676,NOMINAL,21720,-1,65535,32,52613,328,-239,3
45,follow,stop-at 2.00s,1.0010,NOMINAL,21721,-1,65535,32,62709,329,-239,3
45,follow,stop-at 2.00s,1.0342,NOMINAL,21722,-1,65535,32,25462,328,-239,3
45,follow,stop-at 2.00s,1.0676,NOMINAL,21723,-1,65535,32,38661,329,-239,3
45,follow,stop-at 2.00s,1.1012,NOMINAL,21724,-1,65535,32,26585,328,-239,3
45,follow,stop-at 2.00s,1.1344,NOMINAL,21725,-1,65535,32,35137,328,-239,3
45,follow,stop-at 2.00s,1.1676,NOMINAL,21726,-1,65535,32,35188,329,-239,3
45,follow,stop-at 2.00s,1.2013,NOMINAL,21727,-1,65535,32,87652,328,-239,3
45,follow,stop-at 2.00s,1.2344,NOMINAL,21728,-1,65535,32,39563,329,-238,3
45,follow,stop-at 2.00s,1.2677,NOMINAL,21729,-1,65535,32,65833,329,-239,3
45,follow,stop-at 2.00s,1.3010,NOMINAL,21730,-1,65535,32,38326,329,-240,3
45,follow,stop-at 2.00s,1.3343,NOMINAL,21731,-1,65535,32,41167,329,-239,3
45,follow,stop-at 2.00s,1.3677,NOMINAL,21732,-1,65535,32,38425,329,-239,3
45,follow,stop-at 2.00s,1.4012,NOMINAL,21733,-1,65535,32,58121,329,-238,3
45,follow,stop-at 2.00s,1.4342,NOMINAL,21734,-1,65535,32,56557,329,-238,3
45,follow,stop-at 2.00s,1.4677,NOMINAL,21735,-1,65535,32,70962,329,-239,3
45,follow,stop-at 2.00s,1.5011,NOMINAL,21736,-1,65535,32,86554,329,-239,3
45,follow,stop-at 2.00s,1.5342,NOMINAL,21737,-1,65535,32,78344,329,-239,3
45,follow,stop-at 2.00s,1.5676,NOMINAL,21738,-1,65535,32,89084,329,-239,3
45,follow,stop-at 2.00s,1.6011,NOMINAL,21739,-1,65535,32,44245,329,-239,3
45,follow,stop-at 2.00s,1.6342,NOMINAL,21740,-1,65535,32,46142,329,-239,3
45,follow,stop-at 2.00s,1.6676,NOMINAL,21741,-1,65535,32,18330,329,-239,3
45,follow,stop-at 2.00s,1.7009,NOMINAL,21742,-1,65535,32,63427,329,-239,3
45,follow,stop-at 2.00s,1.7345,NOMINAL,21743,-1,65535,32,69181,329,-239,3
45,follow,stop-at 2.00s,1.7676,NOMINAL,21744,-1,65535,32,38467,328,-238,3
45,follow,stop-at 2.00s,1.8011,NOMINAL,21745,-1,65535,32,23069,329,-238,3
45,follow,stop-at 2.00s,1.8342,NOMINAL,21746,-1,65535,32,39728,328,-238,3
45,follow,stop-at 2.00s,1.8678,NOMINAL,21747,-1,65535,32,69130,328,-239,3
45,follow,stop-at 2.00s,1.9008,NOMINAL,21748,-1,65535,32,40004,328,-238,3
45,follow,stop-at 2.00s,1.9343,NOMINAL,21749,-1,65535,32,29287,329,-239,3
45,follow,stop-at 2.00s,1.9675,NOMINAL,21750,-1,65535,32,58176,329,-239,3
45,follow,stop-at 2.00s,2.0716,FAILSAFE,21750,-1,65535,33,0,329,-239,3
45,follow,stop-at 2.00s,2.1721,FAILSAFE,21750,-1,65535,33,0,329,-239,3
45,follow,stop-at 2.00s,2.2726,FAILSAFE,21750,-1,65535,33,0,329,-239,3
45,follow,stop-at 2.00s,2.3731,FAILSAFE,21750,-1,65535,33,0,328,-239,3
45,follow,stop-at 2.00s,2.4737,FAILSAFE,21750,-1,65535,33,0,329,-239,3
45,follow,stop-at 2.00s,2.5741,FAILSAFE,21750,-1,65535,33,0,329,-238,3
46,follow,stop-at 2.00s,-0.9989,FAILSAFE,21751,-1,65535,32,80005,329,-239,3
46,follow,stop-at 2.00s,-0.9656,FAILSAFE,21752,-1,65535,32,37446,329,-239,3
46,follow,stop-at 2.00s,-0.9324,FAILSAFE,21753,-1,65535,32,37573,329,-239,3
46,follow,stop-at 2.00s,-0.9124,FAILSAFE,21753,-1,65535,32,0,329,-239,3
46,follow,stop-at 2.00s,-0.8992,FAILSAFE,21754,-1,65535,32,34597,329,-239,3
46,follow,stop-at 2.00s,-0.8657,FAILSAFE,21755,-1,65535,32,67984,329,-239,3
46,follow,stop-at 2.00s,-0.8323,FAILSAFE,21756,-1,65535,32,15335,329,-239,3
46,follow,stop-at 2.00s,-0.8125,FAILSAFE,21756,-1,65535,32,0,329,-239,3
46,follow,stop-at 2.00s,-0.7992,FAILSAFE,21757,-1,65535,32,52221,329,-239,3
46,follow,stop-at 2.00s,-0.7658,FAILSAFE,21758,-1,65535,32,38293,329,-239,3
46,follow,stop-at 2.00s,-0.7324,FAILSAFE,21759,-1,65535,32,75669,329,-239,3
46,follow,stop-at 2.00s,-0.7121,FAILSAFE,21759,-1,65535,32,0,329,-239,3
46,follow,stop-at 2.00s,-0.6984,NOMINAL,21760,-1,65535,32,140421,329,-239,3
46,follow,stop-at 2.00s,-0.6657,NOMINAL,21761,-1,65535,32,38506,329,-239,3
46,follow,stop-at 2.00s,-0.6325,NOMINAL,21762,-1,65535,32,103960,329,-239,3
46,follow,stop-at 2.00s,-0.5990,NOMINAL,21763,-1,65535,32,42454,329,-239,3
46,follow,stop-at 2.00s,-0.5659,NOMINAL,21764,-1,65535,32,43771,329,-239,3
46,follow,stop-at 2.00s,-0.5325,NOMINAL,21765,-1,65535,32,46318,329,-239,3
46,follow,stop-at 2.00s,-0.4992,NOMINAL,21766,-1,65535,32,23675,329,-239,3
46,follow,stop-at 2.00s,-0.4657,NOMINAL,21767,-1,65535,32,84513,329,-239,3
46,follow,stop-at 2.00s,-0.4325,NOMINAL,21768,-1,65535,32,86077,329,-239,3
46,follow,stop-at 2.00s,-0.3989,NOMINAL,21769,-1,65535,32,81751,329,-239,3
46,follow,stop-at 2.00s,-0.3658,NOMINAL,21770,-1,65535,32,29042,329,-239,3
46,follow,stop-at 2.00s,-0.3326,NOMINAL,21771,-1,65535,32,55927,329,-239,3
46,follow,stop-at 2.00s,-0.2989,NOMINAL,21772,-1,65535,32,81614,329,-238,3
46,follow,stop-at 2.00s,-0.2658,NOMINAL,21773,-1,65535,32,40133,329,-239,3
46,follow,stop-at 2.00s,-0.2324,NOMINAL,21774,-1,65535,32,61783,329,-239,3
46,follow,stop-at 2.00s,-0.1989,NOMINAL,21775,-1,65535,32,83301,329,-238,3
46,follow,stop-at 2.00s,-0.1657,NOMINAL,21776,-1,65535,32,25457,329,-238,3
46,follow,stop-at 2.00s,-0.1322,NOMINAL,21777,-1,65535,32,102524,329,-239,3
46,follow,stop-at 2.00s,-0.0990,NOMINAL,21778,-1,65535,32,28488,329,-238,3
46,follow,stop-at 2.00s,-0.0658,NOMINAL,21779,-1,65535,32,24504,329,-238,3
46,follow,stop-at 2.00s,-0.0325,NOMINAL,21780,-1,65535,32,57692,329,-238,3
46,follow,stop-at 2.00s,0.0010,NOMINAL,21781,-1,65535,32,71496,329,-238,3
46,follow,stop-at 2.00s,0.0344,NOMINAL,21782,-1,65535,32,54096,329,-238,3
46,follow,stop-at 2.00s,0.0677,NOMINAL,21783,-1,65535,32,68220,329,-238,3
46,follow,stop-at 2.00s,0.1010,NOMINAL,21784,-1,65535,32,55634,329,-238,3
46,follow,stop-at 2.00s,0.1341,NOMINAL,21785,-1,65535,32,23862,329,-238,3
46,follow,stop-at 2.00s,0.1678,NOMINAL,21786,-1,65535,32,68405,329,-238,3
46,follow,stop-at 2.00s,0.2009,NOMINAL,21787,-1,65535,32,69505,329,-239,3
46,follow,stop-at 2.00s,0.2343,NOMINAL,21788,-1,65535,32,35039,329,-239,3
46,follow,stop-at 2.00s,0.2676,NOMINAL,21789,-1,65535,32,56450,329,-239,3
46,follow,stop-at 2.00s,0.3010,NOMINAL,21790,-1,65535,32,83775,329,-239,3
46,follow,stop-at 2.00s,0.3347,NOMINAL,21791,-1,65535,32,112201,329,-239,3
46,follow,stop-at 2.00s,0.3677,NOMINAL,21792,-1,65535,32,39444,329,-239,3
46,follow,stop-at 2.00s,0.4009,NOMINAL,21793,-1,65535,32,45909,329,-239,3
46,follow,stop-at 2.00s,0.4343,NOMINAL,21794,-1,65535,32,38112,329,-238,3
46,follow,stop-at 2.00s,0.4675,NOMINAL,21795,-1,65535,32,40251,329,-239,3
46,follow,stop-at 2.00s,0.5011,NOMINAL,21796,-1,65535,32,72456,329,-239,3
46,follow,stop-at 2.00s,0.5342,NOMINAL,21797,-1,65535,32,41794,329,-239,3
46,follow,stop-at 2.00s,0.5676,NOMINAL,21798,-1,65535,32,39804,329,-239,3
46,follow,stop-at 2.00s,0.6012,NOMINAL,21799,-1,65535,32,70539,328,-239,3
46,follow,stop-at 2.00s,0.6341,NOMINAL,21800,-1,65535,32,16171,328,-239,3
46,follow,stop-at 2.00s,0.6678,NOMINAL,21801,-1,65535,32,86355,328,-238,3
46,follow,stop-at 2.00s,0.7010,NOMINAL,21802,-1,65535,32,85617,328,-239,3
46,follow,stop-at 2.00s,0.7343,NOMINAL,21803,-1,65535,32,56729,329,-239,3
46,follow,stop-at 2.00s,0.7676,NOMINAL,21804,-1,65535,32,65755,329,-238,3
46,follow,stop-at 2.00s,0.8010,NOMINAL,21805,-1,65535,32,80987,329,-239,3
46,follow,stop-at 2.00s,0.8345,NOMINAL,21806,-1,65535,32,68072,329,-239,3
46,follow,stop-at 2.00s,0.8676,NOMINAL,21807,-1,65535,32,83775,329,-239,3
46,follow,stop-at 2.00s,0.9010,NOMINAL,21808,-1,65535,32,42801,329,-239,3
46,follow,stop-at 2.00s,0.9343,NOMINAL,21809,-1,65535,32,47558,329,-239,3
46,follow,stop-at 2.00s,0.9678,NOMINAL,21810,-1,65535,32,59543,329,-239,3
46,follow,stop-at 2.00s,1.0011,NOMINAL,21811,-1,65535,32,55121,329,-239,3
46,follow,stop-at 2.00s,1.0342,NOMINAL,21812,-1,65535,32,59332,329,-239,3
46,follow,stop-at 2.00s,1.0675,NOMINAL,21813,-1,65535,32,58735,329,-239,3
46,follow,stop-at 2.00s,1.1008,NOMINAL,21814,-1,65535,32,42528,329,-239,3
46,follow,stop-at 2.00s,1.1343,NOMINAL,21815,-1,65535,32,55212,329,-239,3
46,follow,stop-at 2.00s,1.1677,NOMINAL,21816,-1,65535,32,24119,329,-239,3
46,follow,stop-at 2.00s,1.2007,NOMINAL,21817,-1,65535,32,42904,329,-239,3
46,follow,stop-at 2.00s,1.2345,NOMINAL,21818,-1,65535,32,25917,329,-239,3
46,follow,stop-at 2.00s,1.2676,NOMINAL,21819,-1,65535,32,40222,329,-239,3
46,follow,stop-at 2.00s,1.3013,NOMINAL,21820,-1,65535,32,90439,329,-238,3
46,follow,stop-at 2.00s,1.3343,NOMINAL,21821,-1,65535,32,42416,329,-239,3
46,follow,stop-at 2.00s,1.3677,NOMINAL,21822,-1,65535,32,55163,329,-239,3
46,follow,stop-at 2.00s,1.4011,NOMINAL,21823,-1,65535,32,56004,329,-238,3
46,follow,stop-at 2.00s,1.4344,NOMINAL,21824,-1,65535,32,41308,329,-238,3
46,follow,stop-at 2.00s,1.4676,NOMINAL,21825,-1,65535,32,83676,329,-238,3
46,follow,stop-at 2.00s,1.5011,NOMINAL,21826,-1,65535,32,45667,329,-238,3
46,follow,stop-at 2.00s,1.5343,NOMINAL,21827,-1,65535,32,24925,329,-238,3
46,follow,stop-at 2.00s,1.5676,NOMINAL,21828,-1,65535,32,38180,328,-239,3
46,follow,stop-at 2.00s,1.6009,NOMINAL,21829,-1,65535,32,40630,329,-239,3
46,follow,stop-at 2.00s,1.6344,NOMINAL,21830,-1,65535,32,84685,329,-239,3
46,follow,stop-at 2.00s,1.6675,NOMINAL,21831,-1,65535,32,59998,329,-238,3
46,follow,stop-at 2.00s,1.7009,NOMINAL,21832,-1,65535,32,42046,329,-238,3
46,follow,stop-at 2.00s,1.7344,NOMINAL,21833,-1,65535,32,85876,329,-239,3
46,follow,stop-at 2.00s,1.7677,NOMINAL,21834,-1,65535,32,82914,329,-239,3
46,follow,stop-at 2.00s,1.8010,NOMINAL,21835,-1,65535,32,41299,329,-239,3
46,follow,stop-at 2.00s,1.8342,NOMINAL,21836,-1,65535,32,42027,329,-239,3
46,follow,stop-at 2.00s,1.8677,NOMINAL,21837,-1,65535,32,40817,329,-239,3
46,follow,stop-at 2.00s,1.9010,NOMINAL,21838,-1,65535,32,63837,329,-239,3
46,follow,stop-at 2.00s,1.9343,NOMINAL,21839,-1,65535,32,39261,329,-239,3
46,follow,stop-at 2.00s,1.9677,NOMINAL,21840,-1,65535,32,40215,329,-239,3
46,follow,stop-at 2.00s,2.0785,FAILSAFE,21840,-1,65535,33,0,328,-238,3
46,follow,stop-at 2.00s,2.1791,FAILSAFE,21840,-1,65535,33,0,329,-239,3
46,follow,stop-at 2.00s,2.2797,FAILSAFE,21840,-1,65535,33,0,328,-239,3
46,follow,stop-at 2.00s,2.3801,FAILSAFE,21840,-1,65535,33,0,329,-239,3
46,follow,stop-at 2.00s,2.4807,FAILSAFE,21840,-1,65535,33,0,328,-239,3
46,follow,stop-at 2.00s,2.5811,FAILSAFE,21840,-1,65535,33,0,328,-239,3
47,follow,stop-at 2.00s,-0.9988,FAILSAFE,21841,-1,65535,32,85081,329,-239,3
47,follow,stop-at 2.00s,-0.9657,FAILSAFE,21842,-1,65535,32,32829,329,-238,3
47,follow,stop-at 2.00s,-0.9324,FAILSAFE,21843,-1,65535,32,56310,329,-239,3
47,follow,stop-at 2.00s,-0.9123,FAILSAFE,21843,-1,65535,32,0,329,-239,3
47,follow,stop-at 2.00s,-0.8991,FAILSAFE,21844,-1,65535,32,55580,328,-239,3
47,follow,stop-at 2.00s,-0.8657,FAILSAFE,21845,-1,65535,32,21522,329,-239,3
47,follow,stop-at 2.00s,-0.8322,FAILSAFE,21846,-1,65535,32,86278,329,-239,3
47,follow,stop-at 2.00s,-0.8123,FAILSAFE,21846,-1,65535,32,0,329,-239,3
47,follow,stop-at 2.00s,-0.7992,FAILSAFE,21847,-1,65535,32,39925,329,-239,3
47,follow,stop-at 2.00s,-0.7658,FAILSAFE,21848,-1,65535,32,35539,329,-240,3
47,follow,stop-at 2.00s,-0.7323,FAILSAFE,21849,-1,65535,32,63897,329,-239,3
47,follow,stop-at 2.00s,-0.7119,FAILSAFE,21849,-1,65535,32,0,329,-239,3
47,follow,stop-at 2.00s,-0.6982,NOMINAL,21850,-1,65535,32,204726,329,-239,3
47,follow,stop-at 2.00s,-0.6654,NOMINAL,21851,-1,65535,32,78423,329,-239,3
47,follow,stop-at 2.00s,-0.6323,NOMINAL,21852,-1,65535,32,65925,329,-239,3
47,follow,stop-at 2.00s,-0.5989,NOMINAL,21853,-1,65535,32,41997,329,-239,3
47,follow,stop-at 2.00s,-0.5657,NOMINAL,21854,-1,65535,32,41822,329,-239,3
47,follow,stop-at 2.00s,-0.5325,NOMINAL,21855,-1,65535,32,58584,329,-239,3
47,follow,stop-at 2.00s,-0.4991,NOMINAL,21856,-1,65535,32,43536,329,-238,3
47,follow,stop-at 2.00s,-0.4656,NOMINAL,21857,-1,65535,32,61239,329,-238,3
47,follow,stop-at 2.00s,-0.4324,NOMINAL,21858,-1,65535,32,60159,329,-239,3
47,follow,stop-at 2.00s,-0.3988,NOMINAL,21859,-1,65535,32,78541,328,-239,3
47,follow,stop-at 2.00s,-0.3656,NOMINAL,21860,-1,65535,32,91122,328,-239,3
47,follow,stop-at 2.00s,-0.3324,NOMINAL,21861,-1,65535,32,38947,328,-238,3
47,follow,stop-at 2.00s,-0.2990,NOMINAL,21862,-1,65535,32,42900,328,-238,3
47,follow,stop-at 2.00s,-0.2656,NOMINAL,21863,-1,65535,32,61985,329,-239,3
47,follow,stop-at 2.00s,-0.2324,NOMINAL,21864,-1,65535,32,86831,329,-239,3
47,follow,stop-at 2.00s,-0.1991,NOMINAL,21865,-1,65535,32,65596,328,-239,3
47,follow,stop-at 2.00s,-0.1656,NOMINAL,21866,-1,65535,32,76578,328,-238,3
47,follow,stop-at 2.00s,-0.1322,NOMINAL,21867,-1,65535,32,128571,328,-239,3
47,follow,stop-at 2.00s,-0.0990,NOMINAL,21868,-1,65535,32,87286,328,-238,3
47,follow,stop-at 2.00s,-0.0657,NOMINAL,21869,-1,65535,32,60424,329,-239,3
47,follow,stop-at 2.00s,-0.0324,NOMINAL,21870,-1,65535,32,36294,329,-238,3
47,follow,stop-at 2.00s,0.0009,NOMINAL,21871,-1,65535,32,58486,329,-239,3
47,follow,stop-at 2.00s,0.0342,NOMINAL,21872,-1,65535,32,56879,329,-239,3
47,follow,stop-at 2.00s,0.0677,NOMINAL,21873,-1,65535,32,39192,329,-239,3
47,follow,stop-at 2.00s,0.1010,NOMINAL,21874,-1,65535,32,58005,329,-239,3
47,follow,stop-at 2.00s,0.1344,NOMINAL,21875,-1,65535,32,101336,329,-239,3
47,follow,stop-at 2.00s,0.1676,NOMINAL,21876,-1,65535,32,97491,329,-239,3
47,follow,stop-at 2.00s,0.2011,NOMINAL,21877,-1,65535,32,38701,328,-239,3
47,follow,stop-at 2.00s,0.2344,NOMINAL,21878,-1,65535,32,58750,329,-239,3
47,follow,stop-at 2.00s,0.2678,NOMINAL,21879,-1,65535,32,68700,328,-239,3
47,follow,stop-at 2.00s,0.3011,NOMINAL,21880,-1,65535,32,60171,328,-239,3
47,follow,stop-at 2.00s,0.3347,NOMINAL,21881,-1,65535,32,64799,328,-239,3
47,follow,stop-at 2.00s,0.3677,NOMINAL,21882,-1,65535,32,28166,329,-239,3
47,follow,stop-at 2.00s,0.4012,NOMINAL,21883,-1,65535,32,40966,329,-239,3
47,follow,stop-at 2.00s,0.4346,NOMINAL,21884,-1,65535,32,44777,329,-238,3
47,follow,stop-at 2.00s,0.4677,NOMINAL,21885,-1,65535,32,41934,329,-239,3
47,follow,stop-at 2.00s,0.5010,NOMINAL,21886,-1,65535,32,39527,329,-239,3
47,follow,stop-at 2.00s,0.5343,NOMINAL,21887,-1,65535,32,45313,329,-239,3
47,follow,stop-at 2.00s,0.5675,NOMINAL,21888,-1,65535,32,42831,329,-239,3
47,follow,stop-at 2.00s,0.6009,NOMINAL,21889,-1,65535,32,67117,329,-238,3
47,follow,stop-at 2.00s,0.6345,NOMINAL,21890,-1,65535,32,55232,329,-238,3
47,follow,stop-at 2.00s,0.6676,NOMINAL,21891,-1,65535,32,38416,329,-238,3
47,follow,stop-at 2.00s,0.7009,NOMINAL,21892,-1,65535,32,20913,329,-238,3
47,follow,stop-at 2.00s,0.7343,NOMINAL,21893,-1,65535,32,94050,329,-238,3
47,follow,stop-at 2.00s,0.7675,NOMINAL,21894,-1,65535,32,23824,329,-238,3
47,follow,stop-at 2.00s,0.8012,NOMINAL,21895,-1,65535,32,68658,329,-239,3
47,follow,stop-at 2.00s,0.8342,NOMINAL,21896,-1,65535,32,44108,329,-239,3
47,follow,stop-at 2.00s,0.8676,NOMINAL,21897,-1,65535,32,45886,329,-239,3
47,follow,stop-at 2.00s,0.9009,NOMINAL,21898,-1,65535,32,39309,329,-239,3
47,follow,stop-at 2.00s,0.9342,NOMINAL,21899,-1,65535,32,42725,329,-239,3
47,follow,stop-at 2.00s,0.9678,NOMINAL,21900,-1,65535,32,28463,329,-239,3
47,follow,stop-at 2.00s,1.0010,NOMINAL,21901,-1,65535,32,34783,329,-239,3
47,follow,stop-at 2.00s,1.0342,NOMINAL,21902,-1,65535,32,42413,329,-239,3
47,follow,stop-at 2.00s,1.0677,NOMINAL,21903,-1,65535,32,33068,329,-239,3
47,follow,stop-at 2.00s,1.1009,NOMINAL,21904,-1,65535,32,39666,329,-238,3
47,follow,stop-at 2.00s,1.1342,NOMINAL,21905,-1,65535,32,42281,329,-238,3
47,follow,stop-at 2.00s,1.1676,NOMINAL,21906,-1,65535,32,13987,329,-239,3
47,follow,stop-at 2.00s,1.2010,NOMINAL,21907,-1,65535,32,40862,329,-239,3
47,follow,stop-at 2.00s,1.2343,NOMINAL,21908,-1,65535,32,41525,329,-239,3
47,follow,stop-at 2.00s,1.2675,NOMINAL,21909,-1,65535,32,17058,329,-239,3
47,follow,stop-at 2.00s,1.3009,NOMINAL,21910,-1,65535,32,60022,329,-238,3
47,follow,stop-at 2.00s,1.3343,NOMINAL,21911,-1,65535,32,84926,328,-238,3
47,follow,stop-at 2.00s,1.3677,NOMINAL,21912,-1,65535,32,43885,328,-238,3
47,follow,stop-at 2.00s,1.4010,NOMINAL,21913,-1,65535,32,70221,329,-238,3
47,follow,stop-at 2.00s,1.4344,NOMINAL,21914,-1,65535,32,40945,329,-239,3
47,follow,stop-at 2.00s,1.4676,NOMINAL,21915,-1,65535,32,58824,329,-239,3
47,follow,stop-at 2.00s,1.5011,NOMINAL,21916,-1,65535,32,52088,330,-239,3
47,follow,stop-at 2.00s,1.5343,NOMINAL,21917,-1,65535,32,38376,329,-239,3
47,follow,stop-at 2.00s,1.5676,NOMINAL,21918,-1,65535,32,75565,329,-239,3
47,follow,stop-at 2.00s,1.6011,NOMINAL,21919,-1,65535,32,23275,329,-239,3
47,follow,stop-at 2.00s,1.6340,NOMINAL,21920,-1,65535,32,39485,329,-239,3
47,follow,stop-at 2.00s,1.6676,NOMINAL,21921,-1,65535,32,42744,329,-239,3
47,follow,stop-at 2.00s,1.7009,NOMINAL,21922,-1,65535,32,83485,329,-239,3
47,follow,stop-at 2.00s,1.7343,NOMINAL,21923,-1,65535,32,24033,329,-239,3
47,follow,stop-at 2.00s,1.7676,NOMINAL,21924,-1,65535,32,83284,329,-239,3
47,follow,stop-at 2.00s,1.8010,NOMINAL,21925,-1,65535,32,81058,329,-239,3
47,follow,stop-at 2.00s,1.8343,NOMINAL,21926,-1,65535,32,108650,329,-239,3
47,follow,stop-at 2.00s,1.8675,NOMINAL,21927,-1,65535,32,38018,329,-239,3
47,follow,stop-at 2.00s,1.9009,NOMINAL,21928,-1,65535,32,40926,329,-239,3
47,follow,stop-at 2.00s,1.9343,NOMINAL,21929,-1,65535,32,41846,329,-239,3
47,follow,stop-at 2.00s,1.9676,NOMINAL,21930,-1,65535,32,82679,329,-239,3
47,follow,stop-at 2.00s,2.0755,FAILSAFE,21930,-1,65535,33,0,328,-238,3
47,follow,stop-at 2.00s,2.1758,FAILSAFE,21930,-1,65535,33,0,329,-238,3
47,follow,stop-at 2.00s,2.2764,FAILSAFE,21930,-1,65535,33,0,329,-239,3
47,follow,stop-at 2.00s,2.3768,FAILSAFE,21930,-1,65535,33,0,329,-239,3
47,follow,stop-at 2.00s,2.4774,FAILSAFE,21930,-1,65535,33,0,329,-239,3
47,follow,stop-at 2.00s,2.5778,FAILSAFE,21930,-1,65535,33,0,329,-239,3
48,follow,stop-at 2.00s,-0.9990,FAILSAFE,21931,-1,65535,32,37433,329,-239,3
48,follow,stop-at 2.00s,-0.9659,FAILSAFE,21932,-1,65535,32,39475,330,-239,3
48,follow,stop-at 2.00s,-0.9324,FAILSAFE,21933,-1,65535,32,33952,329,-239,3
48,follow,stop-at 2.00s,-0.9125,FAILSAFE,21933,-1,65535,32,0,329,-239,3
48,follow,stop-at 2.00s,-0.8989,FAILSAFE,21934,-1,65535,32,51659,329,-239,3
48,follow,stop-at 2.00s,-0.8658,FAILSAFE,21935,-1,65535,32,34738,329,-239,3
48,follow,stop-at 2.00s,-0.8324,FAILSAFE,21936,-1,65535,32,36708,329,-239,3
48,follow,stop-at 2.00s,-0.8123,FAILSAFE,21936,-1,65535,32,0,329,-239,3
48,follow,stop-at 2.00s,-0.7992,FAILSAFE,21937,-1,65535,32,48712,329,-239,3
48,follow,stop-at 2.00s,-0.7659,FAILSAFE,21938,-1,65535,32,36900,329,-239,3
48,follow,stop-at 2.00s,-0.7325,FAILSAFE,21939,-1,65535,32,33463,329,-239,3
48,follow,stop-at 2.00s,-0.7120,FAILSAFE,21939,-1,65535,32,0,329,-239,3
48,follow,stop-at 2.00s,-0.6983,NOMINAL,21940,-1,65535,32,139528,329,-239,3
48,follow,stop-at 2.00s,-0.6657,NOMINAL,21941,-1,65535,32,60907,329,-239,3
48,follow,stop-at 2.00s,-0.6323,NOMINAL,21942,-1,65535,32,59150,329,-239,3
48,follow,stop-at 2.00s,-0.5988,NOMINAL,21943,-1,65535,32,45127,329,-239,3
48,follow,stop-at 2.00s,-0.5656,NOMINAL,21944,-1,65535,32,60376,329,-239,3
48,follow,stop-at 2.00s,-0.5323,NOMINAL,21945,-1,65535,32,52358,329,-238,3
48,follow,stop-at 2.00s,-0.4991,NOMINAL,21946,-1,65535,32,116478,329,-238,3
48,follow,stop-at 2.00s,-0.4658,NOMINAL,21947,-1,65535,32,36666,328,-238,3
48,follow,stop-at 2.00s,-0.4323,NOMINAL,21948,-1,65535,32,111383,329,-238,3
48,follow,stop-at 2.00s,-0.3990,NOMINAL,21949,-1,65535,32,66574,329,-238,3
48,follow,stop-at 2.00s,-0.3657,NOMINAL,21950,-1,65535,32,41753,329,-238,3
48,follow,stop-at 2.00s,-0.3322,NOMINAL,21951,-1,65535,32,40942,329,-239,3
48,follow,stop-at 2.00s,-0.2990,NOMINAL,21952,-1,65535,32,54742,329,-239,3
48,follow,stop-at 2.00s,-0.2659,NOMINAL,21953,-1,65535,32,41894,329,-239,3
48,follow,stop-at 2.00s,-0.2325,NOMINAL,21954,-1,65535,32,38866,329,-239,3
48,follow,stop-at 2.00s,-0.1991,NOMINAL,21955,-1,65535,32,23593,328,-239,3
48,follow,stop-at 2.00s,-0.1657,NOMINAL,21956,-1,65535,32,55099,328,-238,3
48,follow,stop-at 2.00s,-0.1326,NOMINAL,21957,-1,65535,32,34763,328,-238,3
48,follow,stop-at 2.00s,-0.0991,NOMINAL,21958,-1,65535,32,42254,329,-239,3
48,follow,stop-at 2.00s,-0.0656,NOMINAL,21959,-1,65535,32,37836,329,-239,3
48,follow,stop-at 2.00s,-0.0323,NOMINAL,21960,-1,65535,32,50754,329,-239,3
48,follow,stop-at 2.00s,0.0010,NOMINAL,21961,-1,65535,32,42026,329,-239,3
48,follow,stop-at 2.00s,0.0342,NOMINAL,21962,-1,65535,32,80276,329,-239,3
48,follow,stop-at 2.00s,0.0674,NOMINAL,21963,-1,65535,32,23424,329,-239,3
48,follow,stop-at 2.00s,0.1010,NOMINAL,21964,-1,65535,32,45841,329,-239,3
48,follow,stop-at 2.00s,0.1343,NOMINAL,21965,-1,65535,32,24400,329,-239,3
48,follow,stop-at 2.00s,0.1680,NOMINAL,21966,-1,65535,32,37941,329,-239,3
48,follow,stop-at 2.00s,0.2010,NOMINAL,21967,-1,65535,32,42970,329,-239,3
48,follow,stop-at 2.00s,0.2344,NOMINAL,21968,-1,65535,32,40908,329,-239,3
48,follow,stop-at 2.00s,0.2676,NOMINAL,21969,-1,65535,32,41914,329,-238,3
48,follow,stop-at 2.00s,0.3010,NOMINAL,21970,-1,65535,32,45131,329,-239,3
48,follow,stop-at 2.00s,0.3344,NOMINAL,21971,-1,65535,32,29616,329,-239,3
48,follow,stop-at 2.00s,0.3678,NOMINAL,21972,-1,65535,32,43619,329,-239,3
48,follow,stop-at 2.00s,0.4009,NOMINAL,21973,-1,65535,32,57404,328,-239,3
48,follow,stop-at 2.00s,0.4342,NOMINAL,21974,-1,65535,32,62480,328,-239,3
48,follow,stop-at 2.00s,0.4675,NOMINAL,21975,-1,65535,32,43193,328,-239,3
48,follow,stop-at 2.00s,0.5010,NOMINAL,21976,-1,65535,32,84238,328,-239,3
48,follow,stop-at 2.00s,0.5343,NOMINAL,21977,-1,65535,32,58670,328,-238,3
48,follow,stop-at 2.00s,0.5676,NOMINAL,21978,-1,65535,32,84478,328,-238,3
48,follow,stop-at 2.00s,0.6012,NOMINAL,21979,-1,65535,32,56854,329,-238,3
48,follow,stop-at 2.00s,0.6344,NOMINAL,21980,-1,65535,32,55350,329,-238,3
48,follow,stop-at 2.00s,0.6677,NOMINAL,21981,-1,65535,32,83434,329,-238,3
48,follow,stop-at 2.00s,0.7010,NOMINAL,21982,-1,65535,32,82892,329,-239,3
48,follow,stop-at 2.00s,0.7344,NOMINAL,21983,-1,65535,32,38854,329,-239,3
48,follow,stop-at 2.00s,0.7676,NOMINAL,21984,-1,65535,32,71225,329,-238,3
48,follow,stop-at 2.00s,0.8009,NOMINAL,21985,-1,65535,32,42925,329,-238,3
48,follow,stop-at 2.00s,0.8342,NOMINAL,21986,-1,65535,32,57376,329,-238,3
48,follow,stop-at 2.00s,0.8676,NOMINAL,21987,-1,65535,32,37321,329,-238,3
48,follow,stop-at 2.00s,0.9010,NOMINAL,21988,-1,65535,32,45412,329,-238,3
48,follow,stop-at 2.00s,0.9344,NOMINAL,21989,-1,65535,32,109965,329,-239,3
48,follow,stop-at 2.00s,0.9676,NOMINAL,21990,-1,65535,32,66475,329,-239,3
48,follow,stop-at 2.00s,1.0011,NOMINAL,21991,-1,65535,32,63322,329,-239,3
48,follow,stop-at 2.00s,1.0343,NOMINAL,21992,-1,65535,32,55842,329,-239,3
48,follow,stop-at 2.00s,1.0676,NOMINAL,21993,-1,65535,32,51150,329,-239,3
48,follow,stop-at 2.00s,1.1009,NOMINAL,21994,-1,65535,32,68925,329,-239,3
48,follow,stop-at 2.00s,1.1343,NOMINAL,21995,-1,65535,32,23308,329,-239,3
48,follow,stop-at 2.00s,1.1677,NOMINAL,21996,-1,65535,32,81888,329,-239,3
48,follow,stop-at 2.00s,1.2010,NOMINAL,21997,-1,65535,32,70937,329,-239,3
48,follow,stop-at 2.00s,1.2344,NOMINAL,21998,-1,65535,32,39721,328,-239,3
48,follow,stop-at 2.00s,1.2675,NOMINAL,21999,-1,65535,32,42200,328,-239,3
48,follow,stop-at 2.00s,1.3010,NOMINAL,22000,-1,65535,32,40551,329,-239,3
48,follow,stop-at 2.00s,1.3344,NOMINAL,22001,-1,65535,32,61625,329,-239,3
48,follow,stop-at 2.00s,1.3678,NOMINAL,22002,-1,65535,32,58457,329,-239,3
48,follow,stop-at 2.00s,1.4011,NOMINAL,22003,-1,65535,32,42886,329,-239,3
48,follow,stop-at 2.00s,1.4342,NOMINAL,22004,-1,65535,32,15434,329,-239,3
48,follow,stop-at 2.00s,1.4675,NOMINAL,22005,-1,65535,32,24284,329,-239,3
48,follow,stop-at 2.00s,1.5009,NOMINAL,22006,-1,65535,32,44947,329,-239,3
48,follow,stop-at 2.00s,1.5342,NOMINAL,22007,-1,65535,32,86069,329,-239,3
48,follow,stop-at 2.00s,1.5676,NOMINAL,22008,-1,65535,32,70679,329,-238,3
48,follow,stop-at 2.00s,1.6007,NOMINAL,22009,-1,65535,32,38196,329,-239,3
48,follow,stop-at 2.00s,1.6343,NOMINAL,22010,-1,65535,32,44233,329,-239,3
48,follow,stop-at 2.00s,1.6676,NOMINAL,22011,-1,65535,32,57880,329,-239,3
48,follow,stop-at 2.00s,1.7009,NOMINAL,22012,-1,65535,32,41579,329,-239,3
48,follow,stop-at 2.00s,1.7343,NOMINAL,22013,-1,65535,32,60183,329,-239,3
48,follow,stop-at 2.00s,1.7675,NOMINAL,22014,-1,65535,32,39387,329,-239,3
48,follow,stop-at 2.00s,1.8011,NOMINAL,22015,-1,65535,32,42241,328,-239,3
48,follow,stop-at 2.00s,1.8343,NOMINAL,22016,-1,65535,32,37829,328,-239,3
48,follow,stop-at 2.00s,1.8676,NOMINAL,22017,-1,65535,32,41512,328,-239,3
48,follow,stop-at 2.00s,1.9009,NOMINAL,22018,-1,65535,32,46759,328,-239,3
48,follow,stop-at 2.00s,1.9345,NOMINAL,22019,-1,65535,32,80768,328,-239,3
48,follow,stop-at 2.00s,1.9676,NOMINAL,22020,-1,65535,32,43270,328,-239,3
48,follow,stop-at 2.00s,2.0724,FAILSAFE,22020,-1,65535,33,0,329,-239,3
48,follow,stop-at 2.00s,2.1728,FAILSAFE,22020,-1,65535,33,0,329,-239,3
48,follow,stop-at 2.00s,2.2734,FAILSAFE,22020,-1,65535,33,0,329,-239,3
48,follow,stop-at 2.00s,2.3739,FAILSAFE,22020,-1,65535,33,0,328,-239,3
48,follow,stop-at 2.00s,2.4744,FAILSAFE,22020,-1,65535,33,0,329,-239,3
48,follow,stop-at 2.00s,2.5749,FAILSAFE,22020,-1,65535,33,0,329,-238,3
49,follow,stop-at 2.00s,-0.9990,FAILSAFE,22021,-1,65535,32,62514,329,-239,3
49,follow,stop-at 2.00s,-0.9658,FAILSAFE,22022,-1,65535,32,18471,329,-239,3
49,follow,stop-at 2.00s,-0.9324,FAILSAFE,22023,-1,65535,32,34085,329,-238,3
49,follow,stop-at 2.00s,-0.9124,FAILSAFE,22023,-1,65535,32,0,329,-239,3
49,follow,stop-at 2.00s,-0.8991,FAILSAFE,22024,-1,65535,32,61281,329,-238,3
49,follow,stop-at 2.00s,-0.8658,FAILSAFE,22025,-1,65535,32,30059,329,-239,3
49,follow,stop-at 2.00s,-0.8325,FAILSAFE,22026,-1,65535,32,35610,329,-239,3
49,follow,stop-at 2.00s,-0.8124,FAILSAFE,22026,-1,65535,32,0,329,-239,3
49,follow,stop-at 2.00s,-0.7991,FAILSAFE,22027,-1,65535,32,73285,329,-238,3
49,follow,stop-at 2.00s,-0.7658,FAILSAFE,22028,-1,65535,32,16835,329,-238,3
49,follow,stop-at 2.00s,-0.7325,FAILSAFE,22029,-1,65535,32,49330,329,-238,3
49,follow,stop-at 2.00s,-0.7122,FAILSAFE,22029,-1,65535,32,0,329,-239,3
49,follow,stop-at 2.00s,-0.6987,NOMINAL,22030,-1,65535,32,97016,329,-239,3
49,follow,stop-at 2.00s,-0.6656,NOMINAL,22031,-1,65535,32,72254,329,-239,3
49,follow,stop-at 2.00s,-0.6322,NOMINAL,22032,-1,65535,32,55797,329,-239,3
49,follow,stop-at 2.00s,-0.5990,NOMINAL,22033,-1,65535,32,37991,329,-239,3
49,follow,stop-at 2.00s,-0.5658,NOMINAL,22034,-1,65535,32,41236,329,-239,3
49,follow,stop-at 2.00s,-0.5325,NOMINAL,22035,-1,65535,32,40695,329,-239,3
49,follow,stop-at 2.00s,-0.4990,NOMINAL,22036,-1,65535,32,40920,329,-239,3
49,follow,stop-at 2.00s,-0.4657,NOMINAL,22037,-1,65535,32,60134,329,-239,3
49,follow,stop-at 2.00s,-0.4324,NOMINAL,22038,-1,65535,32,41469,329,-239,3
49,follow,stop-at 2.00s,-0.3991,NOMINAL,22039,-1,65535,32,44825,329,-239,3
49,follow,stop-at 2.00s,-0.3657,NOMINAL,22040,-1,65535,32,42628,329,-239,3
49,follow,stop-at 2.00s,-0.3325,NOMINAL,22041,-1,65535,32,42542,329,-239,3
49,follow,stop-at 2.00s,-0.2991,NOMINAL,22042,-1,65535,32,44447,329,-239,3
49,follow,stop-at 2.00s,-0.2655,NOMINAL,22043,-1,65535,32,59158,329,-239,3
49,follow,stop-at 2.00s,-0.2324,NOMINAL,22044,-1,65535,32,59112,329,-239,3
49,follow,stop-at 2.00s,-0.1990,NOMINAL,22045,-1,65535,32,43005,329,-239,3
49,follow,stop-at 2.00s,-0.1656,NOMINAL,22046,-1,65535,32,84679,329,-239,3
49,follow,stop-at 2.00s,-0.1324,NOMINAL,22047,-1,65535,32,70255,329,-239,3
49,follow,stop-at 2.00s,-0.0990,NOMINAL,22048,-1,65535,32,67117,329,-239,3
49,follow,stop-at 2.00s,-0.0656,NOMINAL,22049,-1,65535,32,81779,328,-239,3
49,follow,stop-at 2.00s,-0.0323,NOMINAL,22050,-1,65535,32,70508,329,-239,3
49,follow,stop-at 2.00s,0.0011,NOMINAL,22051,-1,65535,32,62919,329,-239,3
49,follow,stop-at 2.00s,0.0342,NOMINAL,22052,-1,65535,32,43005,329,-239,3
49,follow,stop-at 2.00s,0.0676,NOMINAL,22053,-1,65535,32,39925,329,-239,3
49,follow,stop-at 2.00s,0.1010,NOMINAL,22054,-1,65535,32,20054,329,-239,3
49,follow,stop-at 2.00s,0.1346,NOMINAL,22055,-1,65535,32,79819,329,-239,3
49,follow,stop-at 2.00s,0.1676,NOMINAL,22056,-1,65535,32,60601,329,-238,3
49,follow,stop-at 2.00s,0.2012,NOMINAL,22057,-1,65535,32,42732,329,-239,3
49,follow,stop-at 2.00s,0.2342,NOMINAL,22058,-1,65535,32,37243,329,-238,3
49,follow,stop-at 2.00s,0.2675,NOMINAL,22059,-1,65535,32,57912,329,-239,3
49,follow,stop-at 2.00s,0.3010,NOMINAL,22060,-1,65535,32,72371,329,-238,3
49,follow,stop-at 2.00s,0.3345,NOMINAL,22061,-1,65535,32,46664,329,-239,3
49,follow,stop-at 2.00s,0.3679,NOMINAL,22062,-1,65535,32,32403,329,-239,3
49,follow,stop-at 2.00s,0.4010,NOMINAL,22063,-1,65535,32,41118,329,-239,3
49,follow,stop-at 2.00s,0.4343,NOMINAL,22064,-1,65535,32,23329,329,-239,3
49,follow,stop-at 2.00s,0.4677,NOMINAL,22065,-1,65535,32,45116,329,-239,3
49,follow,stop-at 2.00s,0.5010,NOMINAL,22066,-1,65535,32,65546,329,-239,3
49,follow,stop-at 2.00s,0.5344,NOMINAL,22067,-1,65535,32,26725,329,-239,3
49,follow,stop-at 2.00s,0.5676,NOMINAL,22068,-1,65535,32,83218,329,-239,3
49,follow,stop-at 2.00s,0.6009,NOMINAL,22069,-1,65535,32,84293,329,-239,3
49,follow,stop-at 2.00s,0.6343,NOMINAL,22070,-1,65535,32,45967,329,-239,3
49,follow,stop-at 2.00s,0.6677,NOMINAL,22071,-1,65535,32,41217,329,-239,3
49,follow,stop-at 2.00s,0.7011,NOMINAL,22072,-1,65535,32,82229,329,-239,3
49,follow,stop-at 2.00s,0.7343,NOMINAL,22073,-1,65535,32,37228,329,-239,3
49,follow,stop-at 2.00s,0.7674,NOMINAL,22074,-1,65535,32,23317,329,-239,3
49,follow,stop-at 2.00s,0.8010,NOMINAL,22075,-1,65535,32,42580,329,-239,3
49,follow,stop-at 2.00s,0.8343,NOMINAL,22076,-1,65535,32,40880,329,-239,3
49,follow,stop-at 2.00s,0.8677,NOMINAL,22077,-1,65535,32,71283,329,-239,3
49,follow,stop-at 2.00s,0.9010,NOMINAL,22078,-1,65535,32,38023,329,-239,3
49,follow,stop-at 2.00s,0.9342,NOMINAL,22079,-1,65535,32,34886,329,-239,3
49,follow,stop-at 2.00s,0.9676,NOMINAL,22080,-1,65535,32,41700,329,-239,3
49,follow,stop-at 2.00s,1.0009,NOMINAL,22081,-1,65535,32,42529,329,-239,3
49,follow,stop-at 2.00s,1.0343,NOMINAL,22082,-1,65535,32,42911,329,-239,3
49,follow,stop-at 2.00s,1.0677,NOMINAL,22083,-1,65535,32,39788,329,-238,3
49,follow,stop-at 2.00s,1.1009,NOMINAL,22084,-1,65535,32,38917,329,-239,3
49,follow,stop-at 2.00s,1.1343,NOMINAL,22085,-1,65535,32,45216,329,-239,3
49,follow,stop-at 2.00s,1.1675,NOMINAL,22086,-1,65535,32,43046,329,-239,3
49,follow,stop-at 2.00s,1.2011,NOMINAL,22087,-1,65535,32,41399,329,-239,3
49,follow,stop-at 2.00s,1.2345,NOMINAL,22088,-1,65535,32,70213,329,-239,3
49,follow,stop-at 2.00s,1.2676,NOMINAL,22089,-1,65535,32,41868,329,-239,3
49,follow,stop-at 2.00s,1.3009,NOMINAL,22090,-1,65535,32,62888,329,-239,3
49,follow,stop-at 2.00s,1.3343,NOMINAL,22091,-1,65535,32,38415,329,-239,3
49,follow,stop-at 2.00s,1.3677,NOMINAL,22092,-1,65535,32,41629,328,-238,3
49,follow,stop-at 2.00s,1.4009,NOMINAL,22093,-1,65535,32,42463,328,-239,3
49,follow,stop-at 2.00s,1.4342,NOMINAL,22094,-1,65535,32,70696,329,-239,3
49,follow,stop-at 2.00s,1.4677,NOMINAL,22095,-1,65535,32,60834,329,-239,3
49,follow,stop-at 2.00s,1.5009,NOMINAL,22096,-1,65535,32,96384,329,-239,3
49,follow,stop-at 2.00s,1.5343,NOMINAL,22097,-1,65535,32,39018,329,-239,3
49,follow,stop-at 2.00s,1.5677,NOMINAL,22098,-1,65535,32,96358,329,-239,3
49,follow,stop-at 2.00s,1.6011,NOMINAL,22099,-1,65535,32,41899,329,-239,3
49,follow,stop-at 2.00s,1.6344,NOMINAL,22100,-1,65535,32,41933,329,-239,3
49,follow,stop-at 2.00s,1.6677,NOMINAL,22101,-1,65535,32,41633,329,-239,3
49,follow,stop-at 2.00s,1.7009,NOMINAL,22102,-1,65535,32,58449,329,-239,3
49,follow,stop-at 2.00s,1.7342,NOMINAL,22103,-1,65535,32,40164,328,-238,3
49,follow,stop-at 2.00s,1.7674,NOMINAL,22104,-1,65535,32,41851,328,-238,3
49,follow,stop-at 2.00s,1.8010,NOMINAL,22105,-1,65535,32,83085,329,-239,3
49,follow,stop-at 2.00s,1.8343,NOMINAL,22106,-1,65535,32,58080,328,-239,3
49,follow,stop-at 2.00s,1.8679,NOMINAL,22107,-1,65535,32,69346,328,-239,3
49,follow,stop-at 2.00s,1.9009,NOMINAL,22108,-1,65535,32,40872,329,-239,3
49,follow,stop-at 2.00s,1.9344,NOMINAL,22109,-1,65535,32,38225,328,-239,3
49,follow,stop-at 2.00s,1.9676,NOMINAL,22110,-1,65535,32,87586,329,-239,3
49,follow,stop-at 2.00s,2.0692,FAILSAFE,22110,-1,65535,33,0,329,-239,3
49,follow,stop-at 2.00s,2.1695,FAILSAFE,22110,-1,65535,33,0,329,-239,3
49,follow,stop-at 2.00s,2.2700,FAILSAFE,22110,-1,65535,33,0,329,-239,3
49,follow,stop-at 2.00s,2.3706,FAILSAFE,22110,-1,65535,33,0,329,-238,3
49,follow,stop-at 2.00s,2.4712,FAILSAFE,22110,-1,65535,33,0,329,-238,3
49,follow,stop-at 2.00s,2.5717,FAILSAFE,22110,-1,65535,33,0,329,-238,3
