run,scenario,faults,t_s,state,seq_echo,ttc_ms,threat_id,fault_flags,decision_latency_ns,imu_ax_mg,imu_ay_mg,maneuver
0,follow,none,-0.9990,FAILSAFE,17611,-1,65535,32,50439,0,0,0
0,follow,none,-0.9657,FAILSAFE,17612,-1,65535,32,76487,0,0,0
0,follow,none,-0.9324,FAILSAFE,17613,-1,65535,32,15113,0,0,0
0,follow,none,-0.9124,FAILSAFE,17613,-1,65535,32,0,0,0,0
0,follow,none,-0.8992,FAILSAFE,17614,-1,65535,32,30530,0,0,0
0,follow,none,-0.8659,FAILSAFE,17615,-1,65535,32,32981,0,0,0
0,follow,none,-0.8325,FAILSAFE,17616,-1,65535,32,34547,0,0,0
0,follow,none,-0.8122,FAILSAFE,17616,-1,65535,32,0,0,0,0
0,follow,none,-0.7994,FAILSAFE,17617,-1,65535,32,47622,0,0,0
0,follow,none,-0.7659,FAILSAFE,17618,-1,65535,32,49530,0,0,0
0,follow,none,-0.7326,FAILSAFE,17619,-1,65535,32,27985,0,0,0
0,follow,none,-0.7125,FAILSAFE,17619,-1,65535,32,0,0,0,0
0,follow,none,-0.6988,NOMINAL,17620,-1,65535,32,91626,0,0,0
0,follow,none,-0.6658,NOMINAL,17621,-1,65535,32,63969,0,0,0
0,follow,none,-0.6325,NOMINAL,17622,-1,65535,32,40554,0,0,0
0,follow,none,-0.5990,NOMINAL,17623,-1,65535,32,40335,0,0,0
0,follow,none,-0.5656,NOMINAL,17624,-1,65535,32,114254,0,0,0
0,follow,none,-0.5323,NOMINAL,17625,-1,65535,32,53245,0,0,0
0,follow,none,-0.4990,NOMINAL,17626,-1,65535,32,41578,0,0,0
0,follow,none,-0.4657,NOMINAL,17627,-1,65535,32,58764,0,0,0
0,follow,none,-0.4326,NOMINAL,17628,-1,65535,32,39681,0,0,0
0,follow,none,-0.3990,NOMINAL,17629,-1,65535,32,39411,0,0,0
0,follow,none,-0.3657,NOMINAL,17630,-1,65535,32,57020,0,0,0
0,follow,none,-0.3324,NOMINAL,17631,-1,65535,32,40146,0,0,0
0,follow,none,-0.2993,NOMINAL,17632,-1,65535,32,39046,0,0,0
0,follow,none,-0.2657,NOMINAL,17633,-1,65535,32,61254,0,0,0
0,follow,none,-0.2325,NOMINAL,17634,-1,65535,32,38937,0,0,0
0,follow,none,-0.1991,NOMINAL,17635,-1,65535,32,59139,0,0,0
0,follow,none,-0.1660,NOMINAL,17636,-1,65535,32,41828,0,0,0
0,follow,none,-0.1324,NOMINAL,17637,-1,65535,32,40512,0,0,0
0,follow,none,-0.0990,NOMINAL,17638,-1,65535,32,41229,0,0,0
0,follow,none,-0.0658,NOMINAL,17639,-1,65535,32,44172,0,0,0
0,follow,none,-0.0325,NOMINAL,17640,-1,65535,32,38811,0,0,0
0,follow,none,0.0009,NOMINAL,17641,-1,65535,32,23912,0,0,0
0,follow,none,0.0341,NOMINAL,17642,-1,65535,32,58309,0,0,0
0,follow,none,0.0675,NOMINAL,17643,-1,65535,32,40110,0,0,0
0,follow,none,0.1009,NOMINAL,17644,-1,65535,32,37021,0,0,0
0,follow,none,0.1342,NOMINAL,17645,-1,65535,32,42572,0,0,0
0,follow,none,0.1676,NOMINAL,17646,-1,65535,32,41587,0,0,0
0,follow,none,0.2010,NOMINAL,17647,-1,65535,32,110203,0,0,0
0,follow,none,0.2341,NOMINAL,17648,-1,65535,32,52625,0,0,0
0,follow,none,0.2676,NOMINAL,17649,-1,65535,32,57589,0,0,0
0,follow,none,0.3010,NOMINAL,17650,-1,65535,32,97495,0,0,0
0,follow,none,0.3346,NOMINAL,17651,-1,65535,32,53688,0,0,0
0,follow,none,0.3676,NOMINAL,17652,-1,65535,32,58688,0,0,0
0,follow,none,0.4008,NOMINAL,17653,-1,65535,32,56381,0,0,0
0,follow,none,0.4342,NOMINAL,17654,-1,65535,32,62034,0,0,0
0,follow,none,0.4676,NOMINAL,17655,-1,65535,32,54888,0,0,0
0,follow,none,0.5009,NOMINAL,17656,-1,65535,32,97821,0,0,0
0,follow,none,0.5341,NOMINAL,17657,-1,65535,32,21120,0,0,0
0,follow,none,0.5675,NOMINAL,17658,-1,65535,32,56653,0,0,0
0,follow,none,0.6010,NOMINAL,17659,-1,65535,32,98908,0,0,0
0,follow,none,0.6341,NOMINAL,17660,-1,65535,32,38705,0,0,0
0,follow,none,0.6675,NOMINAL,17661,-1,65535,32,55112,0,0,0
0,follow,none,0.7008,NOMINAL,17662,-1,65535,32,38194,0,0,0
0,follow,none,0.7343,NOMINAL,17663,-1,65535,32,45056,0,0,0
0,follow,none,0.7675,NOMINAL,17664,-1,65535,32,52654,0,0,0
0,follow,none,0.8008,NOMINAL,17665,-1,65535,32,38980,0,0,0
0,follow,none,0.8342,NOMINAL,17666,-1,65535,32,41515,0,0,0
0,follow,none,0.8675,NOMINAL,17667,-1,65535,32,39810,0,0,0
0,follow,none,0.9011,NOMINAL,17668,-1,65535,32,42239,0,0,0
0,follow,none,0.9343,NOMINAL,17669,-1,65535,32,56675,0,0,0
0,follow,none,0.9674,NOMINAL,17670,-1,65535,32,36587,0,0,0
0,follow,none,1.0009,NOMINAL,17671,-1,65535,32,54871,0,0,0
0,follow,none,1.0343,NOMINAL,17672,-1,65535,32,96991,0,0,0
0,follow,none,1.0674,NOMINAL,17673,-1,65535,32,40779,0,0,0
0,follow,none,1.1009,NOMINAL,17674,-1,65535,32,97078,0,0,0
0,follow,none,1.1344,NOMINAL,17675,-1,65535,32,39386,0,0,0
0,follow,none,1.1675,NOMINAL,17676,-1,65535,32,40695,0,0,0
0,follow,none,1.2008,NOMINAL,17677,-1,65535,32,27832,0,0,0
0,follow,none,1.2342,NOMINAL,17678,-1,65535,32,44412,0,0,0
0,follow,none,1.2675,NOMINAL,17679,-1,65535,32,37886,0,0,0
0,follow,none,1.3008,NOMINAL,17680,-1,65535,32,40037,0,0,0
0,follow,none,1.3342,NOMINAL,17681,-1,65535,32,40572,0,0,0
0,follow,none,1.3676,NOMINAL,17682,-1,65535,32,54823,0,0,0
0,follow,none,1.4007,NOMINAL,17683,-1,65535,32,57704,0,0,0
0,follow,none,1.4341,NOMINAL,17684,-1,65535,32,30813,0,0,0
0,follow,none,1.4676,NOMINAL,17685,-1,65535,32,56771,0,0,0
0,follow,none,1.5008,NOMINAL,17686,-1,65535,32,40822,0,0,0
0,follow,none,1.5342,NOMINAL,17687,-1,65535,32,19676,0,0,0
0,follow,none,1.5675,NOMINAL,17688,-1,65535,32,38395,0,0,0
0,follow,none,1.6009,NOMINAL,17689,-1,65535,32,57595,0,0,0
0,follow,none,1.6341,NOMINAL,17690,-1,65535,32,40129,0,0,0
0,follow,none,1.6676,NOMINAL,17691,-1,65535,32,41812,0,0,0
0,follow,none,1.7009,NOMINAL,17692,-1,65535,32,53662,0,0,0
0,follow,none,1.7341,NOMINAL,17693,-1,65535,32,59764,0,0,0
0,follow,none,1.7675,NOMINAL,17694,-1,65535,32,37087,0,0,0
0,follow,none,1.8010,NOMINAL,17695,-1,65535,32,39770,0,0,0
0,follow,none,1.8341,NOMINAL,17696,-1,65535,32,39604,0,0,0
0,follow,none,1.8675,NOMINAL,17697,-1,65535,32,40703,0,0,0
0,follow,none,1.9011,NOMINAL,17698,-1,65535,32,42596,0,0,0
0,follow,none,1.9344,NOMINAL,17699,-1,65535,32,27614,0,0,0
0,follow,none,1.9677,NOMINAL,17700,-1,65535,32,55386,0,0,0
0,follow,none,2.0007,NOMINAL,17701,-1,65535,32,39010,0,0,0
0,follow,none,2.0341,NOMINAL,17702,-1,65535,32,57846,0,0,0
0,follow,none,2.0675,NOMINAL,17703,-1,65535,32,36123,0,0,0
0,follow,none,2.1008,NOMINAL,17704,-1,65535,32,16945,0,0,0
0,follow,none,2.1341,NOMINAL,17705,-1,65535,32,42336,0,0,0
0,follow,none,2.1675,NOMINAL,17706,-1,65535,32,36337,0,0,0
0,follow,none,2.2008,NOMINAL,17707,-1,65535,32,20746,0,0,0
0,follow,none,2.2341,NOMINAL,17708,-1,65535,32,24522,0,0,0
0,follow,none,2.2675,NOMINAL,17709,-1,65535,32,41477,0,0,0
0,follow,none,2.3008,NOMINAL,17710,-1,65535,32,35470,0,0,0
0,follow,none,2.3343,NOMINAL,17711,-1,65535,32,58245,0,0,0
0,follow,none,2.3673,NOMINAL,17712,-1,65535,32,35319,0,0,0
0,follow,none,2.4007,NOMINAL,17713,-1,65535,32,38929,0,0,0
0,follow,none,2.4341,NOMINAL,17714,-1,65535,32,23426,0,0,0
0,follow,none,2.4676,NOMINAL,17715,-1,65535,32,36346,0,0,0
0,follow,none,2.5008,NOMINAL,17716,-1,65535,32,87379,0,0,0
0,follow,none,2.5342,NOMINAL,17717,-1,65535,32,59009,0,0,0
0,follow,none,2.5675,NOMINAL,17718,-1,65535,32,39362,0,0,0
0,follow,none,2.6010,NOMINAL,17719,-1,65535,32,111630,0,0,0
0,follow,none,2.6342,NOMINAL,17720,-1,65535,32,39853,0,0,0
0,follow,none,2.6675,NOMINAL,17721,-1,65535,32,59853,0,0,0
0,follow,none,2.7009,NOMINAL,17722,-1,65535,32,38005,0,0,0
0,follow,none,2.7342,NOMINAL,17723,-1,65535,32,43576,0,0,0
0,follow,none,2.7676,NOMINAL,17724,-1,65535,32,58582,0,0,0
0,follow,none,2.8010,NOMINAL,17725,-1,65535,32,97993,0,0,0
0,follow,none,2.8341,NOMINAL,17726,-1,65535,32,39319,0,0,0
0,follow,none,2.8674,NOMINAL,17727,-1,65535,32,18438,0,0,0
0,follow,none,2.9007,NOMINAL,17728,-1,65535,32,38504,0,0,0
0,follow,none,2.9342,NOMINAL,17729,-1,65535,32,40806,0,0,0
0,follow,none,2.9676,NOMINAL,17730,-1,65535,32,64411,0,0,0
0,follow,none,3.0724,FAILSAFE,17730,-1,65535,33,0,0,0,0
1,follow,none,-0.9991,FAILSAFE,17731,-1,65535,32,57193,0,0,0
1,follow,none,-0.9659,FAILSAFE,17732,-1,65535,32,14534,0,0,0
1,follow,none,-0.9458,FAILSAFE,17732,-1,65535,32,0,0,0,0
1,follow,none,-0.9326,FAILSAFE,17733,-1,65535,32,18698,0,0,0
1,follow,none,-0.8992,FAILSAFE,17734,-1,65535,32,50480,0,0,0
1,follow,none,-0.8659,FAILSAFE,17735,-1,65535,32,53457,0,0,0
1,follow,none,-0.8458,FAILSAFE,17735,-1,65535,32,0,0,0,0
1,follow,none,-0.8324,FAILSAFE,17736,-1,65535,32,29405,0,0,0
1,follow,none,-0.7993,FAILSAFE,17737,-1,65535,32,32181,0,0,0
1,follow,none,-0.7658,FAILSAFE,17738,-1,65535,32,90929,0,0,0
1,follow,none,-0.7458,FAILSAFE,17738,-1,65535,32,0,0,0,0
1,follow,none,-0.7325,FAILSAFE,17739,-1,65535,32,30588,0,0,0
1,follow,none,-0.6990,NOMINAL,17740,-1,65535,32,61934,0,0,0
1,follow,none,-0.6658,NOMINAL,17741,-1,65535,32,100773,0,0,0
1,follow,none,-0.6325,NOMINAL,17742,-1,65535,32,17780,0,0,0
1,follow,none,-0.5992,NOMINAL,17743,-1,65535,32,38128,0,0,0
1,follow,none,-0.5659,NOMINAL,17744,-1,65535,32,44546,0,0,0
1,follow,none,-0.5325,NOMINAL,17745,-1,65535,32,36370,0,0,0
1,follow,none,-0.4992,NOMINAL,17746,-1,65535,32,36421,0,0,0
1,follow,none,-0.4659,NOMINAL,17747,-1,65535,32,42600,0,0,0
1,follow,none,-0.4324,NOMINAL,17748,-1,65535,32,53745,0,0,0
1,follow,none,-0.3992,NOMINAL,17749,-1,65535,32,54244,0,0,0
1,follow,none,-0.3658,NOMINAL,17750,-1,65535,32,135172,0,0,0
1,follow,none,-0.3324,NOMINAL,17751,-1,65535,32,38861,0,0,0
1,follow,none,-0.2991,NOMINAL,17752,-1,65535,32,54246,0,0,0
1,follow,none,-0.2659,NOMINAL,17753,-1,65535,32,26274,0,0,0
1,follow,none,-0.2322,NOMINAL,17754,-1,65535,32,95936,0,0,0
1,follow,none,-0.1992,NOMINAL,17755,-1,65535,32,38878,0,0,0
1,follow,none,-0.1658,NOMINAL,17756,-1,65535,32,42175,0,0,0
1,follow,none,-0.1313,NOMINAL,17757,-1,65535,32,57265,0,0,0
4,follow,none,-0.5279,NOMINAL,18105,-1,65535,32,104135,0,0,0
9,follow,none,2.7026,NOMINAL,18802,-1,65535,32,209861,0,0,0
9,follow,none,2.7346,NOMINAL,18803,-1,65535,32,68757,0,0,0
9,follow,none,2.7677,NOMINAL,18804,-1,65535,32,25951,0,0,0
9,follow,none,2.8011,NOMINAL,18805,-1,65535,32,81110,0,0,0
9,follow,none,2.8341,NOMINAL,18806,-1,65535,32,40496,0,0,0
9,follow,none,2.8676,NOMINAL,18807,-1,65535,32,57870,0,0,0
9,follow,none,2.9008,NOMINAL,18808,-1,65535,32,38713,0,0,0
9,follow,none,2.9344,NOMINAL,18809,-1,65535,32,103297,0,0,0
9,follow,none,2.9675,NOMINAL,18810,-1,65535,32,39220,0,0,0
9,follow,none,3.0742,FAILSAFE,18810,-1,65535,33,0,0,0,0
10,follow,none,-0.9991,FAILSAFE,18811,-1,65535,32,52309,0,0,0
10,follow,none,-0.9659,FAILSAFE,18812,-1,65535,32,50477,0,0,0
10,follow,none,-0.9325,FAILSAFE,18813,-1,65535,32,37220,0,0,0
10,follow,none,-0.9124,FAILSAFE,18813,-1,65535,32,0,0,0,0
10,follow,none,-0.8992,FAILSAFE,18814,-1,65535,32,53711,0,0,0
10,follow,none,-0.8658,FAILSAFE,18815,-1,65535,32,17681,0,0,0
10,follow,none,-0.8324,FAILSAFE,18816,-1,65535,32,56309,0,0,0
10,follow,none,-0.8123,FAILSAFE,18816,-1,65535,32,0,0,0,0
10,follow,none,-0.7991,FAILSAFE,18817,-1,65535,32,48721,0,0,0
10,follow,none,-0.7658,FAILSAFE,18818,-1,65535,32,34838,0,0,0
10,follow,none,-0.7326,FAILSAFE,18819,-1,65535,32,39410,0,0,0
10,follow,none,-0.7123,FAILSAFE,18819,-1,65535,32,0,0,0,0
10,follow,none,-0.6989,NOMINAL,18820,-1,65535,32,101175,0,0,0
10,follow,none,-0.6656,NOMINAL,18821,-1,65535,32,98054,0,0,0
10,follow,none,-0.6324,NOMINAL,18822,-1,65535,32,59258,0,0,0
10,follow,none,-0.5991,NOMINAL,18823,-1,65535,32,58118,0,0,0
10,follow,none,-0.5657,NOMINAL,18824,-1,65535,32,38919,0,0,0
10,follow,none,-0.5326,NOMINAL,18825,-1,65535,32,45488,0,0,0
10,follow,none,-0.4993,NOMINAL,18826,-1,65535,32,39262,0,0,0
10,follow,none,-0.4659,NOMINAL,18827,-1,65535,32,18856,0,0,0
10,follow,none,-0.4326,NOMINAL,18828,-1,65535,32,43887,0,0,0
10,follow,none,-0.3985,NOMINAL,18829,-1,65535,32,118221,0,0,0
10,follow,none,-0.3656,NOMINAL,18830,-1,65535,32,52375,0,0,0
10,follow,none,-0.3323,NOMINAL,18831,-1,65535,32,46679,0,0,0
10,follow,none,-0.2992,NOMINAL,18832,-1,65535,32,59861,0,0,0
10,follow,none,-0.2658,NOMINAL,18833,-1,65535,32,56246,0,0,0
10,follow,none,-0.2327,NOMINAL,18834,-1,65535,32,40932,0,0,0
10,follow,none,-0.1990,NOMINAL,18835,-1,65535,32,36113,0,0,0
10,follow,none,-0.1657,NOMINAL,18836,-1,65535,32,118997,0,0,0
10,follow,none,-0.1325,NOMINAL,18837,-1,65535,32,40646,0,0,0
10,follow,none,-0.0991,NOMINAL,18838,-1,65535,32,60921,0,0,0
10,follow,none,-0.0657,NOMINAL,18839,-1,65535,32,108612,0,0,0
10,follow,none,-0.0325,NOMINAL,18840,-1,65535,32,99215,0,0,0
10,follow,none,0.0012,NOMINAL,18841,-1,65535,32,115321,0,0,0
10,follow,none,0.0343,NOMINAL,18842,-1,65535,32,38986,0,0,0
10,follow,none,0.0676,NOMINAL,18843,-1,65535,32,40846,0,0,0
10,follow,none,0.1007,NOMINAL,18844,-1,65535,32,40751,0,0,0
10,follow,none,0.1341,NOMINAL,18845,-1,65535,32,57163,0,0,0
10,follow,none,0.1675,NOMINAL,18846,-1,65535,32,61469,0,0,0
10,follow,none,0.2008,NOMINAL,18847,-1,65535,32,55819,0,0,0
10,follow,none,0.2342,NOMINAL,18848,-1,65535,32,56337,0,0,0
10,follow,none,0.2675,NOMINAL,18849,-1,65535,32,45971,0,0,0
10,follow,none,0.3007,NOMINAL,18850,-1,65535,32,37811,0,0,0
10,follow,none,0.3342,NOMINAL,18851,-1,65535,32,55490,0,0,0
10,follow,none,0.3675,NOMINAL,18852,-1,65535,32,95202,0,0,0
10,follow,none,0.4007,NOMINAL,18853,-1,65535,32,21564,0,0,0
10,follow,none,0.4343,NOMINAL,18854,-1,65535,32,52876,0,0,0
10,follow,none,0.4677,NOMINAL,18855,-1,65535,32,29432,0,0,0
10,follow,none,0.5007,NOMINAL,18856,-1,65535,32,34421,0,0,0
10,follow,none,0.5341,NOMINAL,18857,-1,65535,32,69712,0,0,0
10,follow,none,0.5675,NOMINAL,18858,-1,65535,32,41580,0,0,0
10,follow,none,0.6008,NOMINAL,18859,-1,65535,32,35422,0,0,0
10,follow,none,0.6342,NOMINAL,18860,-1,65535,32,56446,0,0,0
10,follow,none,0.6676,NOMINAL,18861,-1,65535,32,39196,0,0,0
10,follow,none,0.7009,NOMINAL,18862,-1,65535,32,71663,0,0,0
10,follow,none,0.7342,NOMINAL,18863,-1,65535,32,39844,0,0,0
10,follow,none,0.7677,NOMINAL,18864,-1,65535,32,46489,0,0,0
10,follow,none,0.8009,NOMINAL,18865,-1,65535,32,40418,0,0,0
10,follow,none,0.8341,NOMINAL,18866,-1,65535,32,38363,0,0,0
10,follow,none,0.8675,NOMINAL,18867,-1,65535,32,54054,0,0,0
10,follow,none,0.9007,NOMINAL,18868,-1,65535,32,37754,0,0,0
10,follow,none,0.9342,NOMINAL,18869,-1,65535,32,36543,0,0,0
10,follow,none,0.9675,NOMINAL,18870,-1,65535,32,57758,0,0,0
10,follow,none,1.0008,NOMINAL,18871,-1,65535,32,38538,0,0,0
10,follow,none,1.0343,NOMINAL,18872,-1,65535,32,96292,0,0,0
10,follow,none,1.0675,NOMINAL,18873,-1,65535,32,40672,0,0,0
10,follow,none,1.1008,NOMINAL,18874,-1,65535,32,21654,0,0,0
10,follow,none,1.1341,NOMINAL,18875,-1,65535,32,36580,0,0,0
10,follow,none,1.1675,NOMINAL,18876,-1,65535,32,42782,0,0,0
10,follow,none,1.2009,NOMINAL,18877,-1,65535,32,51495,0,0,0
10,follow,none,1.2342,NOMINAL,18878,-1,65535,32,54980,0,0,0
10,follow,none,1.2675,NOMINAL,18879,-1,65535,32,28206,0,0,0
10,follow,none,1.3006,NOMINAL,18880,-1,65535,32,40662,0,0,0
10,follow,none,1.3341,NOMINAL,18881,-1,65535,32,69606,0,0,0
10,follow,none,1.3673,NOMINAL,18882,-1,65535,32,37536,0,0,0
10,follow,none,1.4007,NOMINAL,18883,-1,65535,32,36486,0,0,0
10,follow,none,1.4340,NOMINAL,18884,-1,65535,32,22888,0,0,0
10,follow,none,1.4677,NOMINAL,18885,-1,65535,32,42216,0,0,0
10,follow,none,1.5008,NOMINAL,18886,-1,65535,32,72377,0,0,0
10,follow,none,1.5341,NOMINAL,18887,-1,65535,32,34354,0,0,0
10,follow,none,1.5675,NOMINAL,18888,-1,65535,32,42136,0,0,0
10,follow,none,1.6008,NOMINAL,18889,-1,65535,32,37862,0,0,0
10,follow,none,1.6343,NOMINAL,18890,-1,65535,32,53203,0,0,0
10,follow,none,1.6676,NOMINAL,18891,-1,65535,32,43638,0,0,0
10,follow,none,1.7007,NOMINAL,18892,-1,65535,32,52795,0,0,0
10,follow,none,1.7343,NOMINAL,18893,-1,65535,32,54553,0,0,0
10,follow,none,1.7674,NOMINAL,18894,-1,65535,32,43289,0,0,0
10,follow,none,1.8010,NOMINAL,18895,-1,65535,32,115637,0,0,0
10,follow,none,1.8341,NOMINAL,18896,-1,65535,32,18880,0,0,0
10,follow,none,1.8674,NOMINAL,18897,-1,65535,32,56729,0,0,0
10,follow,none,1.9007,NOMINAL,18898,-1,65535,32,37406,0,0,0
10,follow,none,1.9341,NOMINAL,18899,-1,65535,32,54870,0,0,0
10,follow,none,1.9674,NOMINAL,18900,-1,65535,32,49496,0,0,0
10,follow,none,2.0009,NOMINAL,18901,-1,65535,32,37537,0,0,0
10,follow,none,2.0342,NOMINAL,18902,-1,65535,32,37528,0,0,0
10,follow,none,2.0675,NOMINAL,18903,-1,65535,32,41751,0,0,0
10,follow,none,2.1009,NOMINAL,18904,-1,65535,32,38270,0,0,0
10,follow,none,2.1343,NOMINAL,18905,-1,65535,32,84585,0,0,0
10,follow,none,2.1675,NOMINAL,18906,-1,65535,32,42039,0,0,0
10,follow,none,2.2008,NOMINAL,18907,-1,65535,32,21579,0,0,0
10,follow,none,2.2343,NOMINAL,18908,-1,65535,32,55512,0,0,0
10,follow,none,2.2676,NOMINAL,18909,-1,65535,32,86056,0,0,0
10,follow,none,2.3009,NOMINAL,18910,-1,65535,32,38284,0,0,0
10,follow,none,2.3343,NOMINAL,18911,-1,65535,32,52930,0,0,0
10,follow,none,2.3676,NOMINAL,18912,-1,65535,32,70048,0,0,0
10,follow,none,2.4008,NOMINAL,18913,-1,65535,32,54877,0,0,0
10,follow,none,2.4340,NOMINAL,18914,-1,65535,32,34394,0,0,0
10,follow,none,2.4675,NOMINAL,18915,-1,65535,32,40773,0,0,0
10,follow,none,2.5008,NOMINAL,18916,-1,65535,32,23348,0,0,0
10,follow,none,2.5341,NOMINAL,18917,-1,65535,32,39695,0,0,0
10,follow,none,2.5674,NOMINAL,18918,-1,65535,32,41641,0,0,0
10,follow,none,2.6008,NOMINAL,18919,-1,65535,32,93263,0,0,0
10,follow,none,2.6342,NOMINAL,18920,-1,65535,32,52514,0,0,0
10,follow,none,2.6674,NOMINAL,18921,-1,65535,32,53221,0,0,0
10,follow,none,2.7008,NOMINAL,18922,-1,65535,32,51837,0,0,0
10,follow,none,2.7342,NOMINAL,18923,-1,65535,32,19670,0,0,0
10,follow,none,2.7674,NOMINAL,18924,-1,65535,32,42156,0,0,0
10,follow,none,2.8008,NOMINAL,18925,-1,65535,32,39022,0,0,0
10,follow,none,2.8344,NOMINAL,18926,-1,65535,32,70654,0,0,0
10,follow,none,2.8676,NOMINAL,18927,-1,65535,32,49727,0,0,0
10,follow,none,2.9010,NOMINAL,18928,-1,65535,32,50021,0,0,0
10,follow,none,2.9342,NOMINAL,18929,-1,65535,32,38011,0,0,0
10,follow,none,2.9675,NOMINAL,18930,-1,65535,32,21329,0,0,0
10,follow,none,3.0775,FAILSAFE,18930,-1,65535,33,0,0,0,0
11,follow,none,-0.9991,FAILSAFE,18931,-1,65535,32,51127,0,0,0
11,follow,none,-0.9658,FAILSAFE,18932,-1,65535,32,31590,0,0,0
11,follow,none,-0.9325,FAILSAFE,18933,-1,65535,32,71473,0,0,0
11,follow,none,-0.9125,FAILSAFE,18933,-1,65535,32,0,0,0,0
11,follow,none,-0.8992,FAILSAFE,18934,-1,65535,32,29047,0,0,0
11,follow,none,-0.8658,FAILSAFE,18935,-1,65535,32,30506,0,0,0
11,follow,none,-0.8324,FAILSAFE,18936,-1,65535,32,36739,0,0,0
11,follow,none,-0.8124,FAILSAFE,18936,-1,65535,32,0,0,0,0
11,follow,none,-0.7991,FAILSAFE,18937,-1,65535,32,43139,0,0,0
11,follow,none,-0.7657,FAILSAFE,18938,-1,65535,32,63921,0,0,0
11,follow,none,-0.7325,FAILSAFE,18939,-1,65535,32,55305,0,0,0
11,follow,none,-0.7124,FAILSAFE,18939,-1,65535,32,0,0,0,0
11,follow,none,-0.6988,NOMINAL,18940,-1,65535,32,82362,0,0,0
11,follow,none,-0.6658,NOMINAL,18941,-1,65535,32,71441,0,0,0
11,follow,none,-0.6324,NOMINAL,18942,-1,65535,32,60536,0,0,0
11,follow,none,-0.5990,NOMINAL,18943,-1,65535,32,95055,0,0,0
11,follow,none,-0.5659,NOMINAL,18944,-1,65535,32,52295,0,0,0
11,follow,none,-0.5324,NOMINAL,18945,-1,65535,32,43543,0,0,0
11,follow,none,-0.4991,NOMINAL,18946,-1,65535,32,93580,0,0,0
11,follow,none,-0.4656,NOMINAL,18947,-1,65535,32,73768,0,0,0
11,follow,none,-0.4324,NOMINAL,18948,-1,65535,32,63690,0,0,0
11,follow,none,-0.3991,NOMINAL,18949,-1,65535,32,38701,0,0,0
11,follow,none,-0.3658,NOMINAL,18950,-1,65535,32,34913,0,0,0
11,follow,none,-0.3325,NOMINAL,18951,-1,65535,32,43980,0,0,0
11,follow,none,-0.2992,NOMINAL,18952,-1,65535,32,52272,0,0,0
11,follow,none,-0.2657,NOMINAL,18953,-1,65535,32,113654,0,0,0
11,follow,none,-0.2326,NOMINAL,18954,-1,65535,32,37946,0,0,0
11,follow,none,-0.1992,NOMINAL,18955,-1,65535,32,42987,0,0,0
11,follow,none,-0.1655,NOMINAL,18956,-1,65535,32,52392,0,0,0
11,follow,none,-0.1326,NOMINAL,18957,-1,65535,32,40090,0,0,0
11,follow,none,-0.0993,NOMINAL,18958,-1,65535,32,57514,0,0,0
11,follow,none,-0.0657,NOMINAL,18959,-1,65535,32,39971,0,0,0
11,follow,none,-0.0317,NOMINAL,18960,-1,65535,32,112312,0,0,0
11,follow,none,0.0012,NOMINAL,18961,-1,65535,32,43916,0,0,0
11,follow,none,0.0342,NOMINAL,18962,-1,65535,32,85091,0,0,0
11,follow,none,0.0675,NOMINAL,18963,-1,65535,32,43097,0,0,0
11,follow,none,0.1008,NOMINAL,18964,-1,65535,32,57095,0,0,0
11,follow,none,0.1343,NOMINAL,18965,-1,65535,32,42882,0,0,0
11,follow,none,0.1677,NOMINAL,18966,-1,65535,32,115514,0,0,0
11,follow,none,0.2008,NOMINAL,18967,-1,65535,32,58076,0,0,0
11,follow,none,0.2342,NOMINAL,18968,-1,65535,32,37129,0,0,0
11,follow,none,0.2674,NOMINAL,18969,-1,65535,32,60685,0,0,0
11,follow,none,0.3009,NOMINAL,18970,-1,65535,32,39878,0,0,0
11,follow,none,0.3343,NOMINAL,18971,-1,65535,32,61053,0,0,0
11,follow,none,0.3676,NOMINAL,18972,-1,65535,32,45510,0,0,0
11,follow,none,0.4009,NOMINAL,18973,-1,65535,32,52493,0,0,0
11,follow,none,0.4343,NOMINAL,18974,-1,65535,32,55554,0,0,0
11,follow,none,0.4675,NOMINAL,18975,-1,65535,32,103369,0,0,0
11,follow,none,0.5007,NOMINAL,18976,-1,65535,32,18588,0,0,0
11,follow,none,0.5342,NOMINAL,18977,-1,65535,32,53186,0,0,0
11,follow,none,0.5675,NOMINAL,18978,-1,65535,32,43954,0,0,0
11,follow,none,0.6009,NOMINAL,18979,-1,65535,32,37444,0,0,0
11,follow,none,0.6342,NOMINAL,18980,-1,65535,32,36563,0,0,0
11,follow,none,0.6677,NOMINAL,18981,-1,65535,32,83496,0,0,0
11,follow,none,0.7008,NOMINAL,18982,-1,65535,32,39452,0,0,0
11,follow,none,0.7342,NOMINAL,18983,-1,65535,32,72689,0,0,0
11,follow,none,0.7674,NOMINAL,18984,-1,65535,32,39381,0,0,0
11,follow,none,0.8010,NOMINAL,18985,-1,65535,32,40706,0,0,0
11,follow,none,0.8342,NOMINAL,18986,-1,65535,32,55037,0,0,0
11,follow,none,0.8676,NOMINAL,18987,-1,65535,32,42643,0,0,0
11,follow,none,0.9009,NOMINAL,18988,-1,65535,32,56303,0,0,0
11,follow,none,0.9342,NOMINAL,18989,-1,65535,32,37329,0,0,0
11,follow,none,0.9673,NOMINAL,18990,-1,65535,32,38276,0,0,0
11,follow,none,1.0008,NOMINAL,18991,-1,65535,32,54004,0,0,0
11,follow,none,1.0341,NOMINAL,18992,-1,65535,32,38919,0,0,0
11,follow,none,1.0675,NOMINAL,18993,-1,65535,32,43074,0,0,0
11,follow,none,1.1011,NOMINAL,18994,-1,65535,32,110553,0,0,0
11,follow,none,1.1342,NOMINAL,18995,-1,65535,32,23397,0,0,0
11,follow,none,1.1674,NOMINAL,18996,-1,65535,32,20343,0,0,0
11,follow,none,1.2010,NOMINAL,18997,-1,65535,32,115556,0,0,0
11,follow,none,1.2344,NOMINAL,18998,-1,65535,32,52805,0,0,0
11,follow,none,1.2676,NOMINAL,18999,-1,65535,32,44585,0,0,0
11,follow,none,1.3010,NOMINAL,19000,-1,65535,32,55655,0,0,0
11,follow,none,1.3340,NOMINAL,19001,-1,65535,32,37227,0,0,0
11,follow,none,1.3676,NOMINAL,19002,-1,65535,32,42090,0,0,0
11,follow,none,1.4008,NOMINAL,19003,-1,65535,32,53695,0,0,0
11,follow,none,1.4342,NOMINAL,19004,-1,65535,32,53345,0,0,0
11,follow,none,1.4676,NOMINAL,19005,-1,65535,32,43406,0,0,0
11,follow,none,1.5008,NOMINAL,19006,-1,65535,32,37496,0,0,0
11,follow,none,1.5342,NOMINAL,19007,-1,65535,32,35755,0,0,0
11,follow,none,1.5674,NOMINAL,19008,-1,65535,32,34397,0,0,0
11,follow,none,1.6008,NOMINAL,19009,-1,65535,32,55137,0,0,0
11,follow,none,1.6344,NOMINAL,19010,-1,65535,32,51011,0,0,0
11,follow,none,1.6676,NOMINAL,19011,-1,65535,32,59845,0,0,0
11,follow,none,1.7009,NOMINAL,19012,-1,65535,32,34219,0,0,0
11,follow,none,1.7341,NOMINAL,19013,-1,65535,32,36654,0,0,0
11,follow,none,1.7675,NOMINAL,19014,-1,65535,32,40178,0,0,0
11,follow,none,1.8010,NOMINAL,19015,-1,65535,32,54097,0,0,0
11,follow,none,1.8342,NOMINAL,19016,-1,65535,32,36975,0,0,0
11,follow,none,1.8675,NOMINAL,19017,-1,65535,32,43164,0,0,0
11,follow,none,1.9009,NOMINAL,19018,-1,65535,32,51612,0,0,0
11,follow,none,1.9342,NOMINAL,19019,-1,65535,32,70338,0,0,0
11,follow,none,1.9676,NOMINAL,19020,-1,65535,32,59980,0,0,0
11,follow,none,2.0009,NOMINAL,19021,-1,65535,32,24332,0,0,0
11,follow,none,2.0341,NOMINAL,19022,-1,65535,32,55328,0,0,0
11,follow,none,2.0673,NOMINAL,19023,-1,65535,32,39761,0,0,0
11,follow,none,2.1009,NOMINAL,19024,-1,65535,32,95454,0,0,0
11,follow,none,2.1342,NOMINAL,19025,-1,65535,32,21992,0,0,0
11,follow,none,2.1675,NOMINAL,19026,-1,65535,32,59097,0,0,0
11,follow,none,2.2009,NOMINAL,19027,-1,65535,32,54678,0,0,0
11,follow,none,2.2343,NOMINAL,19028,-1,65535,32,48386,0,0,0
11,follow,none,2.2675,NOMINAL,19029,-1,65535,32,61363,0,0,0
11,follow,none,2.3008,NOMINAL,19030,-1,65535,32,98766,0,0,0
11,follow,none,2.3344,NOMINAL,19031,-1,65535,32,51904,0,0,0
11,follow,none,2.3675,NOMINAL,19032,-1,65535,32,25634,0,0,0
11,follow,none,2.4010,NOMINAL,19033,-1,65535,32,52225,0,0,0
11,follow,none,2.4341,NOMINAL,19034,-1,65535,32,51397,0,0,0
11,follow,none,2.4674,NOMINAL,19035,-1,65535,32,37672,0,0,0
11,follow,none,2.5011,NOMINAL,19036,-1,65535,32,114910,0,0,0
11,follow,none,2.5342,NOMINAL,19037,-1,65535,32,41434,0,0,0
11,follow,none,2.5673,NOMINAL,19038,-1,65535,32,42902,0,0,0
11,follow,none,2.6007,NOMINAL,19039,-1,65535,32,54945,0,0,0
11,follow,none,2.6343,NOMINAL,19040,-1,65535,32,68796,0,0,0
11,follow,none,2.6677,NOMINAL,19041,-1,65535,32,62867,0,0,0
11,follow,none,2.7009,NOMINAL,19042,-1,65535,32,97394,0,0,0
11,follow,none,2.7344,NOMINAL,19043,-1,65535,32,109775,0,0,0
11,follow,none,2.7675,NOMINAL,19044,-1,65535,32,41819,0,0,0
11,follow,none,2.8009,NOMINAL,19045,-1,65535,32,39590,0,0,0
11,follow,none,2.8344,NOMINAL,19046,-1,65535,32,50696,0,0,0
11,follow,none,2.8675,NOMINAL,19047,-1,65535,32,55064,0,0,0
11,follow,none,2.9008,NOMINAL,19048,-1,65535,32,35739,0,0,0
11,follow,none,2.9341,NOMINAL,19049,-1,65535,32,49855,0,0,0
11,follow,none,2.9676,NOMINAL,19050,-1,65535,32,40989,0,0,0
11,follow,none,3.0774,FAILSAFE,19050,-1,65535,33,0,0,0,0
12,follow,none,-0.9990,FAILSAFE,19051,-1,65535,32,102197,0,0,0
12,follow,none,-0.9659,FAILSAFE,19052,-1,65535,32,31629,0,0,0
12,follow,none,-0.9327,FAILSAFE,19053,-1,65535,32,32486,0,0,0
12,follow,none,-0.9124,FAILSAFE,19053,-1,65535,32,0,0,0,0
12,follow,none,-0.8990,FAILSAFE,19054,-1,65535,32,29563,0,0,0
12,follow,none,-0.8659,FAILSAFE,19055,-1,65535,32,32873,0,0,0
12,follow,none,-0.8325,FAILSAFE,19056,-1,65535,32,37863,0,0,0
12,follow,none,-0.8123,FAILSAFE,19056,-1,65535,32,0,0,0,0
12,follow,none,-0.7993,FAILSAFE,19057,-1,65535,32,45937,0,0,0
12,follow,none,-0.7660,FAILSAFE,19058,-1,65535,32,47704,0,0,0
12,follow,none,-0.7326,FAILSAFE,19059,-1,65535,32,76395,0,0,0
12,follow,none,-0.7125,FAILSAFE,19059,-1,65535,32,0,0,0,0
12,follow,none,-0.6988,NOMINAL,19060,-1,65535,32,89344,0,0,0
12,follow,none,-0.6658,NOMINAL,19061,-1,65535,32,96092,0,0,0
12,follow,none,-0.6323,NOMINAL,19062,-1,65535,32,48703,0,0,0
12,follow,none,-0.5991,NOMINAL,19063,-1,65535,32,52553,0,0,0
12,follow,none,-0.5657,NOMINAL,19064,-1,65535,32,39986,0,0,0
12,follow,none,-0.5325,NOMINAL,19065,-1,65535,32,26315,0,0,0
12,follow,none,-0.4992,NOMINAL,19066,-1,65535,32,22553,0,0,0
12,follow,none,-0.4658,NOMINAL,19067,-1,65535,32,37712,0,0,0
12,follow,none,-0.4326,NOMINAL,19068,-1,65535,32,58116,0,0,0
12,follow,none,-0.3992,NOMINAL,19069,-1,65535,32,52909,0,0,0
12,follow,none,-0.3658,NOMINAL,19070,-1,65535,32,79667,0,0,0
12,follow,none,-0.3326,NOMINAL,19071,-1,65535,32,43789,0,0,0
12,follow,none,-0.2992,NOMINAL,19072,-1,65535,32,37689,0,0,0
12,follow,none,-0.2658,NOMINAL,19073,-1,65535,32,54186,0,0,0
12,follow,none,-0.2325,NOMINAL,19074,-1,65535,32,41355,0,0,0
12,follow,none,-0.1991,NOMINAL,19075,-1,65535,32,38718,0,0,0
12,follow,none,-0.1660,NOMINAL,19076,-1,65535,32,37612,0,0,0
12,follow,none,-0.1324,NOMINAL,19077,-1,65535,32,52546,0,0,0
12,follow,none,-0.0993,NOMINAL,19078,-1,65535,32,52645,0,0,0
12,follow,none,-0.0659,NOMINAL,19079,-1,65535,32,37620,0,0,0
12,follow,none,-0.0318,NOMINAL,19080,-1,65535,32,78084,0,0,0
12,follow,none,0.0012,NOMINAL,19081,-1,65535,32,49011,0,0,0
12,follow,none,0.0340,NOMINAL,19082,-1,65535,32,46497,0,0,0
12,follow,none,0.0677,NOMINAL,19083,-1,65535,32,60127,0,0,0
12,follow,none,0.1011,NOMINAL,19084,-1,65535,32,57496,0,0,0
12,follow,none,0.1342,NOMINAL,19085,-1,65535,32,54745,0,0,0
12,follow,none,0.1675,NOMINAL,19086,-1,65535,32,40636,0,0,0
12,follow,none,0.2008,NOMINAL,19087,-1,65535,32,36555,0,0,0
12,follow,none,0.2341,NOMINAL,19088,-1,65535,32,55878,0,0,0
12,follow,none,0.2674,NOMINAL,19089,-1,65535,32,40209,0,0,0
12,follow,none,0.3008,NOMINAL,19090,-1,65535,32,40194,0,0,0
12,follow,none,0.3342,NOMINAL,19091,-1,65535,32,58294,0,0,0
12,follow,none,0.3676,NOMINAL,19092,-1,65535,32,42945,0,0,0
12,follow,none,0.4009,NOMINAL,19093,-1,65535,32,37787,0,0,0
12,follow,none,0.4343,NOMINAL,19094,-1,65535,32,38220,0,0,0
12,follow,none,0.4678,NOMINAL,19095,-1,65535,32,47340,0,0,0
12,follow,none,0.5011,NOMINAL,19096,-1,65535,32,54121,0,0,0
12,follow,none,0.5342,NOMINAL,19097,-1,65535,32,37880,0,0,0
12,follow,none,0.5675,NOMINAL,19098,-1,65535,32,43272,0,0,0
12,follow,none,0.6010,NOMINAL,19099,-1,65535,32,54356,0,0,0
12,follow,none,0.6342,NOMINAL,19100,-1,65535,32,37763,0,0,0
12,follow,none,0.6675,NOMINAL,19101,-1,65535,32,45205,0,0,0
12,follow,none,0.7010,NOMINAL,19102,-1,65535,32,39903,0,0,0
12,follow,none,0.7342,NOMINAL,19103,-1,65535,32,23789,0,0,0
12,follow,none,0.7674,NOMINAL,19104,-1,65535,32,41794,0,0,0
12,follow,none,0.8008,NOMINAL,19105,-1,65535,32,36636,0,0,0
12,follow,none,0.8342,NOMINAL,19106,-1,65535,32,22829,0,0,0
12,follow,none,0.8676,NOMINAL,19107,-1,65535,32,42814,0,0,0
12,follow,none,0.9011,NOMINAL,19108,-1,65535,32,96669,0,0,0
12,follow,none,0.9341,NOMINAL,19109,-1,65535,32,37103,0,0,0
12,follow,none,0.9675,NOMINAL,19110,-1,65535,32,25004,0,0,0
12,follow,none,1.0010,NOMINAL,19111,-1,65535,32,64598,0,0,0
12,follow,none,1.0343,NOMINAL,19112,-1,65535,32,19571,0,0,0
12,follow,none,1.0677,NOMINAL,19113,-1,65535,32,41956,0,0,0
12,follow,none,1.1008,NOMINAL,19114,-1,65535,32,45204,0,0,0
12,follow,none,1.1342,NOMINAL,19115,-1,65535,32,37445,0,0,0
12,follow,none,1.1676,NOMINAL,19116,-1,65535,32,39353,0,0,0
12,follow,none,1.2008,NOMINAL,19117,-1,65535,32,55178,0,0,0
12,follow,none,1.2342,NOMINAL,19118,-1,65535,32,54387,0,0,0
12,follow,none,1.2676,NOMINAL,19119,-1,65535,32,45925,0,0,0
12,follow,none,1.3008,NOMINAL,19120,-1,65535,32,40926,0,0,0
12,follow,none,1.3342,NOMINAL,19121,-1,65535,32,55128,0,0,0
12,follow,none,1.3674,NOMINAL,19122,-1,65535,32,40938,0,0,0
12,follow,none,1.4007,NOMINAL,19123,-1,65535,32,40835,0,0,0
12,follow,none,1.4344,NOMINAL,19124,-1,65535,32,58069,0,0,0
12,follow,none,1.4675,NOMINAL,19125,-1,65535,32,58331,0,0,0
12,follow,none,1.5009,NOMINAL,19126,-1,65535,32,70728,0,0,0
12,follow,none,1.5341,NOMINAL,19127,-1,65535,32,38496,0,0,0
12,follow,none,1.5675,NOMINAL,19128,-1,65535,32,44162,0,0,0
12,follow,none,1.6008,NOMINAL,19129,-1,65535,32,57262,0,0,0
12,follow,none,1.6340,NOMINAL,19130,-1,65535,32,36119,0,0,0
12,follow,none,1.6675,NOMINAL,19131,-1,65535,32,41421,0,0,0
12,follow,none,1.7008,NOMINAL,19132,-1,65535,32,37629,0,0,0
12,follow,none,1.7341,NOMINAL,19133,-1,65535,32,37428,0,0,0
12,follow,none,1.7676,NOMINAL,19134,-1,65535,32,42891,0,0,0
12,follow,none,1.8010,NOMINAL,19135,-1,65535,32,42485,0,0,0
12,follow,none,1.8341,NOMINAL,19136,-1,65535,32,53786,0,0,0
12,follow,none,1.8678,NOMINAL,19137,-1,65535,32,102642,0,0,0
12,follow,none,1.9008,NOMINAL,19138,-1,65535,32,38228,0,0,0
12,follow,none,1.9343,NOMINAL,19139,-1,65535,32,39803,0,0,0
12,follow,none,1.9677,NOMINAL,19140,-1,65535,32,46715,0,0,0
12,follow,none,2.0011,NOMINAL,19141,-1,65535,32,21972,0,0,0
12,follow,none,2.0342,NOMINAL,19142,-1,65535,32,40863,0,0,0
12,follow,none,2.0675,NOMINAL,19143,-1,65535,32,42125,0,0,0
12,follow,none,2.1009,NOMINAL,19144,-1,65535,32,41589,0,0,0
12,follow,none,2.1342,NOMINAL,19145,-1,65535,32,35164,0,0,0
12,follow,none,2.1673,NOMINAL,19146,-1,65535,32,44389,0,0,0
12,follow,none,2.2009,NOMINAL,19147,-1,65535,32,36773,0,0,0
12,follow,none,2.2341,NOMINAL,19148,-1,65535,32,37771,0,0,0
12,follow,none,2.2676,NOMINAL,19149,-1,65535,32,40984,0,0,0
12,follow,none,2.3011,NOMINAL,19150,-1,65535,32,57462,0,0,0
12,follow,none,2.3343,NOMINAL,19151,-1,65535,32,43418,0,0,0
12,follow,none,2.3674,NOMINAL,19152,-1,65535,32,40480,0,0,0
12,follow,none,2.4008,NOMINAL,19153,-1,65535,32,40386,0,0,0
12,follow,none,2.4343,NOMINAL,19154,-1,65535,32,55703,0,0,0
12,follow,none,2.4675,NOMINAL,19155,-1,65535,32,39463,0,0,0
12,follow,none,2.5009,NOMINAL,19156,-1,65535,32,38244,0,0,0
12,follow,none,2.5341,NOMINAL,19157,-1,65535,32,56478,0,0,0
12,follow,none,2.5675,NOMINAL,19158,-1,65535,32,58033,0,0,0
12,follow,none,2.6009,NOMINAL,19159,-1,65535,32,113385,0,0,0
12,follow,none,2.6342,NOMINAL,19160,-1,65535,32,47579,0,0,0
12,follow,none,2.6676,NOMINAL,19161,-1,65535,32,51581,0,0,0
12,follow,none,2.7009,NOMINAL,19162,-1,65535,32,97018,0,0,0
12,follow,none,2.7341,NOMINAL,19163,-1,65535,32,54996,0,0,0
12,follow,none,2.7675,NOMINAL,19164,-1,65535,32,35218,0,0,0
12,follow,none,2.8009,NOMINAL,19165,-1,65535,32,23805,0,0,0
12,follow,none,2.8343,NOMINAL,19166,-1,65535,32,38614,0,0,0
12,follow,none,2.8675,NOMINAL,19167,-1,65535,32,41102,0,0,0
12,follow,none,2.9008,NOMINAL,19168,-1,65535,32,22547,0,0,0
12,follow,none,2.9341,NOMINAL,19169,-1,65535,32,37638,0,0,0
12,follow,none,2.9676,NOMINAL,19170,-1,65535,32,55437,0,0,0
12,follow,none,3.0776,FAILSAFE,19170,-1,65535,33,0,0,0,0
13,follow,none,-0.9990,FAILSAFE,19171,-1,65535,32,85086,0,0,0
13,follow,none,-0.9658,FAILSAFE,19172,-1,65535,32,14913,0,0,0
13,follow,none,-0.9326,FAILSAFE,19173,-1,65535,32,40007,0,0,0
13,follow,none,-0.9125,FAILSAFE,19173,-1,65535,32,0,0,0,0
13,follow,none,-0.8992,FAILSAFE,19174,-1,65535,32,50022,0,0,0
13,follow,none,-0.8658,FAILSAFE,19175,-1,65535,32,73347,0,0,0
13,follow,none,-0.8326,FAILSAFE,19176,-1,65535,32,36597,0,0,0
13,follow,none,-0.8124,FAILSAFE,19176,-1,65535,32,0,0,0,0
13,follow,none,-0.7991,FAILSAFE,19177,-1,65535,32,30981,0,0,0
13,follow,none,-0.7657,FAILSAFE,19178,-1,65535,32,30384,0,0,0
13,follow,none,-0.7326,FAILSAFE,19179,-1,65535,32,23923,0,0,0
13,follow,none,-0.7125,FAILSAFE,19179,-1,65535,32,0,0,0,0
13,follow,none,-0.6989,NOMINAL,19180,-1,65535,32,103689,0,0,0
13,follow,none,-0.6657,NOMINAL,19181,-1,65535,32,40672,0,0,0
13,follow,none,-0.6323,NOMINAL,19182,-1,65535,32,24648,0,0,0
13,follow,none,-0.5993,NOMINAL,19183,-1,65535,32,39512,0,0,0
13,follow,none,-0.5658,NOMINAL,19184,-1,65535,32,55544,0,0,0
13,follow,none,-0.5327,NOMINAL,19185,-1,65535,32,36605,0,0,0
13,follow,none,-0.4992,NOMINAL,19186,-1,65535,32,41328,0,0,0
13,follow,none,-0.4658,NOMINAL,19187,-1,65535,32,40245,0,0,0
13,follow,none,-0.4324,NOMINAL,19188,-1,65535,32,40431,0,0,0
13,follow,none,-0.3992,NOMINAL,19189,-1,65535,32,38011,0,0,0
13,follow,none,-0.3659,NOMINAL,19190,-1,65535,32,34737,0,0,0
13,follow,none,-0.3325,NOMINAL,19191,-1,65535,32,60971,0,0,0
13,follow,none,-0.2992,NOMINAL,19192,-1,65535,32,24264,0,0,0
13,follow,none,-0.2658,NOMINAL,19193,-1,65535,32,36719,0,0,0
13,follow,none,-0.2325,NOMINAL,19194,-1,65535,32,43181,0,0,0
13,follow,none,-0.1991,NOMINAL,19195,-1,65535,32,22161,0,0,0
13,follow,none,-0.1659,NOMINAL,19196,-1,65535,32,54928,0,0,0
13,follow,none,-0.1325,NOMINAL,19197,-1,65535,32,45229,0,0,0
13,follow,none,-0.0992,NOMINAL,19198,-1,65535,32,40080,0,0,0
13,follow,none,-0.0658,NOMINAL,19199,-1,65535,32,80167,0,0,0
13,follow,none,-0.0321,NOMINAL,19200,-1,65535,32,98831,0,0,0
13,follow,none,0.0010,NOMINAL,19201,-1,65535,32,43976,0,0,0
13,follow,none,0.0343,NOMINAL,19202,-1,65535,32,38453,0,0,0
13,follow,none,0.0676,NOMINAL,19203,-1,65535,32,46390,0,0,0
13,follow,none,0.1010,NOMINAL,19204,-1,65535,32,43286,0,0,0
13,follow,none,0.1341,NOMINAL,19205,-1,65535,32,38053,0,0,0
13,follow,none,0.1674,NOMINAL,19206,-1,65535,32,43447,0,0,0
13,follow,none,0.2009,NOMINAL,19207,-1,65535,32,95190,0,0,0
13,follow,none,0.2342,NOMINAL,19208,-1,65535,32,40975,0,0,0
13,follow,none,0.2675,NOMINAL,19209,-1,65535,32,35019,0,0,0
13,follow,none,0.3009,NOMINAL,19210,-1,65535,32,55604,0,0,0
13,follow,none,0.3341,NOMINAL,19211,-1,65535,32,54221,0,0,0
13,follow,none,0.3677,NOMINAL,19212,-1,65535,32,44102,0,0,0
13,follow,none,0.4010,NOMINAL,19213,-1,65535,32,19839,0,0,0
13,follow,none,0.4342,NOMINAL,19214,-1,65535,32,36756,0,0,0
13,follow,none,0.4675,NOMINAL,19215,-1,65535,32,40326,0,0,0
13,follow,none,0.5010,NOMINAL,19216,-1,65535,32,52321,0,0,0
13,follow,none,0.5343,NOMINAL,19217,-1,65535,32,35328,0,0,0
13,follow,none,0.5676,NOMINAL,19218,-1,65535,32,42044,0,0,0
13,follow,none,0.6008,NOMINAL,19219,-1,65535,32,18263,0,0,0
13,follow,none,0.6343,NOMINAL,19220,-1,65535,32,113196,0,0,0
13,follow,none,0.6676,NOMINAL,19221,-1,65535,32,102497,0,0,0
13,follow,none,0.7007,NOMINAL,19222,-1,65535,32,37334,0,0,0
13,follow,none,0.7341,NOMINAL,19223,-1,65535,32,40712,0,0,0
13,follow,none,0.7675,NOMINAL,19224,-1,65535,32,40056,0,0,0
13,follow,none,0.8008,NOMINAL,19225,-1,65535,32,37554,0,0,0
13,follow,none,0.8343,NOMINAL,19226,-1,65535,32,36481,0,0,0
13,follow,none,0.8676,NOMINAL,19227,-1,65535,32,42131,0,0,0
13,follow,none,0.9008,NOMINAL,19228,-1,65535,32,22831,0,0,0
13,follow,none,0.9343,NOMINAL,19229,-1,65535,32,40840,0,0,0
13,follow,none,0.9677,NOMINAL,19230,-1,65535,32,117076,0,0,0
13,follow,none,1.0009,NOMINAL,19231,-1,65535,32,36620,0,0,0
13,follow,none,1.0342,NOMINAL,19232,-1,65535,32,41896,0,0,0
13,follow,none,1.0677,NOMINAL,19233,-1,65535,32,43605,0,0,0
13,follow,none,1.1008,NOMINAL,19234,-1,65535,32,34995,0,0,0
13,follow,none,1.1342,NOMINAL,19235,-1,65535,32,37294,0,0,0
13,follow,none,1.1675,NOMINAL,19236,-1,65535,32,57207,0,0,0
13,follow,none,1.2008,NOMINAL,19237,-1,65535,32,38962,0,0,0
13,follow,none,1.2340,NOMINAL,19238,-1,65535,32,35344,0,0,0
13,follow,none,1.2675,NOMINAL,19239,-1,65535,32,40846,0,0,0
13,follow,none,1.3011,NOMINAL,19240,-1,65535,32,38815,0,0,0
13,follow,none,1.3341,NOMINAL,19241,-1,65535,32,38710,0,0,0
13,follow,none,1.3676,NOMINAL,19242,-1,65535,32,42036,0,0,0
13,follow,none,1.4008,NOMINAL,19243,-1,65535,32,37045,0,0,0
13,follow,none,1.4343,NOMINAL,19244,-1,65535,32,115101,0,0,0
13,follow,none,1.4675,NOMINAL,19245,-1,65535,32,53146,0,0,0
13,follow,none,1.5009,NOMINAL,19246,-1,65535,32,97780,0,0,0
13,follow,none,1.5343,NOMINAL,19247,-1,65535,32,96318,0,0,0
13,follow,none,1.5675,NOMINAL,19248,-1,65535,32,43389,0,0,0
13,follow,none,1.6009,NOMINAL,19249,-1,65535,32,35780,0,0,0
13,follow,none,1.6342,NOMINAL,19250,-1,65535,32,52831,0,0,0
13,follow,none,1.6675,NOMINAL,19251,-1,65535,32,22931,0,0,0
13,follow,none,1.7011,NOMINAL,19252,-1,65535,32,69022,0,0,0
13,follow,none,1.7341,NOMINAL,19253,-1,65535,32,38164,0,0,0
13,follow,none,1.7674,NOMINAL,19254,-1,65535,32,39979,0,0,0
13,follow,none,1.8009,NOMINAL,19255,-1,65535,32,79922,0,0,0
13,follow,none,1.8341,NOMINAL,19256,-1,65535,32,34546,0,0,0
13,follow,none,1.8675,NOMINAL,19257,-1,65535,32,45148,0,0,0
13,follow,none,1.9010,NOMINAL,19258,-1,65535,32,52755,0,0,0
13,follow,none,1.9342,NOMINAL,19259,-1,65535,32,34530,0,0,0
13,follow,none,1.9674,NOMINAL,19260,-1,65535,32,49589,0,0,0
13,follow,none,2.0010,NOMINAL,19261,-1,65535,32,39021,0,0,0
13,follow,none,2.0341,NOMINAL,19262,-1,65535,32,35305,0,0,0
13,follow,none,2.0676,NOMINAL,19263,-1,65535,32,54231,0,0,0
13,follow,none,2.1010,NOMINAL,19264,-1,65535,32,38022,0,0,0
13,follow,none,2.1343,NOMINAL,19265,-1,65535,32,94889,0,0,0
13,follow,none,2.1675,NOMINAL,19266,-1,65535,32,43363,0,0,0
13,follow,none,2.2007,NOMINAL,19267,-1,65535,32,37321,0,0,0
13,follow,none,2.2340,NOMINAL,19268,-1,65535,32,39187,0,0,0
13,follow,none,2.2675,NOMINAL,19269,-1,65535,32,78852,0,0,0
13,follow,none,2.3008,NOMINAL,19270,-1,65535,32,70496,0,0,0
13,follow,none,2.3343,NOMINAL,19271,-1,65535,32,55554,0,0,0
13,follow,none,2.3676,NOMINAL,19272,-1,65535,32,56080,0,0,0
13,follow,none,2.4007,NOMINAL,19273,-1,65535,32,38203,0,0,0
13,follow,none,2.4342,NOMINAL,19274,-1,65535,32,51428,0,0,0
13,follow,none,2.4674,NOMINAL,19275,-1,65535,32,56694,0,0,0
13,follow,none,2.5010,NOMINAL,19276,-1,65535,32,69347,0,0,0
13,follow,none,2.5342,NOMINAL,19277,-1,65535,32,19577,0,0,0
13,follow,none,2.5675,NOMINAL,19278,-1,65535,32,55462,0,0,0
13,follow,none,2.6010,NOMINAL,19279,-1,65535,32,54520,0,0,0
13,follow,none,2.6342,NOMINAL,19280,-1,65535,32,52854,0,0,0
13,follow,none,2.6676,NOMINAL,19281,-1,65535,32,20589,0,0,0
13,follow,none,2.7008,NOMINAL,19282,-1,65535,32,40893,0,0,0
13,follow,none,2.7341,NOMINAL,19283,-1,65535,32,50546,0,0,0
13,follow,none,2.7674,NOMINAL,19284,-1,65535,32,38695,0,0,0
13,follow,none,2.8008,NOMINAL,19285,-1,65535,32,40052,0,0,0
13,follow,none,2.8340,NOMINAL,19286,-1,65535,32,54904,0,0,0
13,follow,none,2.8676,NOMINAL,19287,-1,65535,32,37219,0,0,0
13,follow,none,2.9009,NOMINAL,19288,-1,65535,32,51870,0,0,0
13,follow,none,2.9342,NOMINAL,19289,-1,65535,32,19604,0,0,0
13,follow,none,2.9676,NOMINAL,19290,-1,65535,32,46689,0,0,0
13,follow,none,3.0777,FAILSAFE,19290,-1,65535,33,0,0,0,0
14,follow,none,-0.9991,FAILSAFE,19291,-1,65535,32,47970,0,0,0
14,follow,none,-0.9658,FAILSAFE,19292,-1,65535,32,72450,0,0,0
14,follow,none,-0.9325,FAILSAFE,19293,-1,65535,32,30204,0,0,0
14,follow,none,-0.9124,FAILSAFE,19293,-1,65535,32,0,0,0,0
14,follow,none,-0.8992,FAILSAFE,19294,-1,65535,32,28313,0,0,0
14,follow,none,-0.8658,FAILSAFE,19295,-1,65535,32,30372,0,0,0
14,follow,none,-0.8326,FAILSAFE,19296,-1,65535,32,69339,0,0,0
14,follow,none,-0.8124,FAILSAFE,19296,-1,65535,32,0,0,0,0
14,follow,none,-0.7992,FAILSAFE,19297,-1,65535,32,45929,0,0,0
14,follow,none,-0.7659,FAILSAFE,19298,-1,65535,32,44638,0,0,0
14,follow,none,-0.7327,FAILSAFE,19299,-1,65535,32,34674,0,0,0
14,follow,none,-0.7125,FAILSAFE,19299,-1,65535,32,0,0,0,0
14,follow,none,-0.6987,NOMINAL,19300,-1,65535,32,88547,0,0,0
14,follow,none,-0.6656,NOMINAL,19301,-1,65535,32,96801,0,0,0
14,follow,none,-0.6323,NOMINAL,19302,-1,65535,32,121191,0,0,0
14,follow,none,-0.5991,NOMINAL,19303,-1,65535,32,69978,0,0,0
14,follow,none,-0.5659,NOMINAL,19304,-1,65535,32,55104,0,0,0
14,follow,none,-0.5325,NOMINAL,19305,-1,65535,32,42079,0,0,0
14,follow,none,-0.4992,NOMINAL,19306,-1,65535,32,37445,0,0,0
14,follow,none,-0.4659,NOMINAL,19307,-1,65535,32,21627,0,0,0
14,follow,none,-0.4324,NOMINAL,19308,-1,65535,32,73737,0,0,0
14,follow,none,-0.3992,NOMINAL,19309,-1,65535,32,38737,0,0,0
14,follow,none,-0.3657,NOMINAL,19310,-1,65535,32,34947,0,0,0
14,follow,none,-0.3326,NOMINAL,19311,-1,65535,32,69756,0,0,0
14,follow,none,-0.2990,NOMINAL,19312,-1,65535,32,51811,0,0,0
14,follow,none,-0.2660,NOMINAL,19313,-1,65535,32,37862,0,0,0
14,follow,none,-0.2326,NOMINAL,19314,-1,65535,32,63358,0,0,0
14,follow,none,-0.1992,NOMINAL,19315,-1,65535,32,38773,0,0,0
14,follow,none,-0.1657,NOMINAL,19316,-1,65535,32,33387,0,0,0
14,follow,none,-0.1324,NOMINAL,19317,-1,65535,32,101250,0,0,0
14,follow,none,-0.0992,NOMINAL,19318,-1,65535,32,94961,0,0,0
14,follow,none,-0.0659,NOMINAL,19319,-1,65535,32,55425,0,0,0
14,follow,none,-0.0319,NOMINAL,19320,-1,65535,32,62614,0,0,0
14,follow,none,0.0012,NOMINAL,19321,-1,65535,32,27290,0,0,0
14,follow,none,0.0344,NOMINAL,19322,-1,65535,32,41866,0,0,0
14,follow,none,0.0676,NOMINAL,19323,-1,65535,32,42773,0,0,0
14,follow,none,0.1009,NOMINAL,19324,-1,65535,32,39415,0,0,0
14,follow,none,0.1343,NOMINAL,19325,-1,65535,32,40086,0,0,0
14,follow,none,0.1674,NOMINAL,19326,-1,65535,32,39346,0,0,0
14,follow,none,0.2010,NOMINAL,19327,-1,65535,32,39278,0,0,0
14,follow,none,0.2341,NOMINAL,19328,-1,65535,32,40612,0,0,0
14,follow,none,0.2676,NOMINAL,19329,-1,65535,32,24651,0,0,0
14,follow,none,0.3008,NOMINAL,19330,-1,65535,32,39338,0,0,0
14,follow,none,0.3342,NOMINAL,19331,-1,65535,32,54628,0,0,0
14,follow,none,0.3677,NOMINAL,19332,-1,65535,32,23071,0,0,0
14,follow,none,0.4009,NOMINAL,19333,-1,65535,32,37595,0,0,0
14,follow,none,0.4342,NOMINAL,19334,-1,65535,32,40294,0,0,0
14,follow,none,0.4674,NOMINAL,19335,-1,65535,32,53679,0,0,0
14,follow,none,0.5008,NOMINAL,19336,-1,65535,32,39928,0,0,0
14,follow,none,0.5341,NOMINAL,19337,-1,65535,32,38511,0,0,0
14,follow,none,0.5676,NOMINAL,19338,-1,65535,32,53287,0,0,0
14,follow,none,0.6009,NOMINAL,19339,-1,65535,32,46158,0,0,0
14,follow,none,0.6342,NOMINAL,19340,-1,65535,32,97494,0,0,0
14,follow,none,0.6674,NOMINAL,19341,-1,65535,32,36971,0,0,0
14,follow,none,0.7008,NOMINAL,19342,-1,65535,32,23428,0,0,0
14,follow,none,0.7342,NOMINAL,19343,-1,65535,32,96538,0,0,0
14,follow,none,0.7675,NOMINAL,19344,-1,65535,32,34432,0,0,0
14,follow,none,0.8010,NOMINAL,19345,-1,65535,32,22438,0,0,0
14,follow,none,0.8340,NOMINAL,19346,-1,65535,32,24104,0,0,0
14,follow,none,0.8675,NOMINAL,19347,-1,65535,32,20995,0,0,0
14,follow,none,0.9008,NOMINAL,19348,-1,65535,32,37428,0,0,0
14,follow,none,0.9342,NOMINAL,19349,-1,65535,32,40978,0,0,0
14,follow,none,0.9673,NOMINAL,19350,-1,65535,32,38862,0,0,0
14,follow,none,1.0008,NOMINAL,19351,-1,65535,32,25413,0,0,0
14,follow,none,1.0342,NOMINAL,19352,-1,65535,32,37628,0,0,0
14,follow,none,1.0676,NOMINAL,19353,-1,65535,32,40362,0,0,0
14,follow,none,1.1008,NOMINAL,19354,-1,65535,32,37220,0,0,0
14,follow,none,1.1343,NOMINAL,19355,-1,65535,32,37611,0,0,0
14,follow,none,1.1676,NOMINAL,19356,-1,65535,32,40306,0,0,0
14,follow,none,1.2009,NOMINAL,19357,-1,65535,32,25120,0,0,0
14,follow,none,1.2344,NOMINAL,19358,-1,65535,32,58055,0,0,0
14,follow,none,1.2677,NOMINAL,19359,-1,65535,32,70292,0,0,0
14,follow,none,1.3008,NOMINAL,19360,-1,65535,32,50883,0,0,0
14,follow,none,1.3341,NOMINAL,19361,-1,65535,32,37436,0,0,0
14,follow,none,1.3674,NOMINAL,19362,-1,65535,32,35613,0,0,0
14,follow,none,1.4008,NOMINAL,19363,-1,65535,32,39071,0,0,0
14,follow,none,1.4343,NOMINAL,19364,-1,65535,32,35895,0,0,0
14,follow,none,1.4680,NOMINAL,19365,-1,65535,32,39186,0,0,0
14,follow,none,1.5011,NOMINAL,19366,-1,65535,32,52953,0,0,0
14,follow,none,1.5343,NOMINAL,19367,-1,65535,32,36055,0,0,0
14,follow,none,1.5676,NOMINAL,19368,-1,65535,32,96979,0,0,0
14,follow,none,1.6010,NOMINAL,19369,-1,65535,32,40616,0,0,0
14,follow,none,1.6343,NOMINAL,19370,-1,65535,32,54287,0,0,0
14,follow,none,1.6677,NOMINAL,19371,-1,65535,32,40886,0,0,0
14,follow,none,1.7008,NOMINAL,19372,-1,65535,32,38119,0,0,0
14,follow,none,1.7343,NOMINAL,19373,-1,65535,32,39995,0,0,0
14,follow,none,1.7676,NOMINAL,19374,-1,65535,32,39828,0,0,0
14,follow,none,1.8011,NOMINAL,19375,-1,65535,32,117637,0,0,0
14,follow,none,1.8342,NOMINAL,19376,-1,65535,32,94696,0,0,0
14,follow,none,1.8676,NOMINAL,19377,-1,65535,32,40024,0,0,0
14,follow,none,1.9006,NOMINAL,19378,-1,65535,32,61906,0,0,0
14,follow,none,1.9342,NOMINAL,19379,-1,65535,32,53362,0,0,0
14,follow,none,1.9675,NOMINAL,19380,-1,65535,32,55880,0,0,0
14,follow,none,2.0010,NOMINAL,19381,-1,65535,32,118909,0,0,0
14,follow,none,2.0342,NOMINAL,19382,-1,65535,32,57481,0,0,0
14,follow,none,2.0675,NOMINAL,19383,-1,65535,32,54804,0,0,0
14,follow,none,2.1008,NOMINAL,19384,-1,65535,32,53506,0,0,0
14,follow,none,2.1342,NOMINAL,19385,-1,65535,32,40237,0,0,0
14,follow,none,2.1675,NOMINAL,19386,-1,65535,32,37168,0,0,0
14,follow,none,2.2008,NOMINAL,19387,-1,65535,32,43813,0,0,0
14,follow,none,2.2344,NOMINAL,19388,-1,65535,32,95495,0,0,0
14,follow,none,2.2676,NOMINAL,19389,-1,65535,32,22605,0,0,0
14,follow,none,2.3008,NOMINAL,19390,-1,65535,32,21829,0,0,0
14,follow,none,2.3343,NOMINAL,19391,-1,65535,32,56131,0,0,0
14,follow,none,2.3675,NOMINAL,19392,-1,65535,32,38655,0,0,0
14,follow,none,2.4010,NOMINAL,19393,-1,65535,32,57500,0,0,0
14,follow,none,2.4341,NOMINAL,19394,-1,65535,32,40755,0,0,0
14,follow,none,2.4676,NOMINAL,19395,-1,65535,32,55744,0,0,0
14,follow,none,2.5009,NOMINAL,19396,-1,65535,32,45872,0,0,0
14,follow,none,2.5341,NOMINAL,19397,-1,65535,32,58339,0,0,0
14,follow,none,2.5674,NOMINAL,19398,-1,65535,32,20662,0,0,0
14,follow,none,2.6008,NOMINAL,19399,-1,65535,32,21856,0,0,0
14,follow,none,2.6343,NOMINAL,19400,-1,65535,32,111213,0,0,0
14,follow,none,2.6675,NOMINAL,19401,-1,65535,32,40430,0,0,0
14,follow,none,2.7007,NOMINAL,19402,-1,65535,32,37832,0,0,0
14,follow,none,2.7341,NOMINAL,19403,-1,65535,32,37556,0,0,0
14,follow,none,2.7674,NOMINAL,19404,-1,65535,32,37807,0,0,0
14,follow,none,2.8009,NOMINAL,19405,-1,65535,32,116848,0,0,0
14,follow,none,2.8340,NOMINAL,19406,-1,65535,32,28524,0,0,0
14,follow,none,2.8675,NOMINAL,19407,-1,65535,32,58770,0,0,0
14,follow,none,2.9009,NOMINAL,19408,-1,65535,32,41823,0,0,0
14,follow,none,2.9343,NOMINAL,19409,-1,65535,32,38262,0,0,0
14,follow,none,2.9676,NOMINAL,19410,-1,65535,32,40605,0,0,0
14,follow,none,3.0782,FAILSAFE,19410,-1,65535,33,0,0,0,0
15,follow,none,-0.9991,FAILSAFE,19411,-1,65535,32,37226,0,0,0
15,follow,none,-0.9656,FAILSAFE,19412,-1,65535,32,13918,0,0,0
15,follow,none,-0.9322,FAILSAFE,19413,-1,65535,32,34493,0,0,0
15,follow,none,-0.9123,FAILSAFE,19413,-1,65535,32,0,0,0,0
15,follow,none,-0.8992,FAILSAFE,19414,-1,65535,32,34729,0,0,0
15,follow,none,-0.8658,FAILSAFE,19415,-1,65535,32,51564,0,0,0
15,follow,none,-0.8326,FAILSAFE,19416,-1,65535,32,46496,0,0,0
15,follow,none,-0.7992,FAILSAFE,19417,-1,65535,32,14546,0,0,0
15,follow,none,-0.7792,FAILSAFE,19417,-1,65535,32,0,0,0,0
15,follow,none,-0.7657,FAILSAFE,19418,-1,65535,32,31005,0,0,0
15,follow,none,-0.7326,FAILSAFE,19419,-1,65535,32,47758,0,0,0
15,follow,none,-0.6988,NOMINAL,19420,-1,65535,32,65461,0,0,0
15,follow,none,-0.6658,NOMINAL,19421,-1,65535,32,41270,0,0,0
15,follow,none,-0.6325,NOMINAL,19422,-1,65535,32,56145,0,0,0
15,follow,none,-0.5992,NOMINAL,19423,-1,65535,32,96799,0,0,0
15,follow,none,-0.5658,NOMINAL,19424,-1,65535,32,40387,0,0,0
15,follow,none,-0.5323,NOMINAL,19425,-1,65535,32,43856,0,0,0
15,follow,none,-0.4992,NOMINAL,19426,-1,65535,32,38947,0,0,0
15,follow,none,-0.4659,NOMINAL,19427,-1,65535,32,54053,0,0,0
15,follow,none,-0.4324,NOMINAL,19428,-1,65535,32,35520,0,0,0
15,follow,none,-0.3991,NOMINAL,19429,-1,65535,32,40155,0,0,0
15,follow,none,-0.3658,NOMINAL,19430,-1,65535,32,97725,0,0,0
15,follow,none,-0.3325,NOMINAL,19431,-1,65535,32,39729,0,0,0
15,follow,none,-0.2993,NOMINAL,19432,-1,65535,32,36129,0,0,0
15,follow,none,-0.2658,NOMINAL,19433,-1,65535,32,20686,0,0,0
15,follow,none,-0.2324,NOMINAL,19434,-1,65535,32,55571,0,0,0
15,follow,none,-0.1991,NOMINAL,19435,-1,65535,32,38128,0,0,0
15,follow,none,-0.1658,NOMINAL,19436,-1,65535,32,44270,0,0,0
15,follow,none,-0.1326,NOMINAL,19437,-1,65535,32,41915,0,0,0
15,follow,none,-0.0992,NOMINAL,19438,-1,65535,32,25650,0,0,0
15,follow,none,-0.0657,NOMINAL,19439,-1,65535,32,50114,0,0,0
15,follow,none,-0.0318,NOMINAL,19440,-1,65535,32,167729,0,0,0
15,follow,none,0.0012,NOMINAL,19441,-1,65535,32,55161,0,0,0
15,follow,none,0.0344,NOMINAL,19442,-1,65535,32,39078,0,0,0
15,follow,none,0.0676,NOMINAL,19443,-1,65535,32,38805,0,0,0
15,follow,none,0.1009,NOMINAL,19444,-1,65535,32,22020,0,0,0
15,follow,none,0.1342,NOMINAL,19445,-1,65535,32,37187,0,0,0
15,follow,none,0.1675,NOMINAL,19446,-1,65535,32,40145,0,0,0
15,follow,none,0.2011,NOMINAL,19447,-1,65535,32,55379,0,0,0
15,follow,none,0.2342,NOMINAL,19448,-1,65535,32,57596,0,0,0
15,follow,none,0.2677,NOMINAL,19449,-1,65535,32,96982,0,0,0
15,follow,none,0.3009,NOMINAL,19450,-1,65535,32,32931,0,0,0
15,follow,none,0.3342,NOMINAL,19451,-1,65535,32,11417,0,0,0
15,follow,none,0.3675,NOMINAL,19452,-1,65535,32,35813,0,0,0
15,follow,none,0.4008,NOMINAL,19453,-1,65535,32,39781,0,0,0
15,follow,none,0.4341,NOMINAL,19454,-1,65535,32,47275,0,0,0
15,follow,none,0.4675,NOMINAL,19455,-1,65535,32,39915,0,0,0
15,follow,none,0.5009,NOMINAL,19456,-1,65535,32,44390,0,0,0
15,follow,none,0.5343,NOMINAL,19457,-1,65535,32,22513,0,0,0
15,follow,none,0.5677,NOMINAL,19458,-1,65535,32,95446,0,0,0
15,follow,none,0.6010,NOMINAL,19459,-1,65535,32,39220,0,0,0
15,follow,none,0.6343,NOMINAL,19460,-1,65535,32,82030,0,0,0
15,follow,none,0.6676,NOMINAL,19461,-1,65535,32,42060,0,0,0
15,follow,none,0.7008,NOMINAL,19462,-1,65535,32,39737,0,0,0
15,follow,none,0.7342,NOMINAL,19463,-1,65535,32,70521,0,0,0
15,follow,none,0.7675,NOMINAL,19464,-1,65535,32,36321,0,0,0
15,follow,none,0.8009,NOMINAL,19465,-1,65535,32,23407,0,0,0
15,follow,none,0.8342,NOMINAL,19466,-1,65535,32,23071,0,0,0
15,follow,none,0.8675,NOMINAL,19467,-1,65535,32,56202,0,0,0
15,follow,none,0.9009,NOMINAL,19468,-1,65535,32,113163,0,0,0
15,follow,none,0.9341,NOMINAL,19469,-1,65535,32,54595,0,0,0
15,follow,none,0.9675,NOMINAL,19470,-1,65535,32,38123,0,0,0
15,follow,none,1.0009,NOMINAL,19471,-1,65535,32,43169,0,0,0
15,follow,none,1.0342,NOMINAL,19472,-1,65535,32,111362,0,0,0
15,follow,none,1.0676,NOMINAL,19473,-1,65535,32,104862,0,0,0
15,follow,none,1.1009,NOMINAL,19474,-1,65535,32,51416,0,0,0
15,follow,none,1.1343,NOMINAL,19475,-1,65535,32,62473,0,0,0
15,follow,none,1.1675,NOMINAL,19476,-1,65535,32,43374,0,0,0
15,follow,none,1.2009,NOMINAL,19477,-1,65535,32,48098,0,0,0
15,follow,none,1.2344,NOMINAL,19478,-1,65535,32,60953,0,0,0
15,follow,none,1.2677,NOMINAL,19479,-1,65535,32,49282,0,0,0
15,follow,none,1.3009,NOMINAL,19480,-1,65535,32,45421,0,0,0
15,follow,none,1.3344,NOMINAL,19481,-1,65535,32,46146,0,0,0
15,follow,none,1.3675,NOMINAL,19482,-1,65535,32,46271,0,0,0
15,follow,none,1.4010,NOMINAL,19483,-1,65535,32,31686,0,0,0
15,follow,none,1.4342,NOMINAL,19484,-1,65535,32,121480,0,0,0
15,follow,none,1.4677,NOMINAL,19485,-1,65535,32,60183,0,0,0
15,follow,none,1.5010,NOMINAL,19486,-1,65535,32,53340,0,0,0
15,follow,none,1.5341,NOMINAL,19487,-1,65535,32,44145,0,0,0
15,follow,none,1.5676,NOMINAL,19488,-1,65535,32,62162,0,0,0
15,follow,none,1.6009,NOMINAL,19489,-1,65535,32,52233,0,0,0
15,follow,none,1.6344,NOMINAL,19490,-1,65535,32,61788,0,0,0
15,follow,none,1.6676,NOMINAL,19491,-1,65535,32,64728,0,0,0
15,follow,none,1.7009,NOMINAL,19492,-1,65535,32,124521,0,0,0
15,follow,none,1.7343,NOMINAL,19493,-1,65535,32,29779,0,0,0
15,follow,none,1.7675,NOMINAL,19494,-1,65535,32,46296,0,0,0
15,follow,none,1.8008,NOMINAL,19495,-1,65535,32,66015,0,0,0
15,follow,none,1.8342,NOMINAL,19496,-1,65535,32,62637,0,0,0
15,follow,none,1.8679,NOMINAL,19497,-1,65535,32,48353,0,0,0
15,follow,none,1.9010,NOMINAL,19498,-1,65535,32,52475,0,0,0
15,follow,none,1.9342,NOMINAL,19499,-1,65535,32,94220,0,0,0
15,follow,none,1.9678,NOMINAL,19500,-1,65535,32,65719,0,0,0
15,follow,none,2.0008,NOMINAL,19501,-1,65535,32,51785,0,0,0
15,follow,none,2.0343,NOMINAL,19502,-1,65535,32,62745,0,0,0
15,follow,none,2.0676,NOMINAL,19503,-1,65535,32,105909,0,0,0
15,follow,none,2.1009,NOMINAL,19504,-1,65535,32,29854,0,0,0
15,follow,none,2.1343,NOMINAL,19505,-1,65535,32,19696,0,0,0
15,follow,none,2.1675,NOMINAL,19506,-1,65535,32,41446,0,0,0
15,follow,none,2.2009,NOMINAL,19507,-1,65535,32,20406,0,0,0
15,follow,none,2.2342,NOMINAL,19508,-1,65535,32,37829,0,0,0
15,follow,none,2.2677,NOMINAL,19509,-1,65535,32,39022,0,0,0
15,follow,none,2.3009,NOMINAL,19510,-1,65535,32,41558,0,0,0
15,follow,none,2.3342,NOMINAL,19511,-1,65535,32,97982,0,0,0
15,follow,none,2.3677,NOMINAL,19512,-1,65535,32,39042,0,0,0
15,follow,none,2.4009,NOMINAL,19513,-1,65535,32,27336,0,0,0
15,follow,none,2.4343,NOMINAL,19514,-1,65535,32,47924,0,0,0
15,follow,none,2.4676,NOMINAL,19515,-1,65535,32,38337,0,0,0
15,follow,none,2.5008,NOMINAL,19516,-1,65535,32,40503,0,0,0
15,follow,none,2.5343,NOMINAL,19517,-1,65535,32,24437,0,0,0
15,follow,none,2.5674,NOMINAL,19518,-1,65535,32,34273,0,0,0
15,follow,none,2.6007,NOMINAL,19519,-1,65535,32,60806,0,0,0
15,follow,none,2.6341,NOMINAL,19520,-1,65535,32,58162,0,0,0
15,follow,none,2.6678,NOMINAL,19521,-1,65535,32,41535,0,0,0
15,follow,none,2.7010,NOMINAL,19522,-1,65535,32,45065,0,0,0
15,follow,none,2.7344,NOMINAL,19523,-1,65535,32,57281,0,0,0
15,follow,none,2.7675,NOMINAL,19524,-1,65535,32,39172,0,0,0
15,follow,none,2.8011,NOMINAL,19525,-1,65535,32,39170,0,0,0
15,follow,none,2.8342,NOMINAL,19526,-1,65535,32,36222,0,0,0
15,follow,none,2.8678,NOMINAL,19527,-1,65535,32,38971,0,0,0
15,follow,none,2.9009,NOMINAL,19528,-1,65535,32,24268,0,0,0
15,follow,none,2.9343,NOMINAL,19529,-1,65535,32,38322,0,0,0
15,follow,none,2.9676,NOMINAL,19530,-1,65535,32,112503,0,0,0
15,follow,none,3.0785,FAILSAFE,19530,-1,65535,33,0,0,0,0
16,follow,none,-0.9990,FAILSAFE,19531,-1,65535,32,25523,0,0,0
16,follow,none,-0.9660,FAILSAFE,19532,-1,65535,32,39826,0,0,0
16,follow,none,-0.9325,FAILSAFE,19533,-1,65535,32,31855,0,0,0
16,follow,none,-0.9126,FAILSAFE,19533,-1,65535,32,0,0,0,0
16,follow,none,-0.8992,FAILSAFE,19534,-1,65535,32,30686,0,0,0
16,follow,none,-0.8659,FAILSAFE,19535,-1,65535,32,32572,0,0,0
16,follow,none,-0.8325,FAILSAFE,19536,-1,65535,32,12471,0,0,0
16,follow,none,-0.7992,FAILSAFE,19537,-1,65535,32,51895,0,0,0
16,follow,none,-0.7791,FAILSAFE,19537,-1,65535,32,0,0,0,0
16,follow,none,-0.7659,FAILSAFE,19538,-1,65535,32,46413,0,0,0
16,follow,none,-0.7325,FAILSAFE,19539,-1,65535,32,15438,0,0,0
16,follow,none,-0.6987,NOMINAL,19540,-1,65535,32,76225,0,0,0
16,follow,none,-0.6656,NOMINAL,19541,-1,65535,32,43620,0,0,0
16,follow,none,-0.6325,NOMINAL,19542,-1,65535,32,41294,0,0,0
16,follow,none,-0.5989,NOMINAL,19543,-1,65535,32,144707,0,0,0
16,follow,none,-0.5658,NOMINAL,19544,-1,65535,32,37386,0,0,0
16,follow,none,-0.5325,NOMINAL,19545,-1,65535,32,39569,0,0,0
16,follow,none,-0.4992,NOMINAL,19546,-1,65535,32,40095,0,0,0
16,follow,none,-0.4659,NOMINAL,19547,-1,65535,32,38260,0,0,0
16,follow,none,-0.4326,NOMINAL,19548,-1,65535,32,38779,0,0,0
16,follow,none,-0.3991,NOMINAL,19549,-1,65535,32,37360,0,0,0
16,follow,none,-0.3657,NOMINAL,19550,-1,65535,32,36453,0,0,0
16,follow,none,-0.3325,NOMINAL,19551,-1,65535,32,52404,0,0,0
16,follow,none,-0.2992,NOMINAL,19552,-1,65535,32,41837,0,0,0
16,follow,none,-0.2658,NOMINAL,19553,-1,65535,32,39753,0,0,0
16,follow,none,-0.2324,NOMINAL,19554,-1,65535,32,55287,0,0,0
16,follow,none,-0.1991,NOMINAL,19555,-1,65535,32,19929,0,0,0
16,follow,none,-0.1659,NOMINAL,19556,-1,65535,32,26027,0,0,0
16,follow,none,-0.1324,NOMINAL,19557,-1,65535,32,19453,0,0,0
16,follow,none,-0.0991,NOMINAL,19558,-1,65535,32,38779,0,0,0
16,follow,none,-0.0657,NOMINAL,19559,-1,65535,32,54646,0,0,0
16,follow,none,-0.0319,NOMINAL,19560,-1,65535,32,90179,0,0,0
16,follow,none,0.0012,NOMINAL,19561,-1,65535,32,46361,0,0,0
16,follow,none,0.0346,NOMINAL,19562,-1,65535,32,56426,0,0,0
16,follow,none,0.0678,NOMINAL,19563,-1,65535,32,43741,0,0,0
16,follow,none,0.1009,NOMINAL,19564,-1,65535,32,44525,0,0,0
16,follow,none,0.1341,NOMINAL,19565,-1,65535,32,39859,0,0,0
16,follow,none,0.1676,NOMINAL,19566,-1,65535,32,37998,0,0,0
16,follow,none,0.2008,NOMINAL,19567,-1,65535,32,42740,0,0,0
16,follow,none,0.2341,NOMINAL,19568,-1,65535,32,21341,0,0,0
16,follow,none,0.2677,NOMINAL,19569,-1,65535,32,99205,0,0,0
16,follow,none,0.3010,NOMINAL,19570,-1,65535,32,24887,0,0,0
16,follow,none,0.3344,NOMINAL,19571,-1,65535,32,40221,0,0,0
16,follow,none,0.3674,NOMINAL,19572,-1,65535,32,36331,0,0,0
16,follow,none,0.4010,NOMINAL,19573,-1,65535,32,44365,0,0,0
16,follow,none,0.4342,NOMINAL,19574,-1,65535,32,38946,0,0,0
16,follow,none,0.4675,NOMINAL,19575,-1,65535,32,55462,0,0,0
16,follow,none,0.5008,NOMINAL,19576,-1,65535,32,19639,0,0,0
16,follow,none,0.5341,NOMINAL,19577,-1,65535,32,36220,0,0,0
16,follow,none,0.5675,NOMINAL,19578,-1,65535,32,95163,0,0,0
16,follow,none,0.6010,NOMINAL,19579,-1,65535,32,56972,0,0,0
16,follow,none,0.6342,NOMINAL,19580,-1,65535,32,39704,0,0,0
16,follow,none,0.6675,NOMINAL,19581,-1,65535,32,55439,0,0,0
16,follow,none,0.7010,NOMINAL,19582,-1,65535,32,113825,0,0,0
16,follow,none,0.7342,NOMINAL,19583,-1,65535,32,59864,0,0,0
16,follow,none,0.7675,NOMINAL,19584,-1,65535,32,37614,0,0,0
16,follow,none,0.8009,NOMINAL,19585,-1,65535,32,44891,0,0,0
16,follow,none,0.8342,NOMINAL,19586,-1,65535,32,43471,0,0,0
16,follow,none,0.8677,NOMINAL,19587,-1,65535,32,54072,0,0,0
16,follow,none,0.9009,NOMINAL,19588,-1,65535,32,24614,0,0,0
16,follow,none,0.9341,NOMINAL,19589,-1,65535,32,24296,0,0,0
16,follow,none,0.9675,NOMINAL,19590,-1,65535,32,34272,0,0,0
16,follow,none,1.0009,NOMINAL,19591,-1,65535,32,23392,0,0,0
16,follow,none,1.0343,NOMINAL,19592,-1,65535,32,39922,0,0,0
16,follow,none,1.0676,NOMINAL,19593,-1,65535,32,56229,0,0,0
16,follow,none,1.1009,NOMINAL,19594,-1,65535,32,24914,0,0,0
16,follow,none,1.1341,NOMINAL,19595,-1,65535,32,38113,0,0,0
16,follow,none,1.1673,NOMINAL,19596,-1,65535,32,38129,0,0,0
16,follow,none,1.2009,NOMINAL,19597,-1,65535,32,80826,0,0,0
16,follow,none,1.2343,NOMINAL,19598,-1,65535,32,38483,0,0,0
16,follow,none,1.2676,NOMINAL,19599,-1,65535,32,20046,0,0,0
16,follow,none,1.3010,NOMINAL,19600,-1,65535,32,41255,0,0,0
16,follow,none,1.3342,NOMINAL,19601,-1,65535,32,55547,0,0,0
16,follow,none,1.3676,NOMINAL,19602,-1,65535,32,37522,0,0,0
16,follow,none,1.4009,NOMINAL,19603,-1,65535,32,58404,0,0,0
16,follow,none,1.4341,NOMINAL,19604,-1,65535,32,38195,0,0,0
16,follow,none,1.4675,NOMINAL,19605,-1,65535,32,56015,0,0,0
16,follow,none,1.5008,NOMINAL,19606,-1,65535,32,24811,0,0,0
16,follow,none,1.5340,NOMINAL,19607,-1,65535,32,37730,0,0,0
16,follow,none,1.5674,NOMINAL,19608,-1,65535,32,19846,0,0,0
16,follow,none,1.6008,NOMINAL,19609,-1,65535,32,24461,0,0,0
16,follow,none,1.6342,NOMINAL,19610,-1,65535,32,36771,0,0,0
16,follow,none,1.6675,NOMINAL,19611,-1,65535,32,41770,0,0,0
16,follow,none,1.7007,NOMINAL,19612,-1,65535,32,45236,0,0,0
16,follow,none,1.7343,NOMINAL,19613,-1,65535,32,94788,0,0,0
16,follow,none,1.7674,NOMINAL,19614,-1,65535,32,39389,0,0,0
16,follow,none,1.8008,NOMINAL,19615,-1,65535,32,39070,0,0,0
16,follow,none,1.8343,NOMINAL,19616,-1,65535,32,20995,0,0,0
16,follow,none,1.8674,NOMINAL,19617,-1,65535,32,20994,0,0,0
16,follow,none,1.9009,NOMINAL,19618,-1,65535,32,27298,0,0,0
16,follow,none,1.9341,NOMINAL,19619,-1,65535,32,38629,0,0,0
16,follow,none,1.9677,NOMINAL,19620,-1,65535,32,41288,0,0,0
16,follow,none,2.0009,NOMINAL,19621,-1,65535,32,42875,0,0,0
16,follow,none,2.0342,NOMINAL,19622,-1,65535,32,58703,0,0,0
16,follow,none,2.0675,NOMINAL,19623,-1,65535,32,37395,0,0,0
16,follow,none,2.1010,NOMINAL,19624,-1,65535,32,41956,0,0,0
16,follow,none,2.1342,NOMINAL,19625,-1,65535,32,38399,0,0,0
16,follow,none,2.1676,NOMINAL,19626,-1,65535,32,36680,0,0,0
16,follow,none,2.2009,NOMINAL,19627,-1,65535,32,42397,0,0,0
16,follow,none,2.2340,NOMINAL,19628,-1,65535,32,41121,0,0,0
16,follow,none,2.2675,NOMINAL,19629,-1,65535,32,98654,0,0,0
16,follow,none,2.3009,NOMINAL,19630,-1,65535,32,44687,0,0,0
16,follow,none,2.3345,NOMINAL,19631,-1,65535,32,113584,0,0,0
16,follow,none,2.3675,NOMINAL,19632,-1,65535,32,37137,0,0,0
16,follow,none,2.4009,NOMINAL,19633,-1,65535,32,39133,0,0,0
16,follow,none,2.4341,NOMINAL,19634,-1,65535,32,40913,0,0,0
16,follow,none,2.4674,NOMINAL,19635,-1,65535,32,40380,0,0,0
16,follow,none,2.5009,NOMINAL,19636,-1,65535,32,56673,0,0,0
16,follow,none,2.5342,NOMINAL,19637,-1,65535,32,55491,0,0,0
16,follow,none,2.5676,NOMINAL,19638,-1,65535,32,33255,0,0,0
16,follow,none,2.6010,NOMINAL,19639,-1,65535,32,44981,0,0,0
16,follow,none,2.6342,NOMINAL,19640,-1,65535,32,35446,0,0,0
16,follow,none,2.6674,NOMINAL,19641,-1,65535,32,37985,0,0,0
16,follow,none,2.7009,NOMINAL,19642,-1,65535,32,39724,0,0,0
16,follow,none,2.7343,NOMINAL,19643,-1,65535,32,114147,0,0,0
16,follow,none,2.7676,NOMINAL,19644,-1,65535,32,95801,0,0,0
16,follow,none,2.8010,NOMINAL,19645,-1,65535,32,41144,0,0,0
16,follow,none,2.8343,NOMINAL,19646,-1,65535,32,39958,0,0,0
16,follow,none,2.8676,NOMINAL,19647,-1,65535,32,59344,0,0,0
16,follow,none,2.9009,NOMINAL,19648,-1,65535,32,101572,0,0,0
16,follow,none,2.9341,NOMINAL,19649,-1,65535,32,31792,0,0,0
16,follow,none,2.9676,NOMINAL,19650,-1,65535,32,39588,0,0,0
16,follow,none,3.0784,FAILSAFE,19650,-1,65535,33,0,0,0,0
17,follow,none,-0.9991,FAILSAFE,19651,-1,65535,32,36176,0,0,0
17,follow,none,-0.9658,FAILSAFE,19652,-1,65535,32,30619,0,0,0
17,follow,none,-0.9326,FAILSAFE,19653,-1,65535,32,75384,0,0,0
17,follow,none,-0.9125,FAILSAFE,19653,-1,65535,32,0,0,0,0
17,follow,none,-0.8991,FAILSAFE,19654,-1,65535,32,104188,0,0,0
17,follow,none,-0.8658,FAILSAFE,19655,-1,65535,32,45032,0,0,0
17,follow,none,-0.8325,FAILSAFE,19656,-1,65535,32,29657,0,0,0
17,follow,none,-0.8124,FAILSAFE,19656,-1,65535,32,0,0,0,0
17,follow,none,-0.7992,FAILSAFE,19657,-1,65535,32,90551,0,0,0
17,follow,none,-0.7656,FAILSAFE,19658,-1,65535,32,33613,0,0,0
17,follow,none,-0.7324,FAILSAFE,19659,-1,65535,32,38743,0,0,0
17,follow,none,-0.7124,FAILSAFE,19659,-1,65535,32,0,0,0,0
17,follow,none,-0.6988,NOMINAL,19660,-1,65535,32,94622,0,0,0
17,follow,none,-0.6659,NOMINAL,19661,-1,65535,32,41996,0,0,0
17,follow,none,-0.6325,NOMINAL,19662,-1,65535,32,38354,0,0,0
17,follow,none,-0.5990,NOMINAL,19663,-1,65535,32,87319,0,0,0
17,follow,none,-0.5658,NOMINAL,19664,-1,65535,32,40633,0,0,0
17,follow,none,-0.5326,NOMINAL,19665,-1,65535,32,33772,0,0,0
17,follow,none,-0.4991,NOMINAL,19666,-1,65535,32,37733,0,0,0
17,follow,none,-0.4658,NOMINAL,19667,-1,65535,32,55296,0,0,0
17,follow,none,-0.4326,NOMINAL,19668,-1,65535,32,37719,0,0,0
17,follow,none,-0.3990,NOMINAL,19669,-1,65535,32,57596,0,0,0
17,follow,none,-0.3657,NOMINAL,19670,-1,65535,32,39761,0,0,0
17,follow,none,-0.3324,NOMINAL,19671,-1,65535,32,93391,0,0,0
17,follow,none,-0.2992,NOMINAL,19672,-1,65535,32,53887,0,0,0
17,follow,none,-0.2658,NOMINAL,19673,-1,65535,32,54337,0,0,0
17,follow,none,-0.2324,NOMINAL,19674,-1,65535,32,41043,0,0,0
17,follow,none,-0.1991,NOMINAL,19675,-1,65535,32,40145,0,0,0
17,follow,none,-0.1658,NOMINAL,19676,-1,65535,32,18937,0,0,0
17,follow,none,-0.1324,NOMINAL,19677,-1,65535,32,50681,0,0,0
17,follow,none,-0.0991,NOMINAL,19678,-1,65535,32,38220,0,0,0
17,follow,none,-0.0658,NOMINAL,19679,-1,65535,32,39363,0,0,0
17,follow,none,-0.0318,NOMINAL,19680,-1,65535,32,159137,0,0,0
17,follow,none,0.0012,NOMINAL,19681,-1,65535,32,91611,0,0,0
17,follow,none,0.0344,NOMINAL,19682,-1,65535,32,67859,0,0,0
17,follow,none,0.0676,NOMINAL,19683,-1,65535,32,41482,0,0,0
17,follow,none,0.1008,NOMINAL,19684,-1,65535,32,38287,0,0,0
17,follow,none,0.1341,NOMINAL,19685,-1,65535,32,19719,0,0,0
17,follow,none,0.1675,NOMINAL,19686,-1,65535,32,58861,0,0,0
17,follow,none,0.2007,NOMINAL,19687,-1,65535,32,54945,0,0,0
17,follow,none,0.2342,NOMINAL,19688,-1,65535,32,24304,0,0,0
17,follow,none,0.2675,NOMINAL,19689,-1,65535,32,57362,0,0,0
17,follow,none,0.3007,NOMINAL,19690,-1,65535,32,37445,0,0,0
17,follow,none,0.3342,NOMINAL,19691,-1,65535,32,40140,0,0,0
17,follow,none,0.3675,NOMINAL,19692,-1,65535,32,54244,0,0,0
17,follow,none,0.4008,NOMINAL,19693,-1,65535,32,19870,0,0,0
17,follow,none,0.4344,NOMINAL,19694,-1,65535,32,40219,0,0,0
17,follow,none,0.4676,NOMINAL,19695,-1,65535,32,23437,0,0,0
17,follow,none,0.5009,NOMINAL,19696,-1,65535,32,38686,0,0,0
17,follow,none,0.5341,NOMINAL,19697,-1,65535,32,37569,0,0,0
17,follow,none,0.5676,NOMINAL,19698,-1,65535,32,41378,0,0,0
17,follow,none,0.6009,NOMINAL,19699,-1,65535,32,42966,0,0,0
17,follow,none,0.6340,NOMINAL,19700,-1,65535,32,34736,0,0,0
17,follow,none,0.6676,NOMINAL,19701,-1,65535,32,96583,0,0,0
17,follow,none,0.7008,NOMINAL,19702,-1,65535,32,22470,0,0,0
17,follow,none,0.7341,NOMINAL,19703,-1,65535,32,40508,0,0,0
17,follow,none,0.7675,NOMINAL,19704,-1,65535,32,38479,0,0,0
17,follow,none,0.8008,NOMINAL,19705,-1,65535,32,57361,0,0,0
17,follow,none,0.8343,NOMINAL,19706,-1,65535,32,36763,0,0,0
17,follow,none,0.8675,NOMINAL,19707,-1,65535,32,37019,0,0,0
17,follow,none,0.9009,NOMINAL,19708,-1,65535,32,21946,0,0,0
17,follow,none,0.9343,NOMINAL,19709,-1,65535,32,39271,0,0,0
17,follow,none,0.9676,NOMINAL,19710,-1,65535,32,58346,0,0,0
17,follow,none,1.0008,NOMINAL,19711,-1,65535,32,59740,0,0,0
17,follow,none,1.0343,NOMINAL,19712,-1,65535,32,36469,0,0,0
17,follow,none,1.0676,NOMINAL,19713,-1,65535,32,39266,0,0,0
17,follow,none,1.1008,NOMINAL,19714,-1,65535,32,43591,0,0,0
17,follow,none,1.1341,NOMINAL,19715,-1,65535,32,38494,0,0,0
17,follow,none,1.1674,NOMINAL,19716,-1,65535,32,19606,0,0,0
17,follow,none,1.2009,NOMINAL,19717,-1,65535,32,40980,0,0,0
17,follow,none,1.2343,NOMINAL,19718,-1,65535,32,55628,0,0,0
17,follow,none,1.2674,NOMINAL,19719,-1,65535,32,20013,0,0,0
17,follow,none,1.3009,NOMINAL,19720,-1,65535,32,43139,0,0,0
17,follow,none,1.3343,NOMINAL,19721,-1,65535,32,40228,0,0,0
17,follow,none,1.3677,NOMINAL,19722,-1,65535,32,99158,0,0,0
17,follow,none,1.4008,NOMINAL,19723,-1,65535,32,31818,0,0,0
17,follow,none,1.4343,NOMINAL,19724,-1,65535,32,36603,0,0,0
17,follow,none,1.4676,NOMINAL,19725,-1,65535,32,36789,0,0,0
17,follow,none,1.5010,NOMINAL,19726,-1,65535,32,26566,0,0,0
17,follow,none,1.5342,NOMINAL,19727,-1,65535,32,38403,0,0,0
17,follow,none,1.5675,NOMINAL,19728,-1,65535,32,36846,0,0,0
17,follow,none,1.6009,NOMINAL,19729,-1,65535,32,54967,0,0,0
17,follow,none,1.6343,NOMINAL,19730,-1,65535,32,57587,0,0,0
17,follow,none,1.6676,NOMINAL,19731,-1,65535,32,53303,0,0,0
17,follow,none,1.7010,NOMINAL,19732,-1,65535,32,42359,0,0,0
17,follow,none,1.7341,NOMINAL,19733,-1,65535,32,37669,0,0,0
17,follow,none,1.7674,NOMINAL,19734,-1,65535,32,37986,0,0,0
17,follow,none,1.8010,NOMINAL,19735,-1,65535,32,30695,0,0,0
17,follow,none,1.8343,NOMINAL,19736,-1,65535,32,46983,0,0,0
17,follow,none,1.8675,NOMINAL,19737,-1,65535,32,38704,0,0,0
17,follow,none,1.9011,NOMINAL,19738,-1,65535,32,44247,0,0,0
17,follow,none,1.9342,NOMINAL,19739,-1,65535,32,40471,0,0,0
17,follow,none,1.9676,NOMINAL,19740,-1,65535,32,37797,0,0,0
17,follow,none,2.0008,NOMINAL,19741,-1,65535,32,48332,0,0,0
17,follow,none,2.0343,NOMINAL,19742,-1,65535,32,56197,0,0,0
17,follow,none,2.0676,NOMINAL,19743,-1,65535,32,18445,0,0,0
17,follow,none,2.1009,NOMINAL,19744,-1,65535,32,102531,0,0,0
17,follow,none,2.1341,NOMINAL,19745,-1,65535,32,57454,0,0,0
17,follow,none,2.1675,NOMINAL,19746,-1,65535,32,40537,0,0,0
17,follow,none,2.2009,NOMINAL,19747,-1,65535,32,58098,0,0,0
17,follow,none,2.2343,NOMINAL,19748,-1,65535,32,39949,0,0,0
17,follow,none,2.2676,NOMINAL,19749,-1,65535,32,20571,0,0,0
17,follow,none,2.3008,NOMINAL,19750,-1,65535,32,42992,0,0,0
17,follow,none,2.3343,NOMINAL,19751,-1,65535,32,56686,0,0,0
17,follow,none,2.3675,NOMINAL,19752,-1,65535,32,36179,0,0,0
17,follow,none,2.4010,NOMINAL,19753,-1,65535,32,100997,0,0,0
17,follow,none,2.4341,NOMINAL,19754,-1,65535,32,35087,0,0,0
17,follow,none,2.4674,NOMINAL,19755,-1,65535,32,56386,0,0,0
17,follow,none,2.5009,NOMINAL,19756,-1,65535,32,43007,0,0,0
17,follow,none,2.5341,NOMINAL,19757,-1,65535,32,40253,0,0,0
17,follow,none,2.5676,NOMINAL,19758,-1,65535,32,35846,0,0,0
17,follow,none,2.6008,NOMINAL,19759,-1,65535,32,25039,0,0,0
17,follow,none,2.6343,NOMINAL,19760,-1,65535,32,38604,0,0,0
17,follow,none,2.6676,NOMINAL,19761,-1,65535,32,40104,0,0,0
17,follow,none,2.7008,NOMINAL,19762,-1,65535,32,58479,0,0,0
17,follow,none,2.7342,NOMINAL,19763,-1,65535,32,36537,0,0,0
17,follow,none,2.7675,NOMINAL,19764,-1,65535,32,37629,0,0,0
17,follow,none,2.8009,NOMINAL,19765,-1,65535,32,99488,0,0,0
17,follow,none,2.8343,NOMINAL,19766,-1,65535,32,100071,0,0,0
17,follow,none,2.8675,NOMINAL,19767,-1,65535,32,37563,0,0,0
17,follow,none,2.9009,NOMINAL,19768,-1,65535,32,23847,0,0,0
17,follow,none,2.9343,NOMINAL,19769,-1,65535,32,115250,0,0,0
17,follow,none,2.9675,NOMINAL,19770,-1,65535,32,38162,0,0,0
17,follow,none,3.0784,FAILSAFE,19770,-1,65535,33,0,0,0,0
18,follow,none,-0.9992,FAILSAFE,19771,-1,65535,32,29812,0,0,0
18,follow,none,-0.9659,FAILSAFE,19772,-1,65535,32,32980,0,0,0
18,follow,none,-0.9325,FAILSAFE,19773,-1,65535,32,44873,0,0,0
18,follow,none,-0.9124,FAILSAFE,19773,-1,65535,32,0,0,0,0
18,follow,none,-0.8992,FAILSAFE,19774,-1,65535,32,33163,0,0,0
18,follow,none,-0.8658,FAILSAFE,19775,-1,65535,32,34105,0,0,0
18,follow,none,-0.8325,FAILSAFE,19776,-1,65535,32,46379,0,0,0
18,follow,none,-0.7993,FAILSAFE,19777,-1,65535,32,48568,0,0,0
18,follow,none,-0.7792,FAILSAFE,19777,-1,65535,32,0,0,0,0
18,follow,none,-0.7659,FAILSAFE,19778,-1,65535,32,46605,0,0,0
18,follow,none,-0.7324,FAILSAFE,19779,-1,65535,32,47147,0,0,0
18,follow,none,-0.6989,NOMINAL,19780,-1,65535,32,99938,0,0,0
18,follow,none,-0.6659,NOMINAL,19781,-1,65535,32,21435,0,0,0
18,follow,none,-0.6325,NOMINAL,19782,-1,65535,32,112259,0,0,0
18,follow,none,-0.5991,NOMINAL,19783,-1,65535,32,38513,0,0,0
18,follow,none,-0.5658,NOMINAL,19784,-1,65535,32,39172,0,0,0
18,follow,none,-0.5324,NOMINAL,19785,-1,65535,32,135298,0,0,0
18,follow,none,-0.4992,NOMINAL,19786,-1,65535,32,38136,0,0,0
18,follow,none,-0.4658,NOMINAL,19787,-1,65535,32,40669,0,0,0
18,follow,none,-0.4323,NOMINAL,19788,-1,65535,32,99413,0,0,0
18,follow,none,-0.3992,NOMINAL,19789,-1,65535,32,55125,0,0,0
18,follow,none,-0.3659,NOMINAL,19790,-1,65535,32,32781,0,0,0
18,follow,none,-0.3323,NOMINAL,19791,-1,65535,32,111000,0,0,0
18,follow,none,-0.2990,NOMINAL,19792,-1,65535,32,97692,0,0,0
18,follow,none,-0.2657,NOMINAL,19793,-1,65535,32,24383,0,0,0
18,follow,none,-0.2325,NOMINAL,19794,-1,65535,32,56144,0,0,0
18,follow,none,-0.1991,NOMINAL,19795,-1,65535,32,16625,0,0,0
18,follow,none,-0.1659,NOMINAL,19796,-1,65535,32,36802,0,0,0
18,follow,none,-0.1324,NOMINAL,19797,-1,65535,32,57961,0,0,0
18,follow,none,-0.0992,NOMINAL,19798,-1,65535,32,36478,0,0,0
18,follow,none,-0.0658,NOMINAL,19799,-1,65535,32,40012,0,0,0
18,follow,none,-0.0319,NOMINAL,19800,-1,65535,32,125716,0,0,0
18,follow,none,0.0012,NOMINAL,19801,-1,65535,32,61155,0,0,0
18,follow,none,0.0343,NOMINAL,19802,-1,65535,32,25471,0,0,0
18,follow,none,0.0675,NOMINAL,19803,-1,65535,32,20806,0,0,0
18,follow,none,0.1008,NOMINAL,19804,-1,65535,32,62130,0,0,0
18,follow,none,0.1344,NOMINAL,19805,-1,65535,32,40844,0,0,0
18,follow,none,0.1675,NOMINAL,19806,-1,65535,32,55604,0,0,0
18,follow,none,0.2008,NOMINAL,19807,-1,65535,32,41425,0,0,0
18,follow,none,0.2342,NOMINAL,19808,-1,65535,32,36711,0,0,0
18,follow,none,0.2676,NOMINAL,19809,-1,65535,32,94903,0,0,0
18,follow,none,0.3010,NOMINAL,19810,-1,65535,32,42201,0,0,0
18,follow,none,0.3342,NOMINAL,19811,-1,65535,32,38829,0,0,0
18,follow,none,0.3676,NOMINAL,19812,-1,65535,32,69817,0,0,0
18,follow,none,0.4010,NOMINAL,19813,-1,65535,32,51870,0,0,0
18,follow,none,0.4342,NOMINAL,19814,-1,65535,32,37282,0,0,0
18,follow,none,0.4675,NOMINAL,19815,-1,65535,32,19837,0,0,0
18,follow,none,0.5009,NOMINAL,19816,-1,65535,32,50547,0,0,0
18,follow,none,0.5342,NOMINAL,19817,-1,65535,32,37377,0,0,0
18,follow,none,0.5677,NOMINAL,19818,-1,65535,32,57312,0,0,0
18,follow,none,0.6008,NOMINAL,19819,-1,65535,32,43455,0,0,0
18,follow,none,0.6341,NOMINAL,19820,-1,65535,32,71730,0,0,0
18,follow,none,0.6678,NOMINAL,19821,-1,65535,32,54861,0,0,0
18,follow,none,0.7008,NOMINAL,19822,-1,65535,32,36836,0,0,0
18,follow,none,0.7343,NOMINAL,19823,-1,65535,32,55561,0,0,0
18,follow,none,0.7678,NOMINAL,19824,-1,65535,32,72086,0,0,0
18,follow,none,0.8008,NOMINAL,19825,-1,65535,32,52370,0,0,0
18,follow,none,0.8342,NOMINAL,19826,-1,65535,32,37486,0,0,0
18,follow,none,0.8674,NOMINAL,19827,-1,65535,32,37327,0,0,0
18,follow,none,0.9007,NOMINAL,19828,-1,65535,32,57313,0,0,0
18,follow,none,0.9342,NOMINAL,19829,-1,65535,32,70704,0,0,0
18,follow,none,0.9676,NOMINAL,19830,-1,65535,32,37053,0,0,0
18,follow,none,1.0009,NOMINAL,19831,-1,65535,32,36477,0,0,0
18,follow,none,1.0342,NOMINAL,19832,-1,65535,32,19515,0,0,0
18,follow,none,1.0676,NOMINAL,19833,-1,65535,32,39048,0,0,0
18,follow,none,1.1008,NOMINAL,19834,-1,65535,32,60615,0,0,0
18,follow,none,1.1345,NOMINAL,19835,-1,65535,32,20928,0,0,0
18,follow,none,1.1676,NOMINAL,19836,-1,65535,32,38821,0,0,0
18,follow,none,1.2010,NOMINAL,19837,-1,65535,32,42471,0,0,0
18,follow,none,1.2342,NOMINAL,19838,-1,65535,32,20338,0,0,0
18,follow,none,1.2675,NOMINAL,19839,-1,65535,32,52340,0,0,0
18,follow,none,1.3009,NOMINAL,19840,-1,65535,32,45995,0,0,0
18,follow,none,1.3343,NOMINAL,19841,-1,65535,32,58853,0,0,0
18,follow,none,1.3675,NOMINAL,19842,-1,65535,32,36589,0,0,0
18,follow,none,1.4009,NOMINAL,19843,-1,65535,32,61199,0,0,0
18,follow,none,1.4340,NOMINAL,19844,-1,65535,32,51080,0,0,0
18,follow,none,1.4675,NOMINAL,19845,-1,65535,32,37993,0,0,0
18,follow,none,1.5008,NOMINAL,19846,-1,65535,32,41371,0,0,0
18,follow,none,1.5344,NOMINAL,19847,-1,65535,32,96995,0,0,0
18,follow,none,1.5675,NOMINAL,19848,-1,65535,32,72615,0,0,0
18,follow,none,1.6009,NOMINAL,19849,-1,65535,32,41842,0,0,0
18,follow,none,1.6341,NOMINAL,19850,-1,65535,32,51094,0,0,0
18,follow,none,1.6674,NOMINAL,19851,-1,65535,32,36940,0,0,0
18,follow,none,1.7008,NOMINAL,19852,-1,65535,32,42172,0,0,0
18,follow,none,1.7342,NOMINAL,19853,-1,65535,32,36362,0,0,0
18,follow,none,1.7677,NOMINAL,19854,-1,65535,32,68864,0,0,0
18,follow,none,1.8008,NOMINAL,19855,-1,65535,32,55838,0,0,0
18,follow,none,1.8342,NOMINAL,19856,-1,65535,32,38643,0,0,0
18,follow,none,1.8676,NOMINAL,19857,-1,65535,32,54579,0,0,0
18,follow,none,1.9008,NOMINAL,19858,-1,65535,32,59879,0,0,0
18,follow,none,1.9343,NOMINAL,19859,-1,65535,32,38303,0,0,0
18,follow,none,1.9674,NOMINAL,19860,-1,65535,32,69228,0,0,0
18,follow,none,2.0009,NOMINAL,19861,-1,65535,32,39446,0,0,0
18,follow,none,2.0341,NOMINAL,19862,-1,65535,32,58894,0,0,0
18,follow,none,2.0675,NOMINAL,19863,-1,65535,32,51762,0,0,0
18,follow,none,2.1008,NOMINAL,19864,-1,65535,32,54064,0,0,0
18,follow,none,2.1342,NOMINAL,19865,-1,65535,32,54135,0,0,0
18,follow,none,2.1675,NOMINAL,19866,-1,65535,32,39905,0,0,0
18,follow,none,2.2008,NOMINAL,19867,-1,65535,32,41994,0,0,0
18,follow,none,2.2341,NOMINAL,19868,-1,65535,32,57888,0,0,0
18,follow,none,2.2674,NOMINAL,19869,-1,65535,32,52010,0,0,0
18,follow,none,2.3008,NOMINAL,19870,-1,65535,32,36737,0,0,0
18,follow,none,2.3343,NOMINAL,19871,-1,65535,32,37555,0,0,0
18,follow,none,2.3675,NOMINAL,19872,-1,65535,32,36887,0,0,0
18,follow,none,2.4009,NOMINAL,19873,-1,65535,32,25596,0,0,0
18,follow,none,2.4340,NOMINAL,19874,-1,65535,32,38794,0,0,0
18,follow,none,2.4676,NOMINAL,19875,-1,65535,32,36305,0,0,0
18,follow,none,2.5008,NOMINAL,19876,-1,65535,32,26688,0,0,0
18,follow,none,2.5344,NOMINAL,19877,-1,65535,32,38984,0,0,0
18,follow,none,2.5677,NOMINAL,19878,-1,65535,32,57445,0,0,0
18,follow,none,2.6009,NOMINAL,19879,-1,65535,32,44956,0,0,0
18,follow,none,2.6344,NOMINAL,19880,-1,65535,32,39453,0,0,0
18,follow,none,2.6676,NOMINAL,19881,-1,65535,32,50911,0,0,0
18,follow,none,2.7009,NOMINAL,19882,-1,65535,32,59244,0,0,0
18,follow,none,2.7344,NOMINAL,19883,-1,65535,32,40237,0,0,0
18,follow,none,2.7676,NOMINAL,19884,-1,65535,32,19898,0,0,0
18,follow,none,2.8010,NOMINAL,19885,-1,65535,32,71248,0,0,0
18,follow,none,2.8342,NOMINAL,19886,-1,65535,32,38219,0,0,0
18,follow,none,2.8674,NOMINAL,19887,-1,65535,32,37303,0,0,0
18,follow,none,2.9008,NOMINAL,19888,-1,65535,32,23258,0,0,0
18,follow,none,2.9342,NOMINAL,19889,-1,65535,32,95001,0,0,0
18,follow,none,2.9675,NOMINAL,19890,-1,65535,32,37314,0,0,0
18,follow,none,3.0685,FAILSAFE,19890,-1,65535,33,0,0,0,0
19,follow,none,-0.9990,FAILSAFE,19891,-1,65535,32,16420,0,0,0
19,follow,none,-0.9658,FAILSAFE,19892,-1,65535,32,44220,0,0,0
19,follow,none,-0.9458,FAILSAFE,19892,-1,65535,32,0,0,0,0
19,follow,none,-0.9327,FAILSAFE,19893,-1,65535,32,89856,0,0,0
19,follow,none,-0.8991,FAILSAFE,19894,-1,65535,32,71168,0,0,0
19,follow,none,-0.8659,FAILSAFE,19895,-1,65535,32,33599,0,0,0
19,follow,none,-0.8458,FAILSAFE,19895,-1,65535,32,0,0,0,0
19,follow,none,-0.8325,FAILSAFE,19896,-1,65535,32,33549,0,0,0
19,follow,none,-0.7992,FAILSAFE,19897,-1,65535,32,96616,0,0,0
19,follow,none,-0.7658,FAILSAFE,19898,-1,65535,32,33638,0,0,0
19,follow,none,-0.7457,FAILSAFE,19898,-1,65535,32,0,0,0,0
19,follow,none,-0.7326,FAILSAFE,19899,-1,65535,32,46446,0,0,0
19,follow,none,-0.6984,NOMINAL,19900,-1,65535,32,134642,0,0,0
19,follow,none,-0.6658,NOMINAL,19901,-1,65535,32,38784,0,0,0
19,follow,none,-0.6325,NOMINAL,19902,-1,65535,32,68004,0,0,0
19,follow,none,-0.5991,NOMINAL,19903,-1,65535,32,30131,0,0,0
19,follow,none,-0.5657,NOMINAL,19904,-1,65535,32,72603,0,0,0
19,follow,none,-0.5324,NOMINAL,19905,-1,65535,32,33736,0,0,0
19,follow,none,-0.4992,NOMINAL,19906,-1,65535,32,42825,0,0,0
19,follow,none,-0.4656,NOMINAL,19907,-1,65535,32,99617,0,0,0
19,follow,none,-0.4324,NOMINAL,19908,-1,65535,32,55383,0,0,0
19,follow,none,-0.3991,NOMINAL,19909,-1,65535,32,44398,0,0,0
19,follow,none,-0.3658,NOMINAL,19910,-1,65535,32,37395,0,0,0
19,follow,none,-0.3324,NOMINAL,19911,-1,65535,32,37112,0,0,0
19,follow,none,-0.2992,NOMINAL,19912,-1,65535,32,23708,0,0,0
19,follow,none,-0.2658,NOMINAL,19913,-1,65535,32,36862,0,0,0
19,follow,none,-0.2325,NOMINAL,19914,-1,65535,32,51529,0,0,0
19,follow,none,-0.1991,NOMINAL,19915,-1,65535,32,54152,0,0,0
19,follow,none,-0.1656,NOMINAL,19916,-1,65535,32,52564,0,0,0
19,follow,none,-0.1325,NOMINAL,19917,-1,65535,32,28954,0,0,0
19,follow,none,-0.0991,NOMINAL,19918,-1,65535,32,94524,0,0,0
19,follow,none,-0.0658,NOMINAL,19919,-1,65535,32,55316,0,0,0
19,follow,none,-0.0320,NOMINAL,19920,-1,65535,32,47995,0,0,0
19,follow,none,0.0010,NOMINAL,19921,-1,65535,32,37716,0,0,0
19,follow,none,0.0343,NOMINAL,19922,-1,65535,32,54347,0,0,0
19,follow,none,0.0674,NOMINAL,19923,-1,65535,32,56006,0,0,0
19,follow,none,0.1010,NOMINAL,19924,-1,65535,32,77282,0,0,0
19,follow,none,0.1342,NOMINAL,19925,-1,65535,32,52205,0,0,0
19,follow,none,0.1675,NOMINAL,19926,-1,65535,32,32575,0,0,0
19,follow,none,0.2008,NOMINAL,19927,-1,65535,32,44290,0,0,0
19,follow,none,0.2342,NOMINAL,19928,-1,65535,32,40332,0,0,0
19,follow,none,0.2676,NOMINAL,19929,-1,65535,32,35891,0,0,0
19,follow,none,0.3007,NOMINAL,19930,-1,65535,32,54890,0,0,0
19,follow,none,0.3342,NOMINAL,19931,-1,65535,32,55214,0,0,0
19,follow,none,0.3674,NOMINAL,19932,-1,65535,32,50897,0,0,0
19,follow,none,0.4010,NOMINAL,19933,-1,65535,32,25258,0,0,0
19,follow,none,0.4341,NOMINAL,19934,-1,65535,32,56497,0,0,0
19,follow,none,0.4676,NOMINAL,19935,-1,65535,32,56349,0,0,0
19,follow,none,0.5007,NOMINAL,19936,-1,65535,32,58433,0,0,0
19,follow,none,0.5342,NOMINAL,19937,-1,65535,32,56165,0,0,0
19,follow,none,0.5676,NOMINAL,19938,-1,65535,32,96957,0,0,0
19,follow,none,0.6008,NOMINAL,19939,-1,65535,32,38477,0,0,0
19,follow,none,0.6343,NOMINAL,19940,-1,65535,32,52244,0,0,0
19,follow,none,0.6676,NOMINAL,19941,-1,65535,32,37444,0,0,0
19,follow,none,0.7009,NOMINAL,19942,-1,65535,32,58308,0,0,0
19,follow,none,0.7342,NOMINAL,19943,-1,65535,32,34521,0,0,0
19,follow,none,0.7676,NOMINAL,19944,-1,65535,32,40504,0,0,0
19,follow,none,0.8009,NOMINAL,19945,-1,65535,32,37953,0,0,0
19,follow,none,0.8341,NOMINAL,19946,-1,65535,32,53054,0,0,0
19,follow,none,0.8673,NOMINAL,19947,-1,65535,32,36870,0,0,0
19,follow,none,0.9008,NOMINAL,19948,-1,65535,32,40689,0,0,0
19,follow,none,0.9341,NOMINAL,19949,-1,65535,32,38828,0,0,0
19,follow,none,0.9676,NOMINAL,19950,-1,65535,32,72371,0,0,0
19,follow,none,1.0009,NOMINAL,19951,-1,65535,32,44730,0,0,0
19,follow,none,1.0341,NOMINAL,19952,-1,65535,32,50228,0,0,0
19,follow,none,1.0674,NOMINAL,19953,-1,65535,32,37186,0,0,0
19,follow,none,1.1007,NOMINAL,19954,-1,65535,32,28605,0,0,0
19,follow,none,1.1343,NOMINAL,19955,-1,65535,32,92868,0,0,0
19,follow,none,1.1674,NOMINAL,19956,-1,65535,32,32953,0,0,0
19,follow,none,1.2008,NOMINAL,19957,-1,65535,32,44114,0,0,0
19,follow,none,1.2343,NOMINAL,19958,-1,65535,32,52581,0,0,0
19,follow,none,1.2675,NOMINAL,19959,-1,65535,32,51870,0,0,0
19,follow,none,1.3008,NOMINAL,19960,-1,65535,32,21019,0,0,0
19,follow,none,1.3342,NOMINAL,19961,-1,65535,32,69338,0,0,0
19,follow,none,1.3674,NOMINAL,19962,-1,65535,32,37769,0,0,0
19,follow,none,1.4008,NOMINAL,19963,-1,65535,32,42043,0,0,0
19,follow,none,1.4341,NOMINAL,19964,-1,65535,32,37811,0,0,0
19,follow,none,1.4674,NOMINAL,19965,-1,65535,32,40070,0,0,0
19,follow,none,1.5008,NOMINAL,19966,-1,65535,32,40663,0,0,0
19,follow,none,1.5342,NOMINAL,19967,-1,65535,32,33946,0,0,0
19,follow,none,1.5673,NOMINAL,19968,-1,65535,32,38154,0,0,0
19,follow,none,1.6009,NOMINAL,19969,-1,65535,32,39729,0,0,0
19,follow,none,1.6343,NOMINAL,19970,-1,65535,32,51087,0,0,0
19,follow,none,1.6676,NOMINAL,19971,-1,65535,32,71694,0,0,0
19,follow,none,1.7008,NOMINAL,19972,-1,65535,32,43623,0,0,0
19,follow,none,1.7341,NOMINAL,19973,-1,65535,32,37156,0,0,0
19,follow,none,1.7677,NOMINAL,19974,-1,65535,32,42170,0,0,0
19,follow,none,1.8009,NOMINAL,19975,-1,65535,32,35428,0,0,0
19,follow,none,1.8346,NOMINAL,19976,-1,65535,32,22095,0,0,0
19,follow,none,1.8676,NOMINAL,19977,-1,65535,32,70403,0,0,0
19,follow,none,1.9012,NOMINAL,19978,-1,65535,32,112395,0,0,0
19,follow,none,1.9344,NOMINAL,19979,-1,65535,32,55144,0,0,0
19,follow,none,1.9676,NOMINAL,19980,-1,65535,32,36614,0,0,0
19,follow,none,2.0008,NOMINAL,19981,-1,65535,32,43063,0,0,0
19,follow,none,2.0343,NOMINAL,19982,-1,65535,32,38211,0,0,0
19,follow,none,2.0675,NOMINAL,19983,-1,65535,32,52197,0,0,0
19,follow,none,2.1009,NOMINAL,19984,-1,65535,32,42204,0,0,0
19,follow,none,2.1342,NOMINAL,19985,-1,65535,32,73149,0,0,0
19,follow,none,2.1677,NOMINAL,19986,-1,65535,32,72473,0,0,0
19,follow,none,2.2008,NOMINAL,19987,-1,65535,32,40764,0,0,0
19,follow,none,2.2345,NOMINAL,19988,-1,65535,32,19756,0,0,0
19,follow,none,2.2676,NOMINAL,19989,-1,65535,32,36314,0,0,0
19,follow,none,2.3009,NOMINAL,19990,-1,65535,32,97923,0,0,0
19,follow,none,2.3342,NOMINAL,19991,-1,65535,32,55578,0,0,0
19,follow,none,2.3675,NOMINAL,19992,-1,65535,32,19278,0,0,0
19,follow,none,2.4007,NOMINAL,19993,-1,65535,32,35774,0,0,0
19,follow,none,2.4342,NOMINAL,19994,-1,65535,32,37227,0,0,0
19,follow,none,2.4676,NOMINAL,19995,-1,65535,32,69612,0,0,0
19,follow,none,2.5007,NOMINAL,19996,-1,65535,32,42978,0,0,0
19,follow,none,2.5341,NOMINAL,19997,-1,65535,32,38336,0,0,0
19,follow,none,2.5674,NOMINAL,19998,-1,65535,32,36294,0,0,0
19,follow,none,2.6008,NOMINAL,19999,-1,65535,32,42889,0,0,0
19,follow,none,2.6341,NOMINAL,20000,-1,65535,32,39545,0,0,0
19,follow,none,2.6677,NOMINAL,20001,-1,65535,32,53431,0,0,0
19,follow,none,2.7007,NOMINAL,20002,-1,65535,32,38654,0,0,0
19,follow,none,2.7341,NOMINAL,20003,-1,65535,32,38625,0,0,0
19,follow,none,2.7675,NOMINAL,20004,-1,65535,32,53337,0,0,0
19,follow,none,2.8008,NOMINAL,20005,-1,65535,32,55253,0,0,0
19,follow,none,2.8343,NOMINAL,20006,-1,65535,32,52291,0,0,0
19,follow,none,2.8676,NOMINAL,20007,-1,65535,32,22731,0,0,0
19,follow,none,2.9009,NOMINAL,20008,-1,65535,32,62988,0,0,0
19,follow,none,2.9341,NOMINAL,20009,-1,65535,32,51879,0,0,0
19,follow,none,2.9675,NOMINAL,20010,-1,65535,32,58345,0,0,0
19,follow,none,3.0687,FAILSAFE,20010,-1,65535,33,0,0,0,0
20,follow,none,-0.9989,FAILSAFE,20011,-1,65535,32,54677,0,0,0
20,follow,none,-0.9657,FAILSAFE,20012,-1,65535,32,30654,0,0,0
20,follow,none,-0.9457,FAILSAFE,20012,-1,65535,32,0,0,0,0
20,follow,none,-0.9326,FAILSAFE,20013,-1,65535,32,53900,0,0,0
20,follow,none,-0.8993,FAILSAFE,20014,-1,65535,32,33265,0,0,0
20,follow,none,-0.8659,FAILSAFE,20015,-1,65535,32,46481,0,0,0
20,follow,none,-0.8458,FAILSAFE,20015,-1,65535,32,0,0,0,0
20,follow,none,-0.8325,FAILSAFE,20016,-1,65535,32,47815,0,0,0
20,follow,none,-0.7992,FAILSAFE,20017,-1,65535,32,90644,0,0,0
20,follow,none,-0.7658,FAILSAFE,20018,-1,65535,32,51282,0,0,0
20,follow,none,-0.7459,FAILSAFE,20018,-1,65535,32,0,0,0,0
20,follow,none,-0.7325,FAILSAFE,20019,-1,65535,32,40075,0,0,0
20,follow,none,-0.6985,NOMINAL,20020,-1,65535,32,83550,0,0,0
20,follow,none,-0.6657,NOMINAL,20021,-1,65535,32,54897,0,0,0
20,follow,none,-0.6324,NOMINAL,20022,-1,65535,32,56177,0,0,0
20,follow,none,-0.5991,NOMINAL,20023,-1,65535,32,38263,0,0,0
20,follow,none,-0.5658,NOMINAL,20024,-1,65535,32,38329,0,0,0
20,follow,none,-0.5325,NOMINAL,20025,-1,65535,32,38121,0,0,0
20,follow,none,-0.4991,NOMINAL,20026,-1,65535,32,96058,0,0,0
20,follow,none,-0.4658,NOMINAL,20027,-1,65535,32,47874,0,0,0
20,follow,none,-0.4328,NOMINAL,20028,-1,65535,32,35138,0,0,0
20,follow,none,-0.3990,NOMINAL,20029,-1,65535,32,113319,0,0,0
20,follow,none,-0.3658,NOMINAL,20030,-1,65535,32,72721,0,0,0
20,follow,none,-0.3324,NOMINAL,20031,-1,65535,32,54445,0,0,0
20,follow,none,-0.2991,NOMINAL,20032,-1,65535,32,26637,0,0,0
20,follow,none,-0.2658,NOMINAL,20033,-1,65535,32,72388,0,0,0
20,follow,none,-0.2324,NOMINAL,20034,-1,65535,32,38347,0,0,0
20,follow,none,-0.1992,NOMINAL,20035,-1,65535,32,35951,0,0,0
20,follow,none,-0.1659,NOMINAL,20036,-1,65535,32,37937,0,0,0
20,follow,none,-0.1326,NOMINAL,20037,-1,65535,32,39048,0,0,0
20,follow,none,-0.0993,NOMINAL,20038,-1,65535,32,38927,0,0,0
20,follow,none,-0.0659,NOMINAL,20039,-1,65535,32,52006,0,0,0
20,follow,none,-0.0322,NOMINAL,20040,-1,65535,32,50333,0,0,0
20,follow,none,0.0009,NOMINAL,20041,-1,65535,32,43484,0,0,0
20,follow,none,0.0345,NOMINAL,20042,-1,65535,32,58763,0,0,0
20,follow,none,0.0677,NOMINAL,20043,-1,65535,32,93070,0,0,0
20,follow,none,0.1013,NOMINAL,20044,-1,65535,32,26638,0,0,0
20,follow,none,0.1343,NOMINAL,20045,-1,65535,32,54196,0,0,0
20,follow,none,0.1677,NOMINAL,20046,-1,65535,32,39711,0,0,0
20,follow,none,0.2008,NOMINAL,20047,-1,65535,32,37720,0,0,0
20,follow,none,0.2342,NOMINAL,20048,-1,65535,32,50555,0,0,0
20,follow,none,0.2675,NOMINAL,20049,-1,65535,32,35812,0,0,0
20,follow,none,0.3010,NOMINAL,20050,-1,65535,32,57777,0,0,0
20,follow,none,0.3344,NOMINAL,20051,-1,65535,32,55279,0,0,0
20,follow,none,0.3676,NOMINAL,20052,-1,65535,32,69363,0,0,0
20,follow,none,0.4008,NOMINAL,20053,-1,65535,32,54138,0,0,0
20,follow,none,0.4342,NOMINAL,20054,-1,65535,32,51287,0,0,0
20,follow,none,0.4676,NOMINAL,20055,-1,65535,32,54261,0,0,0
20,follow,none,0.5011,NOMINAL,20056,-1,65535,32,98530,0,0,0
20,follow,none,0.5345,NOMINAL,20057,-1,65535,32,56879,0,0,0
20,follow,none,0.5677,NOMINAL,20058,-1,65535,32,37289,0,0,0
20,follow,none,0.6008,NOMINAL,20059,-1,65535,32,39327,0,0,0
20,follow,none,0.6340,NOMINAL,20060,-1,65535,32,72071,0,0,0
20,follow,none,0.6674,NOMINAL,20061,-1,65535,32,54304,0,0,0
20,follow,none,0.7010,NOMINAL,20062,-1,65535,32,41102,0,0,0
20,follow,none,0.7342,NOMINAL,20063,-1,65535,32,39764,0,0,0
20,follow,none,0.7675,NOMINAL,20064,-1,65535,32,51339,0,0,0
20,follow,none,0.8008,NOMINAL,20065,-1,65535,32,42391,0,0,0
20,follow,none,0.8342,NOMINAL,20066,-1,65535,32,53280,0,0,0
20,follow,none,0.8674,NOMINAL,20067,-1,65535,32,36971,0,0,0
20,follow,none,0.9009,NOMINAL,20068,-1,65535,32,58400,0,0,0
20,follow,none,0.9341,NOMINAL,20069,-1,65535,32,38055,0,0,0
20,follow,none,0.9677,NOMINAL,20070,-1,65535,32,39021,0,0,0
20,follow,none,1.0009,NOMINAL,20071,-1,65535,32,66180,0,0,0
20,follow,none,1.0340,NOMINAL,20072,-1,65535,32,37171,0,0,0
20,follow,none,1.0674,NOMINAL,20073,-1,65535,32,53236,0,0,0
20,follow,none,1.1008,NOMINAL,20074,-1,65535,32,58812,0,0,0
20,follow,none,1.1343,NOMINAL,20075,-1,65535,32,37389,0,0,0
20,follow,none,1.1673,NOMINAL,20076,-1,65535,32,40709,0,0,0
20,follow,none,1.2008,NOMINAL,20077,-1,65535,32,43849,0,0,0
20,follow,none,1.2341,NOMINAL,20078,-1,65535,32,20955,0,0,0
20,follow,none,1.2675,NOMINAL,20079,-1,65535,32,36862,0,0,0
20,follow,none,1.3010,NOMINAL,20080,-1,65535,32,43831,0,0,0
20,follow,none,1.3342,NOMINAL,20081,-1,65535,32,21887,0,0,0
20,follow,none,1.3677,NOMINAL,20082,-1,65535,32,52564,0,0,0
20,follow,none,1.4010,NOMINAL,20083,-1,65535,32,45798,0,0,0
20,follow,none,1.4341,NOMINAL,20084,-1,65535,32,53955,0,0,0
20,follow,none,1.4676,NOMINAL,20085,-1,65535,32,50288,0,0,0
20,follow,none,1.5010,NOMINAL,20086,-1,65535,32,52330,0,0,0
20,follow,none,1.5341,NOMINAL,20087,-1,65535,32,35022,0,0,0
20,follow,none,1.5675,NOMINAL,20088,-1,65535,32,52863,0,0,0
20,follow,none,1.6008,NOMINAL,20089,-1,65535,32,59157,0,0,0
20,follow,none,1.6341,NOMINAL,20090,-1,65535,32,54672,0,0,0
20,follow,none,1.6674,NOMINAL,20091,-1,65535,32,57104,0,0,0
20,follow,none,1.7009,NOMINAL,20092,-1,65535,32,59489,0,0,0
20,follow,none,1.7345,NOMINAL,20093,-1,65535,32,97761,0,0,0
20,follow,none,1.7675,NOMINAL,20094,-1,65535,32,29508,0,0,0
20,follow,none,1.8009,NOMINAL,20095,-1,65535,32,39731,0,0,0
20,follow,none,1.8342,NOMINAL,20096,-1,65535,32,38896,0,0,0
20,follow,none,1.8676,NOMINAL,20097,-1,65535,32,80176,0,0,0
20,follow,none,1.9009,NOMINAL,20098,-1,65535,32,33279,0,0,0
20,follow,none,1.9342,NOMINAL,20099,-1,65535,32,41197,0,0,0
20,follow,none,1.9675,NOMINAL,20100,-1,65535,32,53612,0,0,0
20,follow,none,2.0008,NOMINAL,20101,-1,65535,32,54172,0,0,0
20,follow,none,2.0340,NOMINAL,20102,-1,65535,32,52063,0,0,0
20,follow,none,2.0676,NOMINAL,20103,-1,65535,32,73169,0,0,0
20,follow,none,2.1008,NOMINAL,20104,-1,65535,32,22258,0,0,0
20,follow,none,2.1344,NOMINAL,20105,-1,65535,32,112830,0,0,0
20,follow,none,2.1674,NOMINAL,20106,-1,65535,32,33256,0,0,0
20,follow,none,2.2009,NOMINAL,20107,-1,65535,32,98752,0,0,0
20,follow,none,2.2340,NOMINAL,20108,-1,65535,32,19057,0,0,0
20,follow,none,2.2676,NOMINAL,20109,-1,65535,32,53553,0,0,0
20,follow,none,2.3007,NOMINAL,20110,-1,65535,32,43614,0,0,0
20,follow,none,2.3342,NOMINAL,20111,-1,65535,32,38951,0,0,0
20,follow,none,2.3675,NOMINAL,20112,-1,65535,32,35887,0,0,0
20,follow,none,2.4010,NOMINAL,20113,-1,65535,32,56480,0,0,0
20,follow,none,2.4342,NOMINAL,20114,-1,65535,32,51613,0,0,0
20,follow,none,2.4674,NOMINAL,20115,-1,65535,32,37012,0,0,0
20,follow,none,2.5011,NOMINAL,20116,-1,65535,32,24522,0,0,0
20,follow,none,2.5342,NOMINAL,20117,-1,65535,32,40660,0,0,0
20,follow,none,2.5677,NOMINAL,20118,-1,65535,32,82341,0,0,0
20,follow,none,2.6009,NOMINAL,20119,-1,65535,32,41566,0,0,0
20,follow,none,2.6341,NOMINAL,20120,-1,65535,32,69879,0,0,0
20,follow,none,2.6673,NOMINAL,20121,-1,65535,32,69764,0,0,0
20,follow,none,2.7008,NOMINAL,20122,-1,65535,32,44091,0,0,0
20,follow,none,2.7340,NOMINAL,20123,-1,65535,32,33403,0,0,0
20,follow,none,2.7674,NOMINAL,20124,-1,65535,32,37445,0,0,0
20,follow,none,2.8009,NOMINAL,20125,-1,65535,32,43591,0,0,0
20,follow,none,2.8343,NOMINAL,20126,-1,65535,32,38328,0,0,0
20,follow,none,2.8674,NOMINAL,20127,-1,65535,32,51928,0,0,0
20,follow,none,2.9011,NOMINAL,20128,-1,65535,32,98230,0,0,0
20,follow,none,2.9343,NOMINAL,20129,-1,65535,32,37020,0,0,0
20,follow,none,2.9675,NOMINAL,20130,-1,65535,32,53588,0,0,0
20,follow,none,3.0689,FAILSAFE,20130,-1,65535,33,0,0,0,0
21,follow,none,-0.9990,FAILSAFE,20131,-1,65535,32,38452,0,0,0
21,follow,none,-0.9657,FAILSAFE,20132,-1,65535,32,48811,0,0,0
21,follow,none,-0.9458,FAILSAFE,20132,-1,65535,32,0,0,0,0
21,follow,none,-0.9325,FAILSAFE,20133,-1,65535,32,32553,0,0,0
21,follow,none,-0.8993,FAILSAFE,20134,-1,65535,32,35341,0,0,0
21,follow,none,-0.8658,FAILSAFE,20135,-1,65535,32,42688,0,0,0
21,follow,none,-0.8459,FAILSAFE,20135,-1,65535,32,0,0,0,0
21,follow,none,-0.8324,FAILSAFE,20136,-1,65535,32,65283,0,0,0
21,follow,none,-0.7993,FAILSAFE,20137,-1,65535,32,38445,0,0,0
21,follow,none,-0.7659,FAILSAFE,20138,-1,65535,32,47597,0,0,0
21,follow,none,-0.7459,FAILSAFE,20138,-1,65535,32,0,0,0,0
21,follow,none,-0.7325,FAILSAFE,20139,-1,65535,32,30922,0,0,0
21,follow,none,-0.6988,NOMINAL,20140,-1,65535,32,99485,0,0,0
21,follow,none,-0.6656,NOMINAL,20141,-1,65535,32,71078,0,0,0
21,follow,none,-0.6323,NOMINAL,20142,-1,65535,32,53079,0,0,0
21,follow,none,-0.5991,NOMINAL,20143,-1,65535,32,62591,0,0,0
21,follow,none,-0.5657,NOMINAL,20144,-1,65535,32,55029,0,0,0
21,follow,none,-0.5324,NOMINAL,20145,-1,65535,32,51494,0,0,0
21,follow,none,-0.4991,NOMINAL,20146,-1,65535,32,74788,0,0,0
21,follow,none,-0.4656,NOMINAL,20147,-1,65535,32,38812,0,0,0
21,follow,none,-0.4324,NOMINAL,20148,-1,65535,32,54328,0,0,0
21,follow,none,-0.3990,NOMINAL,20149,-1,65535,32,102119,0,0,0
21,follow,none,-0.3658,NOMINAL,20150,-1,65535,32,37788,0,0,0
21,follow,none,-0.3323,NOMINAL,20151,-1,65535,32,37363,0,0,0
21,follow,none,-0.2993,NOMINAL,20152,-1,65535,32,40439,0,0,0
21,follow,none,-0.2657,NOMINAL,20153,-1,65535,32,35014,0,0,0
21,follow,none,-0.2325,NOMINAL,20154,-1,65535,32,39515,0,0,0
21,follow,none,-0.1992,NOMINAL,20155,-1,65535,32,38182,0,0,0
21,follow,none,-0.1659,NOMINAL,20156,-1,65535,32,34987,0,0,0
21,follow,none,-0.1325,NOMINAL,20157,-1,65535,32,55321,0,0,0
21,follow,none,-0.0992,NOMINAL,20158,-1,65535,32,41922,0,0,0
21,follow,none,-0.0658,NOMINAL,20159,-1,65535,32,54770,0,0,0
21,follow,none,-0.0321,NOMINAL,20160,-1,65535,32,74710,0,0,0
21,follow,none,0.0013,NOMINAL,20161,-1,65535,32,60073,0,0,0
21,follow,none,0.0343,NOMINAL,20162,-1,65535,32,40767,0,0,0
21,follow,none,0.0677,NOMINAL,20163,-1,65535,32,41235,0,0,0
21,follow,none,0.1009,NOMINAL,20164,-1,65535,32,41535,0,0,0
21,follow,none,0.1341,NOMINAL,20165,-1,65535,32,19412,0,0,0
21,follow,none,0.1676,NOMINAL,20166,-1,65535,32,56313,0,0,0
21,follow,none,0.2008,NOMINAL,20167,-1,65535,32,43162,0,0,0
21,follow,none,0.2339,NOMINAL,20168,-1,65535,32,40243,0,0,0
21,follow,none,0.2677,NOMINAL,20169,-1,65535,32,94305,0,0,0
21,follow,none,0.3008,NOMINAL,20170,-1,65535,32,25353,0,0,0
21,follow,none,0.3341,NOMINAL,20171,-1,65535,32,47818,0,0,0
21,follow,none,0.3675,NOMINAL,20172,-1,65535,32,55104,0,0,0
21,follow,none,0.4009,NOMINAL,20173,-1,65535,32,47031,0,0,0
21,follow,none,0.4342,NOMINAL,20174,-1,65535,32,55554,0,0,0
21,follow,none,0.4674,NOMINAL,20175,-1,65535,32,38244,0,0,0
21,follow,none,0.5008,NOMINAL,20176,-1,65535,32,56656,0,0,0
21,follow,none,0.5340,NOMINAL,20177,-1,65535,32,40737,0,0,0
21,follow,none,0.5676,NOMINAL,20178,-1,65535,32,77771,0,0,0
21,follow,none,0.6007,NOMINAL,20179,-1,65535,32,40715,0,0,0
21,follow,none,0.6341,NOMINAL,20180,-1,65535,32,25519,0,0,0
21,follow,none,0.6675,NOMINAL,20181,-1,65535,32,40812,0,0,0
21,follow,none,0.7009,NOMINAL,20182,-1,65535,32,59105,0,0,0
21,follow,none,0.7343,NOMINAL,20183,-1,65535,32,39762,0,0,0
21,follow,none,0.7674,NOMINAL,20184,-1,65535,32,36986,0,0,0
21,follow,none,0.8010,NOMINAL,20185,-1,65535,32,42671,0,0,0
21,follow,none,0.8342,NOMINAL,20186,-1,65535,32,38062,0,0,0
21,follow,none,0.8676,NOMINAL,20187,-1,65535,32,37762,0,0,0
21,follow,none,0.9008,NOMINAL,20188,-1,65535,32,40097,0,0,0
21,follow,none,0.9341,NOMINAL,20189,-1,65535,32,39102,0,0,0
21,follow,none,0.9676,NOMINAL,20190,-1,65535,32,55762,0,0,0
21,follow,none,1.0008,NOMINAL,20191,-1,65535,32,102934,0,0,0
21,follow,none,1.0342,NOMINAL,20192,-1,65535,32,39880,0,0,0
21,follow,none,1.0675,NOMINAL,20193,-1,65535,32,19278,0,0,0
21,follow,none,1.1009,NOMINAL,20194,-1,65535,32,38764,0,0,0
21,follow,none,1.1341,NOMINAL,20195,-1,65535,32,52763,0,0,0
21,follow,none,1.1676,NOMINAL,20196,-1,65535,32,36822,0,0,0
21,follow,none,1.2011,NOMINAL,20197,-1,65535,32,41098,0,0,0
21,follow,none,1.2344,NOMINAL,20198,-1,65535,32,42329,0,0,0
21,follow,none,1.2675,NOMINAL,20199,-1,65535,32,43106,0,0,0
21,follow,none,1.3007,NOMINAL,20200,-1,65535,32,40247,0,0,0
21,follow,none,1.3342,NOMINAL,20201,-1,65535,32,56655,0,0,0
21,follow,none,1.3674,NOMINAL,20202,-1,65535,32,36712,0,0,0
21,follow,none,1.4010,NOMINAL,20203,-1,65535,32,81241,0,0,0
21,follow,none,1.4343,NOMINAL,20204,-1,65535,32,56490,0,0,0
21,follow,none,1.4675,NOMINAL,20205,-1,65535,32,36530,0,0,0
21,follow,none,1.5008,NOMINAL,20206,-1,65535,32,42113,0,0,0
21,follow,none,1.5342,NOMINAL,20207,-1,65535,32,40272,0,0,0
21,follow,none,1.5675,NOMINAL,20208,-1,65535,32,38896,0,0,0
21,follow,none,1.6007,NOMINAL,20209,-1,65535,32,37814,0,0,0
21,follow,none,1.6343,NOMINAL,20210,-1,65535,32,40271,0,0,0
21,follow,none,1.6676,NOMINAL,20211,-1,65535,32,95913,0,0,0
21,follow,none,1.7008,NOMINAL,20212,-1,65535,32,40469,0,0,0
21,follow,none,1.7341,NOMINAL,20213,-1,65535,32,39671,0,0,0
21,follow,none,1.7675,NOMINAL,20214,-1,65535,32,39364,0,0,0
21,follow,none,1.8009,NOMINAL,20215,-1,65535,32,42790,0,0,0
21,follow,none,1.8342,NOMINAL,20216,-1,65535,32,56629,0,0,0
21,follow,none,1.8676,NOMINAL,20217,-1,65535,32,37387,0,0,0
21,follow,none,1.9009,NOMINAL,20218,-1,65535,32,40157,0,0,0
21,follow,none,1.9341,NOMINAL,20219,-1,65535,32,36379,0,0,0
21,follow,none,1.9675,NOMINAL,20220,-1,65535,32,38946,0,0,0
21,follow,none,2.0009,NOMINAL,20221,-1,65535,32,40955,0,0,0
21,follow,none,2.0343,NOMINAL,20222,-1,65535,32,113899,0,0,0
21,follow,none,2.0675,NOMINAL,20223,-1,65535,32,41330,0,0,0
21,follow,none,2.1007,NOMINAL,20224,-1,65535,32,40488,0,0,0
21,follow,none,2.1342,NOMINAL,20225,-1,65535,32,36554,0,0,0
21,follow,none,2.1675,NOMINAL,20226,-1,65535,32,56229,0,0,0
21,follow,none,2.2008,NOMINAL,20227,-1,65535,32,40772,0,0,0
21,follow,none,2.2342,NOMINAL,20228,-1,65535,32,24429,0,0,0
21,follow,none,2.2674,NOMINAL,20229,-1,65535,32,55455,0,0,0
21,follow,none,2.3007,NOMINAL,20230,-1,65535,32,63700,0,0,0
21,follow,none,2.3342,NOMINAL,20231,-1,65535,32,38237,0,0,0
21,follow,none,2.3674,NOMINAL,20232,-1,65535,32,40412,0,0,0
21,follow,none,2.4009,NOMINAL,20233,-1,65535,32,22547,0,0,0
21,follow,none,2.4343,NOMINAL,20234,-1,65535,32,54987,0,0,0
21,follow,none,2.4675,NOMINAL,20235,-1,65535,32,40863,0,0,0
21,follow,none,2.5008,NOMINAL,20236,-1,65535,32,44988,0,0,0
21,follow,none,2.5342,NOMINAL,20237,-1,65535,32,39845,0,0,0
21,follow,none,2.5675,NOMINAL,20238,-1,65535,32,41180,0,0,0
21,follow,none,2.6008,NOMINAL,20239,-1,65535,32,41229,0,0,0
21,follow,none,2.6342,NOMINAL,20240,-1,65535,32,41719,0,0,0
21,follow,none,2.6674,NOMINAL,20241,-1,65535,32,36144,0,0,0
21,follow,none,2.7011,NOMINAL,20242,-1,65535,32,63234,0,0,0
21,follow,none,2.7343,NOMINAL,20243,-1,65535,32,37687,0,0,0
21,follow,none,2.7677,NOMINAL,20244,-1,65535,32,97482,0,0,0
21,follow,none,2.8007,NOMINAL,20245,-1,65535,32,44194,0,0,0
21,follow,none,2.8341,NOMINAL,20246,-1,65535,32,37480,0,0,0
21,follow,none,2.8674,NOMINAL,20247,-1,65535,32,30416,0,0,0
21,follow,none,2.9008,NOMINAL,20248,-1,65535,32,39523,0,0,0
21,follow,none,2.9341,NOMINAL,20249,-1,65535,32,36305,0,0,0
21,follow,none,2.9675,NOMINAL,20250,-1,65535,32,37687,0,0,0
21,follow,none,3.0690,FAILSAFE,20250,-1,65535,33,0,0,0,0
22,follow,none,-0.9989,FAILSAFE,20251,-1,65535,32,112817,0,0,0
22,follow,none,-0.9658,FAILSAFE,20252,-1,65535,32,17571,0,0,0
22,follow,none,-0.9457,FAILSAFE,20252,-1,65535,32,0,0,0,0
22,follow,none,-0.9325,FAILSAFE,20253,-1,65535,32,32529,0,0,0
22,follow,none,-0.8992,FAILSAFE,20254,-1,65535,32,34905,0,0,0
22,follow,none,-0.8660,FAILSAFE,20255,-1,65535,32,28564,0,0,0
22,follow,none,-0.8325,FAILSAFE,20256,-1,65535,32,50430,0,0,0
22,follow,none,-0.8123,FAILSAFE,20256,-1,65535,32,0,0,0,0
22,follow,none,-0.7993,FAILSAFE,20257,-1,65535,32,37841,0,0,0
22,follow,none,-0.7657,FAILSAFE,20258,-1,65535,32,29413,0,0,0
22,follow,none,-0.7325,FAILSAFE,20259,-1,65535,32,28080,0,0,0
22,follow,none,-0.7124,FAILSAFE,20259,-1,65535,32,0,0,0,0
22,follow,none,-0.6989,NOMINAL,20260,-1,65535,32,82532,0,0,0
22,follow,none,-0.6658,NOMINAL,20261,-1,65535,32,38173,0,0,0
22,follow,none,-0.6325,NOMINAL,20262,-1,65535,32,37379,0,0,0
22,follow,none,-0.5992,NOMINAL,20263,-1,65535,32,38664,0,0,0
22,follow,none,-0.5658,NOMINAL,20264,-1,65535,32,37738,0,0,0
22,follow,none,-0.5326,NOMINAL,20265,-1,65535,32,35729,0,0,0
22,follow,none,-0.4992,NOMINAL,20266,-1,65535,32,39565,0,0,0
22,follow,none,-0.4660,NOMINAL,20267,-1,65535,32,22496,0,0,0
22,follow,none,-0.4324,NOMINAL,20268,-1,65535,32,99809,0,0,0
22,follow,none,-0.3990,NOMINAL,20269,-1,65535,32,42265,0,0,0
22,follow,none,-0.3659,NOMINAL,20270,-1,65535,32,38795,0,0,0
22,follow,none,-0.3325,NOMINAL,20271,-1,65535,32,49731,0,0,0
22,follow,none,-0.2991,NOMINAL,20272,-1,65535,32,40934,0,0,0
22,follow,none,-0.2658,NOMINAL,20273,-1,65535,32,55320,0,0,0
22,follow,none,-0.2327,NOMINAL,20274,-1,65535,32,58721,0,0,0
22,follow,none,-0.1992,NOMINAL,20275,-1,65535,32,40391,0,0,0
22,follow,none,-0.1661,NOMINAL,20276,-1,65535,32,40245,0,0,0
22,follow,none,-0.1327,NOMINAL,20277,-1,65535,32,19803,0,0,0
22,follow,none,-0.0991,NOMINAL,20278,-1,65535,32,43569,0,0,0
22,follow,none,-0.0659,NOMINAL,20279,-1,65535,32,54245,0,0,0
22,follow,none,-0.0320,NOMINAL,20280,-1,65535,32,32674,0,0,0
22,follow,none,0.0010,NOMINAL,20281,-1,65535,32,50388,0,0,0
22,follow,none,0.0343,NOMINAL,20282,-1,65535,32,58492,0,0,0
22,follow,none,0.0675,NOMINAL,20283,-1,65535,32,58398,0,0,0
22,follow,none,0.1009,NOMINAL,20284,-1,65535,32,61177,0,0,0
22,follow,none,0.1343,NOMINAL,20285,-1,65535,32,53099,0,0,0
22,follow,none,0.1675,NOMINAL,20286,-1,65535,32,24849,0,0,0
22,follow,none,0.2009,NOMINAL,20287,-1,65535,32,45512,0,0,0
22,follow,none,0.2342,NOMINAL,20288,-1,65535,32,52490,0,0,0
22,follow,none,0.2673,NOMINAL,20289,-1,65535,32,24152,0,0,0
22,follow,none,0.3009,NOMINAL,20290,-1,65535,32,43361,0,0,0
22,follow,none,0.3344,NOMINAL,20291,-1,65535,32,93155,0,0,0
22,follow,none,0.3673,NOMINAL,20292,-1,65535,32,60042,0,0,0
22,follow,none,0.4008,NOMINAL,20293,-1,65535,32,58760,0,0,0
22,follow,none,0.4342,NOMINAL,20294,-1,65535,32,58665,0,0,0
22,follow,none,0.4676,NOMINAL,20295,-1,65535,32,55055,0,0,0
22,follow,none,0.5007,NOMINAL,20296,-1,65535,32,40198,0,0,0
22,follow,none,0.5343,NOMINAL,20297,-1,65535,32,114313,0,0,0
22,follow,none,0.5675,NOMINAL,20298,-1,65535,32,59092,0,0,0
22,follow,none,0.6008,NOMINAL,20299,-1,65535,32,45026,0,0,0
22,follow,none,0.6341,NOMINAL,20300,-1,65535,32,54378,0,0,0
22,follow,none,0.6675,NOMINAL,20301,-1,65535,32,22328,0,0,0
22,follow,none,0.7010,NOMINAL,20302,-1,65535,32,20553,0,0,0
22,follow,none,0.7341,NOMINAL,20303,-1,65535,32,39627,0,0,0
22,follow,none,0.7674,NOMINAL,20304,-1,65535,32,19791,0,0,0
22,follow,none,0.8008,NOMINAL,20305,-1,65535,32,40256,0,0,0
22,follow,none,0.8342,NOMINAL,20306,-1,65535,32,38140,0,0,0
22,follow,none,0.8676,NOMINAL,20307,-1,65535,32,39424,0,0,0
22,follow,none,0.9006,NOMINAL,20308,-1,65535,32,42987,0,0,0
22,follow,none,0.9343,NOMINAL,20309,-1,65535,32,44196,0,0,0
22,follow,none,0.9675,NOMINAL,20310,-1,65535,32,55951,0,0,0
22,follow,none,1.0008,NOMINAL,20311,-1,65535,32,41072,0,0,0
22,follow,none,1.0343,NOMINAL,20312,-1,65535,32,57286,0,0,0
22,follow,none,1.0676,NOMINAL,20313,-1,65535,32,39353,0,0,0
22,follow,none,1.1028,NOMINAL,20314,-1,65535,32,42312,0,0,0
22,follow,none,1.1346,NOMINAL,20315,-1,65535,32,112267,0,0,0
22,follow,none,1.1678,NOMINAL,20316,-1,65535,32,39144,0,0,0
22,follow,none,1.2009,NOMINAL,20317,-1,65535,32,38582,0,0,0
22,follow,none,1.2343,NOMINAL,20318,-1,65535,32,98723,0,0,0
22,follow,none,1.2676,NOMINAL,20319,-1,65535,32,36194,0,0,0
22,follow,none,1.3009,NOMINAL,20320,-1,65535,32,57264,0,0,0
22,follow,none,1.3344,NOMINAL,20321,-1,65535,32,36886,0,0,0
22,follow,none,1.3677,NOMINAL,20322,-1,65535,32,37303,0,0,0
22,follow,none,1.4010,NOMINAL,20323,-1,65535,32,44754,0,0,0
22,follow,none,1.4342,NOMINAL,20324,-1,65535,32,57720,0,0,0
22,follow,none,1.4676,NOMINAL,20325,-1,65535,32,36308,0,0,0
22,follow,none,1.5010,NOMINAL,20326,-1,65535,32,63205,0,0,0
22,follow,none,1.5342,NOMINAL,20327,-1,65535,32,39813,0,0,0
22,follow,none,1.5676,NOMINAL,20328,-1,65535,32,96280,0,0,0
22,follow,none,1.6007,NOMINAL,20329,-1,65535,32,61429,0,0,0
22,follow,none,1.6340,NOMINAL,20330,-1,65535,32,38354,0,0,0
22,follow,none,1.6675,NOMINAL,20331,-1,65535,32,57570,0,0,0
22,follow,none,1.7009,NOMINAL,20332,-1,65535,32,59913,0,0,0
22,follow,none,1.7343,NOMINAL,20333,-1,65535,32,39638,0,0,0
22,follow,none,1.7674,NOMINAL,20334,-1,65535,32,36382,0,0,0
22,follow,none,1.8008,NOMINAL,20335,-1,65535,32,38664,0,0,0
22,follow,none,1.8341,NOMINAL,20336,-1,65535,32,38453,0,0,0
22,follow,none,1.8674,NOMINAL,20337,-1,65535,32,22703,0,0,0
22,follow,none,1.9010,NOMINAL,20338,-1,65535,32,40912,0,0,0
22,follow,none,1.9342,NOMINAL,20339,-1,65535,32,38945,0,0,0
22,follow,none,1.9674,NOMINAL,20340,-1,65535,32,38399,0,0,0
22,follow,none,2.0010,NOMINAL,20341,-1,65535,32,46648,0,0,0
22,follow,none,2.0342,NOMINAL,20342,-1,65535,32,23520,0,0,0
22,follow,none,2.0674,NOMINAL,20343,-1,65535,32,36837,0,0,0
22,follow,none,2.1008,NOMINAL,20344,-1,65535,32,64588,0,0,0
22,follow,none,2.1341,NOMINAL,20345,-1,65535,32,55093,0,0,0
22,follow,none,2.1674,NOMINAL,20346,-1,65535,32,38287,0,0,0
22,follow,none,2.2008,NOMINAL,20347,-1,65535,32,42689,0,0,0
22,follow,none,2.2341,NOMINAL,20348,-1,65535,32,36174,0,0,0
22,follow,none,2.2677,NOMINAL,20349,-1,65535,32,38637,0,0,0
22,follow,none,2.3009,NOMINAL,20350,-1,65535,32,77896,0,0,0
22,follow,none,2.3343,NOMINAL,20351,-1,65535,32,38061,0,0,0
22,follow,none,2.3674,NOMINAL,20352,-1,65535,32,38102,0,0,0
22,follow,none,2.4009,NOMINAL,20353,-1,65535,32,40371,0,0,0
22,follow,none,2.4340,NOMINAL,20354,-1,65535,32,34472,0,0,0
22,follow,none,2.4675,NOMINAL,20355,-1,65535,32,57827,0,0,0
22,follow,none,2.5007,NOMINAL,20356,-1,65535,32,56071,0,0,0
22,follow,none,2.5341,NOMINAL,20357,-1,65535,32,22754,0,0,0
22,follow,none,2.5675,NOMINAL,20358,-1,65535,32,56119,0,0,0
22,follow,none,2.6007,NOMINAL,20359,-1,65535,32,43638,0,0,0
22,follow,none,2.6341,NOMINAL,20360,-1,65535,32,39202,0,0,0
22,follow,none,2.6675,NOMINAL,20361,-1,65535,32,38261,0,0,0
22,follow,none,2.7009,NOMINAL,20362,-1,65535,32,61299,0,0,0
22,follow,none,2.7342,NOMINAL,20363,-1,65535,32,53012,0,0,0
22,follow,none,2.7677,NOMINAL,20364,-1,65535,32,58531,0,0,0
22,follow,none,2.8008,NOMINAL,20365,-1,65535,32,41748,0,0,0
22,follow,none,2.8341,NOMINAL,20366,-1,65535,32,20811,0,0,0
22,follow,none,2.8676,NOMINAL,20367,-1,65535,32,52295,0,0,0
22,follow,none,2.9008,NOMINAL,20368,-1,65535,32,43505,0,0,0
22,follow,none,2.9341,NOMINAL,20369,-1,65535,32,40270,0,0,0
22,follow,none,2.9674,NOMINAL,20370,-1,65535,32,37320,0,0,0
22,follow,none,3.0690,FAILSAFE,20370,-1,65535,33,0,0,0,0
23,follow,none,-0.9990,FAILSAFE,20371,-1,65535,32,21859,0,0,0
23,follow,none,-0.9658,FAILSAFE,20372,-1,65535,32,50484,0,0,0
23,follow,none,-0.9458,FAILSAFE,20372,-1,65535,32,0,0,0,0
23,follow,none,-0.9326,FAILSAFE,20373,-1,65535,32,31204,0,0,0
23,follow,none,-0.8993,FAILSAFE,20374,-1,65535,32,32564,0,0,0
23,follow,none,-0.8658,FAILSAFE,20375,-1,65535,32,46995,0,0,0
23,follow,none,-0.8458,FAILSAFE,20375,-1,65535,32,0,0,0,0
23,follow,none,-0.8325,FAILSAFE,20376,-1,65535,32,32372,0,0,0
23,follow,none,-0.7992,FAILSAFE,20377,-1,65535,32,55193,0,0,0
23,follow,none,-0.7659,FAILSAFE,20378,-1,65535,32,50179,0,0,0
23,follow,none,-0.7458,FAILSAFE,20378,-1,65535,32,0,0,0,0
23,follow,none,-0.7326,FAILSAFE,20379,-1,65535,32,29496,0,0,0
23,follow,none,-0.6989,NOMINAL,20380,-1,65535,32,93965,0,0,0
23,follow,none,-0.6660,NOMINAL,20381,-1,65535,32,37737,0,0,0
23,follow,none,-0.6325,NOMINAL,20382,-1,65535,32,57346,0,0,0
23,follow,none,-0.5992,NOMINAL,20383,-1,65535,32,39482,0,0,0
23,follow,none,-0.5660,NOMINAL,20384,-1,65535,32,39297,0,0,0
23,follow,none,-0.5325,NOMINAL,20385,-1,65535,32,47714,0,0,0
23,follow,none,-0.4991,NOMINAL,20386,-1,65535,32,38438,0,0,0
23,follow,none,-0.4660,NOMINAL,20387,-1,65535,32,34868,0,0,0
23,follow,none,-0.4327,NOMINAL,20388,-1,65535,32,21495,0,0,0
23,follow,none,-0.3992,NOMINAL,20389,-1,65535,32,42856,0,0,0
23,follow,none,-0.3659,NOMINAL,20390,-1,65535,32,79245,0,0,0
23,follow,none,-0.3325,NOMINAL,20391,-1,65535,32,38912,0,0,0
23,follow,none,-0.2991,NOMINAL,20392,-1,65535,32,99721,0,0,0
23,follow,none,-0.2658,NOMINAL,20393,-1,65535,32,38899,0,0,0
23,follow,none,-0.2325,NOMINAL,20394,-1,65535,32,58345,0,0,0
23,follow,none,-0.1992,NOMINAL,20395,-1,65535,32,42713,0,0,0
23,follow,none,-0.1659,NOMINAL,20396,-1,65535,32,40565,0,0,0
23,follow,none,-0.1325,NOMINAL,20397,-1,65535,32,39299,0,0,0
23,follow,none,-0.0993,NOMINAL,20398,-1,65535,32,38817,0,0,0
23,follow,none,-0.0658,NOMINAL,20399,-1,65535,32,55386,0,0,0
23,follow,none,-0.0322,NOMINAL,20400,-1,65535,32,64480,0,0,0
23,follow,none,0.0009,NOMINAL,20401,-1,65535,32,56906,0,0,0
23,follow,none,0.0342,NOMINAL,20402,-1,65535,32,43234,0,0,0
23,follow,none,0.0674,NOMINAL,20403,-1,65535,32,40536,0,0,0
23,follow,none,0.1009,NOMINAL,20404,-1,65535,32,40426,0,0,0
23,follow,none,0.1342,NOMINAL,20405,-1,65535,32,33720,0,0,0
23,follow,none,0.1676,NOMINAL,20406,-1,65535,32,35483,0,0,0
23,follow,none,0.2008,NOMINAL,20407,-1,65535,32,44062,0,0,0
23,follow,none,0.2343,NOMINAL,20408,-1,65535,32,20920,0,0,0
23,follow,none,0.2674,NOMINAL,20409,-1,65535,32,37782,0,0,0
23,follow,none,0.3008,NOMINAL,20410,-1,65535,32,20157,0,0,0
23,follow,none,0.3342,NOMINAL,20411,-1,65535,32,41285,0,0,0
23,follow,none,0.3675,NOMINAL,20412,-1,65535,32,37245,0,0,0
23,follow,none,0.4008,NOMINAL,20413,-1,65535,32,57805,0,0,0
23,follow,none,0.4341,NOMINAL,20414,-1,65535,32,34037,0,0,0
23,follow,none,0.4674,NOMINAL,20415,-1,65535,32,38412,0,0,0
23,follow,none,0.5005,NOMINAL,20416,-1,65535,32,27363,0,0,0
23,follow,none,0.5342,NOMINAL,20417,-1,65535,32,36772,0,0,0
23,follow,none,0.5676,NOMINAL,20418,-1,65535,32,36157,0,0,0
23,follow,none,0.6009,NOMINAL,20419,-1,65535,32,44522,0,0,0
23,follow,none,0.6342,NOMINAL,20420,-1,65535,32,39382,0,0,0
23,follow,none,0.6676,NOMINAL,20421,-1,65535,32,53083,0,0,0
23,follow,none,0.7010,NOMINAL,20422,-1,65535,32,83479,0,0,0
23,follow,none,0.7342,NOMINAL,20423,-1,65535,32,38212,0,0,0
23,follow,none,0.7675,NOMINAL,20424,-1,65535,32,52211,0,0,0
23,follow,none,0.8007,NOMINAL,20425,-1,65535,32,59264,0,0,0
23,follow,none,0.8341,NOMINAL,20426,-1,65535,32,35521,0,0,0
23,follow,none,0.8675,NOMINAL,20427,-1,65535,32,56861,0,0,0
23,follow,none,0.9008,NOMINAL,20428,-1,65535,32,40422,0,0,0
23,follow,none,0.9342,NOMINAL,20429,-1,65535,32,38779,0,0,0
23,follow,none,0.9676,NOMINAL,20430,-1,65535,32,38304,0,0,0
23,follow,none,1.0011,NOMINAL,20431,-1,65535,32,119476,0,0,0
23,follow,none,1.0341,NOMINAL,20432,-1,65535,32,38029,0,0,0
23,follow,none,1.0675,NOMINAL,20433,-1,65535,32,56928,0,0,0
23,follow,none,1.1008,NOMINAL,20434,-1,65535,32,44014,0,0,0
23,follow,none,1.1343,NOMINAL,20435,-1,65535,32,37962,0,0,0
23,follow,none,1.1676,NOMINAL,20436,-1,65535,32,54962,0,0,0
23,follow,none,1.2010,NOMINAL,20437,-1,65535,32,83459,0,0,0
23,follow,none,1.2341,NOMINAL,20438,-1,65535,32,31066,0,0,0
23,follow,none,1.2675,NOMINAL,20439,-1,65535,32,50351,0,0,0
23,follow,none,1.3009,NOMINAL,20440,-1,65535,32,44786,0,0,0
23,follow,none,1.3341,NOMINAL,20441,-1,65535,32,39115,0,0,0
23,follow,none,1.3678,NOMINAL,20442,-1,65535,32,108940,0,0,0
23,follow,none,1.4009,NOMINAL,20443,-1,65535,32,88895,0,0,0
23,follow,none,1.4343,NOMINAL,20444,-1,65535,32,54094,0,0,0
23,follow,none,1.4675,NOMINAL,20445,-1,65535,32,37165,0,0,0
23,follow,none,1.5008,NOMINAL,20446,-1,65535,32,21717,0,0,0
23,follow,none,1.5341,NOMINAL,20447,-1,65535,32,36328,0,0,0
23,follow,none,1.5672,NOMINAL,20448,-1,65535,32,37723,0,0,0
23,follow,none,1.6008,NOMINAL,20449,-1,65535,32,39721,0,0,0
23,follow,none,1.6342,NOMINAL,20450,-1,65535,32,54715,0,0,0
23,follow,none,1.6674,NOMINAL,20451,-1,65535,32,40411,0,0,0
23,follow,none,1.7008,NOMINAL,20452,-1,65535,32,20301,0,0,0
23,follow,none,1.7342,NOMINAL,20453,-1,65535,32,39128,0,0,0
23,follow,none,1.7675,NOMINAL,20454,-1,65535,32,40918,0,0,0
23,follow,none,1.8009,NOMINAL,20455,-1,65535,32,43134,0,0,0
23,follow,none,1.8342,NOMINAL,20456,-1,65535,32,36850,0,0,0
23,follow,none,1.8673,NOMINAL,20457,-1,65535,32,38085,0,0,0
23,follow,none,1.9009,NOMINAL,20458,-1,65535,32,41929,0,0,0
23,follow,none,1.9341,NOMINAL,20459,-1,65535,32,39610,0,0,0
23,follow,none,1.9673,NOMINAL,20460,-1,65535,32,53895,0,0,0
23,follow,none,2.0009,NOMINAL,20461,-1,65535,32,43911,0,0,0
23,follow,none,2.0342,NOMINAL,20462,-1,65535,32,73819,0,0,0
23,follow,none,2.0676,NOMINAL,20463,-1,65535,32,54511,0,0,0
23,follow,none,2.1009,NOMINAL,20464,-1,65535,32,58845,0,0,0
23,follow,none,2.1341,NOMINAL,20465,-1,65535,32,34060,0,0,0
23,follow,none,2.1677,NOMINAL,20466,-1,65535,32,36753,0,0,0
23,follow,none,2.2008,NOMINAL,20467,-1,65535,32,44347,0,0,0
23,follow,none,2.2341,NOMINAL,20468,-1,65535,32,54460,0,0,0
23,follow,none,2.2676,NOMINAL,20469,-1,65535,32,32495,0,0,0
23,follow,none,2.3009,NOMINAL,20470,-1,65535,32,42371,0,0,0
23,follow,none,2.3341,NOMINAL,20471,-1,65535,32,46137,0,0,0
23,follow,none,2.3674,NOMINAL,20472,-1,65535,32,54185,0,0,0
23,follow,none,2.4008,NOMINAL,20473,-1,65535,32,40873,0,0,0
23,follow,none,2.4341,NOMINAL,20474,-1,65535,32,39577,0,0,0
23,follow,none,2.4675,NOMINAL,20475,-1,65535,32,50994,0,0,0
23,follow,none,2.5007,NOMINAL,20476,-1,65535,32,42553,0,0,0
23,follow,none,2.5341,NOMINAL,20477,-1,65535,32,54377,0,0,0
23,follow,none,2.5676,NOMINAL,20478,-1,65535,32,70497,0,0,0
23,follow,none,2.6010,NOMINAL,20479,-1,65535,32,30338,0,0,0
23,follow,none,2.6340,NOMINAL,20480,-1,65535,32,40184,0,0,0
23,follow,none,2.6676,NOMINAL,20481,-1,65535,32,55469,0,0,0
23,follow,none,2.7009,NOMINAL,20482,-1,65535,32,42421,0,0,0
23,follow,none,2.7341,NOMINAL,20483,-1,65535,32,38760,0,0,0
23,follow,none,2.7676,NOMINAL,20484,-1,65535,32,38529,0,0,0
23,follow,none,2.8008,NOMINAL,20485,-1,65535,32,60870,0,0,0
23,follow,none,2.8341,NOMINAL,20486,-1,65535,32,54512,0,0,0
23,follow,none,2.8675,NOMINAL,20487,-1,65535,32,54919,0,0,0
23,follow,none,2.9008,NOMINAL,20488,-1,65535,32,40314,0,0,0
23,follow,none,2.9342,NOMINAL,20489,-1,65535,32,53536,0,0,0
23,follow,none,2.9675,NOMINAL,20490,-1,65535,32,79077,0,0,0
23,follow,none,3.0691,FAILSAFE,20490,-1,65535,33,0,0,0,0
24,follow,none,-0.9991,FAILSAFE,20491,-1,65535,32,38029,0,0,0
24,follow,none,-0.9658,FAILSAFE,20492,-1,65535,32,40206,0,0,0
24,follow,none,-0.9456,FAILSAFE,20492,-1,65535,32,0,0,0,0
24,follow,none,-0.9325,FAILSAFE,20493,-1,65535,32,49236,0,0,0
24,follow,none,-0.8994,FAILSAFE,20494,-1,65535,32,70113,0,0,0
24,follow,none,-0.8658,FAILSAFE,20495,-1,65535,32,65154,0,0,0
24,follow,none,-0.8458,FAILSAFE,20495,-1,65535,32,0,0,0,0
24,follow,none,-0.8326,FAILSAFE,20496,-1,65535,32,31530,0,0,0
24,follow,none,-0.7994,FAILSAFE,20497,-1,65535,32,34472,0,0,0
24,follow,none,-0.7658,FAILSAFE,20498,-1,65535,32,107421,0,0,0
24,follow,none,-0.7457,FAILSAFE,20498,-1,65535,32,0,0,0,0
24,follow,none,-0.7325,FAILSAFE,20499,-1,65535,32,92755,0,0,0
24,follow,none,-0.6986,NOMINAL,20500,-1,65535,32,164206,0,0,0
24,follow,none,-0.6656,NOMINAL,20501,-1,65535,32,53531,0,0,0
24,follow,none,-0.6325,NOMINAL,20502,-1,65535,32,37077,0,0,0
24,follow,none,-0.5992,NOMINAL,20503,-1,65535,32,44832,0,0,0
24,follow,none,-0.5659,NOMINAL,20504,-1,65535,32,37646,0,0,0
24,follow,none,-0.5325,NOMINAL,20505,-1,65535,32,98453,0,0,0
24,follow,none,-0.4994,NOMINAL,20506,-1,65535,32,39913,0,0,0
24,follow,none,-0.4659,NOMINAL,20507,-1,65535,32,19895,0,0,0
24,follow,none,-0.4327,NOMINAL,20508,-1,65535,32,70202,0,0,0
24,follow,none,-0.3992,NOMINAL,20509,-1,65535,32,63571,0,0,0
24,follow,none,-0.3658,NOMINAL,20510,-1,65535,32,95470,0,0,0
24,follow,none,-0.3324,NOMINAL,20511,-1,65535,32,19710,0,0,0
24,follow,none,-0.2992,NOMINAL,20512,-1,65535,32,40300,0,0,0
24,follow,none,-0.2659,NOMINAL,20513,-1,65535,32,39078,0,0,0
24,follow,none,-0.2325,NOMINAL,20514,-1,65535,32,44433,0,0,0
24,follow,none,-0.1993,NOMINAL,20515,-1,65535,32,37858,0,0,0
24,follow,none,-0.1659,NOMINAL,20516,-1,65535,32,36820,0,0,0
24,follow,none,-0.1325,NOMINAL,20517,-1,65535,32,56177,0,0,0
24,follow,none,-0.0993,NOMINAL,20518,-1,65535,32,52943,0,0,0
24,follow,none,-0.0660,NOMINAL,20519,-1,65535,32,49436,0,0,0
24,follow,none,-0.0320,NOMINAL,20520,-1,65535,32,34733,0,0,0
24,follow,none,0.0010,NOMINAL,20521,-1,65535,32,49407,0,0,0
24,follow,none,0.0344,NOMINAL,20522,-1,65535,32,29803,0,0,0
24,follow,none,0.0673,NOMINAL,20523,-1,65535,32,55820,0,0,0
24,follow,none,0.1008,NOMINAL,20524,-1,65535,32,44106,0,0,0
24,follow,none,0.1342,NOMINAL,20525,-1,65535,32,55506,0,0,0
24,follow,none,0.1675,NOMINAL,20526,-1,65535,32,55735,0,0,0
24,follow,none,0.2008,NOMINAL,20527,-1,65535,32,43439,0,0,0
24,follow,none,0.2342,NOMINAL,20528,-1,65535,32,57079,0,0,0
24,follow,none,0.2676,NOMINAL,20529,-1,65535,32,109587,0,0,0
24,follow,none,0.3009,NOMINAL,20530,-1,65535,32,61439,0,0,0
24,follow,none,0.3343,NOMINAL,20531,-1,65535,32,40746,0,0,0
24,follow,none,0.3676,NOMINAL,20532,-1,65535,32,40936,0,0,0
24,follow,none,0.4008,NOMINAL,20533,-1,65535,32,39146,0,0,0
24,follow,none,0.4342,NOMINAL,20534,-1,65535,32,54627,0,0,0
24,follow,none,0.4675,NOMINAL,20535,-1,65535,32,38470,0,0,0
24,follow,none,0.5007,NOMINAL,20536,-1,65535,32,26866,0,0,0
24,follow,none,0.5341,NOMINAL,20537,-1,65535,32,37637,0,0,0
24,follow,none,0.5675,NOMINAL,20538,-1,65535,32,40886,0,0,0
24,follow,none,0.6007,NOMINAL,20539,-1,65535,32,27237,0,0,0
24,follow,none,0.6342,NOMINAL,20540,-1,65535,32,38899,0,0,0
24,follow,none,0.6676,NOMINAL,20541,-1,65535,32,53254,0,0,0
24,follow,none,0.7009,NOMINAL,20542,-1,65535,32,42924,0,0,0
24,follow,none,0.7341,NOMINAL,20543,-1,65535,32,40669,0,0,0
24,follow,none,0.7674,NOMINAL,20544,-1,65535,32,38995,0,0,0
24,follow,none,0.8007,NOMINAL,20545,-1,65535,32,44688,0,0,0
24,follow,none,0.8341,NOMINAL,20546,-1,65535,32,37503,0,0,0
24,follow,none,0.8677,NOMINAL,20547,-1,65535,32,104933,0,0,0
24,follow,none,0.9008,NOMINAL,20548,-1,65535,32,85604,0,0,0
24,follow,none,0.9342,NOMINAL,20549,-1,65535,32,36045,0,0,0
24,follow,none,0.9674,NOMINAL,20550,-1,65535,32,57537,0,0,0
24,follow,none,1.0007,NOMINAL,20551,-1,65535,32,41163,0,0,0
24,follow,none,1.0341,NOMINAL,20552,-1,65535,32,39127,0,0,0
24,follow,none,1.0676,NOMINAL,20553,-1,65535,32,41962,0,0,0
24,follow,none,1.1009,NOMINAL,20554,-1,65535,32,46087,0,0,0
24,follow,none,1.1341,NOMINAL,20555,-1,65535,32,18879,0,0,0
24,follow,none,1.1675,NOMINAL,20556,-1,65535,32,55679,0,0,0
24,follow,none,1.2009,NOMINAL,20557,-1,65535,32,43581,0,0,0
24,follow,none,1.2341,NOMINAL,20558,-1,65535,32,57828,0,0,0
24,follow,none,1.2675,NOMINAL,20559,-1,65535,32,35505,0,0,0
24,follow,none,1.3008,NOMINAL,20560,-1,65535,32,62546,0,0,0
24,follow,none,1.3343,NOMINAL,20561,-1,65535,32,97020,0,0,0
24,follow,none,1.3676,NOMINAL,20562,-1,65535,32,60874,0,0,0
24,follow,none,1.4008,NOMINAL,20563,-1,65535,32,54758,0,0,0
24,follow,none,1.4342,NOMINAL,20564,-1,65535,32,37679,0,0,0
24,follow,none,1.4674,NOMINAL,20565,-1,65535,32,35686,0,0,0
24,follow,none,1.5008,NOMINAL,20566,-1,65535,32,24157,0,0,0
24,follow,none,1.5340,NOMINAL,20567,-1,65535,32,55578,0,0,0
24,follow,none,1.5674,NOMINAL,20568,-1,65535,32,35530,0,0,0
24,follow,none,1.6008,NOMINAL,20569,-1,65535,32,44284,0,0,0
24,follow,none,1.6342,NOMINAL,20570,-1,65535,32,35529,0,0,0
24,follow,none,1.6676,NOMINAL,20571,-1,65535,32,42953,0,0,0
24,follow,none,1.7008,NOMINAL,20572,-1,65535,32,52296,0,0,0
24,follow,none,1.7342,NOMINAL,20573,-1,65535,32,40095,0,0,0
24,follow,none,1.7675,NOMINAL,20574,-1,65535,32,38004,0,0,0
24,follow,none,1.8008,NOMINAL,20575,-1,65535,32,41969,0,0,0
24,follow,none,1.8341,NOMINAL,20576,-1,65535,32,37129,0,0,0
24,follow,none,1.8674,NOMINAL,20577,-1,65535,32,36195,0,0,0
24,follow,none,1.9009,NOMINAL,20578,-1,65535,32,40900,0,0,0
24,follow,none,1.9342,NOMINAL,20579,-1,65535,32,37187,0,0,0
24,follow,none,1.9675,NOMINAL,20580,-1,65535,32,35361,0,0,0
24,follow,none,2.0008,NOMINAL,20581,-1,65535,32,42697,0,0,0
24,follow,none,2.0342,NOMINAL,20582,-1,65535,32,36479,0,0,0
24,follow,none,2.0675,NOMINAL,20583,-1,65535,32,24178,0,0,0
24,follow,none,2.1007,NOMINAL,20584,-1,65535,32,55636,0,0,0
24,follow,none,2.1342,NOMINAL,20585,-1,65535,32,36712,0,0,0
24,follow,none,2.1675,NOMINAL,20586,-1,65535,32,38945,0,0,0
24,follow,none,2.2006,NOMINAL,20587,-1,65535,32,20979,0,0,0
24,follow,none,2.2341,NOMINAL,20588,-1,65535,32,39253,0,0,0
24,follow,none,2.2675,NOMINAL,20589,-1,65535,32,40386,0,0,0
24,follow,none,2.3007,NOMINAL,20590,-1,65535,32,58939,0,0,0
24,follow,none,2.3344,NOMINAL,20591,-1,65535,32,54306,0,0,0
24,follow,none,2.3677,NOMINAL,20592,-1,65535,32,52580,0,0,0
24,follow,none,2.4009,NOMINAL,20593,-1,65535,32,41912,0,0,0
24,follow,none,2.4343,NOMINAL,20594,-1,65535,32,37755,0,0,0
24,follow,none,2.4677,NOMINAL,20595,-1,65535,32,37812,0,0,0
24,follow,none,2.5007,NOMINAL,20596,-1,65535,32,63364,0,0,0
24,follow,none,2.5342,NOMINAL,20597,-1,65535,32,75677,0,0,0
24,follow,none,2.5676,NOMINAL,20598,-1,65535,32,94821,0,0,0
24,follow,none,2.6008,NOMINAL,20599,-1,65535,32,40588,0,0,0
24,follow,none,2.6341,NOMINAL,20600,-1,65535,32,70920,0,0,0
24,follow,none,2.6674,NOMINAL,20601,-1,65535,32,36737,0,0,0
24,follow,none,2.7007,NOMINAL,20602,-1,65535,32,41427,0,0,0
24,follow,none,2.7342,NOMINAL,20603,-1,65535,32,50088,0,0,0
24,follow,none,2.7674,NOMINAL,20604,-1,65535,32,37770,0,0,0
24,follow,none,2.8009,NOMINAL,20605,-1,65535,32,44838,0,0,0
24,follow,none,2.8341,NOMINAL,20606,-1,65535,32,48653,0,0,0
24,follow,none,2.8677,NOMINAL,20607,-1,65535,32,18046,0,0,0
24,follow,none,2.9009,NOMINAL,20608,-1,65535,32,43006,0,0,0
24,follow,none,2.9345,NOMINAL,20609,-1,65535,32,99309,0,0,0
24,follow,none,2.9675,NOMINAL,20610,-1,65535,32,47457,0,0,0
24,follow,none,3.0693,FAILSAFE,20610,-1,65535,33,0,0,0,0
25,follow,none,-0.9991,FAILSAFE,20611,-1,65535,32,52547,0,0,0
25,follow,none,-0.9658,FAILSAFE,20612,-1,65535,32,89725,0,0,0
25,follow,none,-0.9457,FAILSAFE,20612,-1,65535,32,0,0,0,0
25,follow,none,-0.9325,FAILSAFE,20613,-1,65535,32,28049,0,0,0
25,follow,none,-0.8991,FAILSAFE,20614,-1,65535,32,20878,0,0,0
25,follow,none,-0.8659,FAILSAFE,20615,-1,65535,32,30447,0,0,0
25,follow,none,-0.8459,FAILSAFE,20615,-1,65535,32,0,0,0,0
25,follow,none,-0.8327,FAILSAFE,20616,-1,65535,32,44696,0,0,0
25,follow,none,-0.7993,FAILSAFE,20617,-1,65535,32,17629,0,0,0
25,follow,none,-0.7659,FAILSAFE,20618,-1,65535,32,33729,0,0,0
25,follow,none,-0.7459,FAILSAFE,20618,-1,65535,32,0,0,0,0
25,follow,none,-0.7327,FAILSAFE,20619,-1,65535,32,30104,0,0,0
25,follow,none,-0.6988,NOMINAL,20620,-1,65535,32,119186,0,0,0
25,follow,none,-0.6658,NOMINAL,20621,-1,65535,32,53129,0,0,0
25,follow,none,-0.6324,NOMINAL,20622,-1,65535,32,39554,0,0,0
25,follow,none,-0.5981,NOMINAL,20623,-1,65535,32,43053,0,0,0
25,follow,none,-0.5659,NOMINAL,20624,-1,65535,32,50912,0,0,0
25,follow,none,-0.5326,NOMINAL,20625,-1,65535,32,54289,0,0,0
25,follow,none,-0.4991,NOMINAL,20626,-1,65535,32,97531,0,0,0
25,follow,none,-0.4659,NOMINAL,20627,-1,65535,32,55624,0,0,0
25,follow,none,-0.4325,NOMINAL,20628,-1,65535,32,51745,0,0,0
25,follow,none,-0.3991,NOMINAL,20629,-1,65535,32,96615,0,0,0
25,follow,none,-0.3658,NOMINAL,20630,-1,65535,32,36230,0,0,0
25,follow,none,-0.3325,NOMINAL,20631,-1,65535,32,56028,0,0,0
25,follow,none,-0.2991,NOMINAL,20632,-1,65535,32,97196,0,0,0
25,follow,none,-0.2658,NOMINAL,20633,-1,65535,32,38212,0,0,0
25,follow,none,-0.2325,NOMINAL,20634,-1,65535,32,70937,0,0,0
25,follow,none,-0.1991,NOMINAL,20635,-1,65535,32,43092,0,0,0
25,follow,none,-0.1656,NOMINAL,20636,-1,65535,32,85172,0,0,0
25,follow,none,-0.1324,NOMINAL,20637,-1,65535,32,21037,0,0,0
25,follow,none,-0.0991,NOMINAL,20638,-1,65535,32,118805,0,0,0
25,follow,none,-0.0659,NOMINAL,20639,-1,65535,32,40425,0,0,0
25,follow,none,-0.0318,NOMINAL,20640,-1,65535,32,135034,0,0,0
25,follow,none,0.0011,NOMINAL,20641,-1,65535,32,69864,0,0,0
25,follow,none,0.0344,NOMINAL,20642,-1,65535,32,53616,0,0,0
25,follow,none,0.0676,NOMINAL,20643,-1,65535,32,46781,0,0,0
25,follow,none,0.1009,NOMINAL,20644,-1,65535,32,72146,0,0,0
25,follow,none,0.1342,NOMINAL,20645,-1,65535,32,44796,0,0,0
25,follow,none,0.1675,NOMINAL,20646,-1,65535,32,96562,0,0,0
25,follow,none,0.2007,NOMINAL,20647,-1,65535,32,111639,0,0,0
25,follow,none,0.2342,NOMINAL,20648,-1,65535,32,29994,0,0,0
25,follow,none,0.2675,NOMINAL,20649,-1,65535,32,61553,0,0,0
25,follow,none,0.3009,NOMINAL,20650,-1,65535,32,66524,0,0,0
25,follow,none,0.3341,NOMINAL,20651,-1,65535,32,46744,0,0,0
25,follow,none,0.3675,NOMINAL,20652,-1,65535,32,77843,0,0,0
25,follow,none,0.4008,NOMINAL,20653,-1,65535,32,50380,0,0,0
25,follow,none,0.4342,NOMINAL,20654,-1,65535,32,60164,0,0,0
25,follow,none,0.4675,NOMINAL,20655,-1,65535,32,59164,0,0,0
25,follow,none,0.5009,NOMINAL,20656,-1,65535,32,125254,0,0,0
25,follow,none,0.5342,NOMINAL,20657,-1,65535,32,78223,0,0,0
25,follow,none,0.5677,NOMINAL,20658,-1,65535,32,94345,0,0,0
25,follow,none,0.6008,NOMINAL,20659,-1,65535,32,55315,0,0,0
25,follow,none,0.6343,NOMINAL,20660,-1,65535,32,79452,0,0,0
25,follow,none,0.6674,NOMINAL,20661,-1,65535,32,46012,0,0,0
25,follow,none,0.7007,NOMINAL,20662,-1,65535,32,50608,0,0,0
25,follow,none,0.7341,NOMINAL,20663,-1,65535,32,45965,0,0,0
25,follow,none,0.7676,NOMINAL,20664,-1,65535,32,60504,0,0,0
25,follow,none,0.8008,NOMINAL,20665,-1,65535,32,57612,0,0,0
25,follow,none,0.8343,NOMINAL,20666,-1,65535,32,95169,0,0,0
25,follow,none,0.8675,NOMINAL,20667,-1,65535,32,74946,0,0,0
25,follow,none,0.9009,NOMINAL,20668,-1,65535,32,52413,0,0,0
25,follow,none,0.9345,NOMINAL,20669,-1,65535,32,120715,0,0,0
25,follow,none,0.9675,NOMINAL,20670,-1,65535,32,63905,0,0,0
25,follow,none,1.0008,NOMINAL,20671,-1,65535,32,50941,0,0,0
25,follow,none,1.0341,NOMINAL,20672,-1,65535,32,48612,0,0,0
25,follow,none,1.0675,NOMINAL,20673,-1,65535,32,76844,0,0,0
25,follow,none,1.1009,NOMINAL,20674,-1,65535,32,66705,0,0,0
25,follow,none,1.1341,NOMINAL,20675,-1,65535,32,61669,0,0,0
25,follow,none,1.1677,NOMINAL,20676,-1,65535,32,46195,0,0,0
25,follow,none,1.2009,NOMINAL,20677,-1,65535,32,53112,0,0,0
25,follow,none,1.2342,NOMINAL,20678,-1,65535,32,77255,0,0,0
25,follow,none,1.2675,NOMINAL,20679,-1,65535,32,95378,0,0,0
25,follow,none,1.3009,NOMINAL,20680,-1,65535,32,42835,0,0,0
25,follow,none,1.3342,NOMINAL,20681,-1,65535,32,76537,0,0,0
25,follow,none,1.3676,NOMINAL,20682,-1,65535,32,76112,0,0,0
25,follow,none,1.4008,NOMINAL,20683,-1,65535,32,51505,0,0,0
25,follow,none,1.4342,NOMINAL,20684,-1,65535,32,62112,0,0,0
25,follow,none,1.4675,NOMINAL,20685,-1,65535,32,43161,0,0,0
25,follow,none,1.5008,NOMINAL,20686,-1,65535,32,67197,0,0,0
25,follow,none,1.5343,NOMINAL,20687,-1,65535,32,108457,0,0,0
25,follow,none,1.5677,NOMINAL,20688,-1,65535,32,63495,0,0,0
25,follow,none,1.6009,NOMINAL,20689,-1,65535,32,64447,0,0,0
25,follow,none,1.6341,NOMINAL,20690,-1,65535,32,42587,0,0,0
25,follow,none,1.6675,NOMINAL,20691,-1,65535,32,55911,0,0,0
25,follow,none,1.7008,NOMINAL,20692,-1,65535,32,63439,0,0,0
25,follow,none,1.7342,NOMINAL,20693,-1,65535,32,45944,0,0,0
25,follow,none,1.7676,NOMINAL,20694,-1,65535,32,61370,0,0,0
25,follow,none,1.8008,NOMINAL,20695,-1,65535,32,41437,0,0,0
25,follow,none,1.8341,NOMINAL,20696,-1,65535,32,63953,0,0,0
25,follow,none,1.8675,NOMINAL,20697,-1,65535,32,64311,0,0,0
25,follow,none,1.9008,NOMINAL,20698,-1,65535,32,54197,0,0,0
25,follow,none,1.9343,NOMINAL,20699,-1,65535,32,47578,0,0,0
25,follow,none,1.9677,NOMINAL,20700,-1,65535,32,77771,0,0,0
25,follow,none,2.0009,NOMINAL,20701,-1,65535,32,66358,0,0,0
25,follow,none,2.0342,NOMINAL,20702,-1,65535,32,62446,0,0,0
25,follow,none,2.0675,NOMINAL,20703,-1,65535,32,44170,0,0,0
25,follow,none,2.1010,NOMINAL,20704,-1,65535,32,60282,0,0,0
25,follow,none,2.1342,NOMINAL,20705,-1,65535,32,62504,0,0,0
25,follow,none,2.1676,NOMINAL,20706,-1,65535,32,59838,0,0,0
25,follow,none,2.2009,NOMINAL,20707,-1,65535,32,63896,0,0,0
25,follow,none,2.2342,NOMINAL,20708,-1,65535,32,61345,0,0,0
25,follow,none,2.2675,NOMINAL,20709,-1,65535,32,94653,0,0,0
25,follow,none,2.3009,NOMINAL,20710,-1,65535,32,62780,0,0,0
25,follow,none,2.3341,NOMINAL,20711,-1,65535,32,93621,0,0,0
25,follow,none,2.3676,NOMINAL,20712,-1,65535,32,61466,0,0,0
25,follow,none,2.4009,NOMINAL,20713,-1,65535,32,64722,0,0,0
25,follow,none,2.4343,NOMINAL,20714,-1,65535,32,98312,0,0,0
25,follow,none,2.4675,NOMINAL,20715,-1,65535,32,61649,0,0,0
25,follow,none,2.5007,NOMINAL,20716,-1,65535,32,53055,0,0,0
25,follow,none,2.5342,NOMINAL,20717,-1,65535,32,30519,0,0,0
25,follow,none,2.5675,NOMINAL,20718,-1,65535,32,57945,0,0,0
25,follow,none,2.6009,NOMINAL,20719,-1,65535,32,59729,0,0,0
25,follow,none,2.6341,NOMINAL,20720,-1,65535,32,45495,0,0,0
25,follow,none,2.6675,NOMINAL,20721,-1,65535,32,79745,0,0,0
25,follow,none,2.7008,NOMINAL,20722,-1,65535,32,49792,0,0,0
25,follow,none,2.7342,NOMINAL,20723,-1,65535,32,92869,0,0,0
25,follow,none,2.7676,NOMINAL,20724,-1,65535,32,63363,0,0,0
25,follow,none,2.8009,NOMINAL,20725,-1,65535,32,65759,0,0,0
25,follow,none,2.8343,NOMINAL,20726,-1,65535,32,59137,0,0,0
25,follow,none,2.8674,NOMINAL,20727,-1,65535,32,30829,0,0,0
25,follow,none,2.9008,NOMINAL,20728,-1,65535,32,52338,0,0,0
25,follow,none,2.9342,NOMINAL,20729,-1,65535,32,47461,0,0,0
25,follow,none,2.9676,NOMINAL,20730,-1,65535,32,45781,0,0,0
25,follow,none,3.0695,FAILSAFE,20730,-1,65535,33,0,0,0,0
26,follow,none,-0.9989,FAILSAFE,20731,-1,65535,32,71969,0,0,0
26,follow,none,-0.9658,FAILSAFE,20732,-1,65535,32,36314,0,0,0
26,follow,none,-0.9458,FAILSAFE,20732,-1,65535,32,0,0,0,0
26,follow,none,-0.9326,FAILSAFE,20733,-1,65535,32,56613,0,0,0
26,follow,none,-0.8991,FAILSAFE,20734,-1,65535,32,72146,0,0,0
26,follow,none,-0.8658,FAILSAFE,20735,-1,65535,32,38096,0,0,0
26,follow,none,-0.8458,FAILSAFE,20735,-1,65535,32,0,0,0,0
26,follow,none,-0.8325,FAILSAFE,20736,-1,65535,32,57613,0,0,0
26,follow,none,-0.7991,FAILSAFE,20737,-1,65535,32,41991,0,0,0
26,follow,none,-0.7660,FAILSAFE,20738,-1,65535,32,35671,0,0,0
26,follow,none,-0.7459,FAILSAFE,20738,-1,65535,32,0,0,0,0
26,follow,none,-0.7327,FAILSAFE,20739,-1,65535,32,35188,0,0,0
26,follow,none,-0.6988,NOMINAL,20740,-1,65535,32,110130,0,0,0
26,follow,none,-0.6658,NOMINAL,20741,-1,65535,32,94954,0,0,0
26,follow,none,-0.6326,NOMINAL,20742,-1,65535,32,51873,0,0,0
26,follow,none,-0.5992,NOMINAL,20743,-1,65535,32,108281,0,0,0
26,follow,none,-0.5658,NOMINAL,20744,-1,65535,32,60212,0,0,0
26,follow,none,-0.5326,NOMINAL,20745,-1,65535,32,37948,0,0,0
26,follow,none,-0.4993,NOMINAL,20746,-1,65535,32,35953,0,0,0
26,follow,none,-0.4658,NOMINAL,20747,-1,65535,32,60877,0,0,0
26,follow,none,-0.4325,NOMINAL,20748,-1,65535,32,43961,0,0,0
26,follow,none,-0.3992,NOMINAL,20749,-1,65535,32,58161,0,0,0
26,follow,none,-0.3658,NOMINAL,20750,-1,65535,32,79787,0,0,0
26,follow,none,-0.3326,NOMINAL,20751,-1,65535,32,61761,0,0,0
26,follow,none,-0.2993,NOMINAL,20752,-1,65535,32,51273,0,0,0
26,follow,none,-0.2658,NOMINAL,20753,-1,65535,32,96045,0,0,0
26,follow,none,-0.2325,NOMINAL,20754,-1,65535,32,47358,0,0,0
26,follow,none,-0.1992,NOMINAL,20755,-1,65535,32,65180,0,0,0
26,follow,none,-0.1659,NOMINAL,20756,-1,65535,32,46945,0,0,0
26,follow,none,-0.1325,NOMINAL,20757,-1,65535,32,63096,0,0,0
26,follow,none,-0.0992,NOMINAL,20758,-1,65535,32,64639,0,0,0
26,follow,none,-0.0658,NOMINAL,20759,-1,65535,32,60538,0,0,0
26,follow,none,-0.0320,NOMINAL,20760,-1,65535,32,73142,0,0,0
26,follow,none,0.0009,NOMINAL,20761,-1,65535,32,39146,0,0,0
26,follow,none,0.0342,NOMINAL,20762,-1,65535,32,63421,0,0,0
26,follow,none,0.0674,NOMINAL,20763,-1,65535,32,44436,0,0,0
26,follow,none,0.1008,NOMINAL,20764,-1,65535,32,67579,0,0,0
26,follow,none,0.1341,NOMINAL,20765,-1,65535,32,61864,0,0,0
26,follow,none,0.1675,NOMINAL,20766,-1,65535,32,46478,0,0,0
26,follow,none,0.2009,NOMINAL,20767,-1,65535,32,64603,0,0,0
26,follow,none,0.2342,NOMINAL,20768,-1,65535,32,118779,0,0,0
26,follow,none,0.2676,NOMINAL,20769,-1,65535,32,58552,0,0,0
26,follow,none,0.3008,NOMINAL,20770,-1,65535,32,54424,0,0,0
26,follow,none,0.3341,NOMINAL,20771,-1,65535,32,62929,0,0,0
26,follow,none,0.3675,NOMINAL,20772,-1,65535,32,87301,0,0,0
26,follow,none,0.4008,NOMINAL,20773,-1,65535,32,67742,0,0,0
26,follow,none,0.4341,NOMINAL,20774,-1,65535,32,59856,0,0,0
26,follow,none,0.4675,NOMINAL,20775,-1,65535,32,62728,0,0,0
26,follow,none,0.5008,NOMINAL,20776,-1,65535,32,67632,0,0,0
26,follow,none,0.5342,NOMINAL,20777,-1,65535,32,46087,0,0,0
26,follow,none,0.5674,NOMINAL,20778,-1,65535,32,45537,0,0,0
26,follow,none,0.6008,NOMINAL,20779,-1,65535,32,62518,0,0,0
26,follow,none,0.6342,NOMINAL,20780,-1,65535,32,43041,0,0,0
26,follow,none,0.6675,NOMINAL,20781,-1,65535,32,42461,0,0,0
26,follow,none,0.7008,NOMINAL,20782,-1,65535,32,65447,0,0,0
26,follow,none,0.7342,NOMINAL,20783,-1,65535,32,58396,0,0,0
26,follow,none,0.7677,NOMINAL,20784,-1,65535,32,108355,0,0,0
26,follow,none,0.8010,NOMINAL,20785,-1,65535,32,64170,0,0,0
26,follow,none,0.8345,NOMINAL,20786,-1,65535,32,97005,0,0,0
26,follow,none,0.8674,NOMINAL,20787,-1,65535,32,62074,0,0,0
26,follow,none,0.9009,NOMINAL,20788,-1,65535,32,92745,0,0,0
26,follow,none,0.9344,NOMINAL,20789,-1,65535,32,104604,0,0,0
26,follow,none,0.9676,NOMINAL,20790,-1,65535,32,95128,0,0,0
26,follow,none,1.0007,NOMINAL,20791,-1,65535,32,53772,0,0,0
26,follow,none,1.0343,NOMINAL,20792,-1,65535,32,47553,0,0,0
26,follow,none,1.0676,NOMINAL,20793,-1,65535,32,62588,0,0,0
26,follow,none,1.1007,NOMINAL,20794,-1,65535,32,51548,0,0,0
26,follow,none,1.1341,NOMINAL,20795,-1,65535,32,96445,0,0,0
26,follow,none,1.1676,NOMINAL,20796,-1,65535,32,46863,0,0,0
26,follow,none,1.2011,NOMINAL,20797,-1,65535,32,62840,0,0,0
26,follow,none,1.2343,NOMINAL,20798,-1,65535,32,59878,0,0,0
26,follow,none,1.2676,NOMINAL,20799,-1,65535,32,62346,0,0,0
26,follow,none,1.3011,NOMINAL,20800,-1,65535,32,63339,0,0,0
26,follow,none,1.3343,NOMINAL,20801,-1,65535,32,30245,0,0,0
26,follow,none,1.3675,NOMINAL,20802,-1,65535,32,33278,0,0,0
26,follow,none,1.4008,NOMINAL,20803,-1,65535,32,62245,0,0,0
26,follow,none,1.4344,NOMINAL,20804,-1,65535,32,45345,0,0,0
26,follow,none,1.4678,NOMINAL,20805,-1,65535,32,99733,0,0,0
26,follow,none,1.5010,NOMINAL,20806,-1,65535,32,52696,0,0,0
26,follow,none,1.5342,NOMINAL,20807,-1,65535,32,63126,0,0,0
26,follow,none,1.5675,NOMINAL,20808,-1,65535,32,37691,0,0,0
26,follow,none,1.6009,NOMINAL,20809,-1,65535,32,50106,0,0,0
26,follow,none,1.6341,NOMINAL,20810,-1,65535,32,62628,0,0,0
26,follow,none,1.6675,NOMINAL,20811,-1,65535,32,65077,0,0,0
26,follow,none,1.7008,NOMINAL,20812,-1,65535,32,69255,0,0,0
26,follow,none,1.7341,NOMINAL,20813,-1,65535,32,47703,0,0,0
26,follow,none,1.7676,NOMINAL,20814,-1,65535,32,77245,0,0,0
26,follow,none,1.8009,NOMINAL,20815,-1,65535,32,37617,0,0,0
26,follow,none,1.8345,NOMINAL,20816,-1,65535,32,59729,0,0,0
26,follow,none,1.8675,NOMINAL,20817,-1,65535,32,47778,0,0,0
26,follow,none,1.9009,NOMINAL,20818,-1,65535,32,64885,0,0,0
26,follow,none,1.9340,NOMINAL,20819,-1,65535,32,45179,0,0,0
26,follow,none,1.9675,NOMINAL,20820,-1,65535,32,61612,0,0,0
26,follow,none,2.0009,NOMINAL,20821,-1,65535,32,129163,0,0,0
26,follow,none,2.0342,NOMINAL,20822,-1,65535,32,98279,0,0,0
26,follow,none,2.0674,NOMINAL,20823,-1,65535,32,28346,0,0,0
26,follow,none,2.1009,NOMINAL,20824,-1,65535,32,50054,0,0,0
26,follow,none,2.1342,NOMINAL,20825,-1,65535,32,46887,0,0,0
26,follow,none,2.1676,NOMINAL,20826,-1,65535,32,61636,0,0,0
26,follow,none,2.2009,NOMINAL,20827,-1,65535,32,26362,0,0,0
26,follow,none,2.2343,NOMINAL,20828,-1,65535,32,61711,0,0,0
26,follow,none,2.2676,NOMINAL,20829,-1,65535,32,44095,0,0,0
26,follow,none,2.3008,NOMINAL,20830,-1,65535,32,65987,0,0,0
26,follow,none,2.3342,NOMINAL,20831,-1,65535,32,61304,0,0,0
26,follow,none,2.3676,NOMINAL,20832,-1,65535,32,78621,0,0,0
26,follow,none,2.4009,NOMINAL,20833,-1,65535,32,66752,0,0,0
26,follow,none,2.4342,NOMINAL,20834,-1,65535,32,79596,0,0,0
26,follow,none,2.4675,NOMINAL,20835,-1,65535,32,75770,0,0,0
26,follow,none,2.5008,NOMINAL,20836,-1,65535,32,48281,0,0,0
26,follow,none,2.5341,NOMINAL,20837,-1,65535,32,46312,0,0,0
26,follow,none,2.5675,NOMINAL,20838,-1,65535,32,76042,0,0,0
26,follow,none,2.6007,NOMINAL,20839,-1,65535,32,49039,0,0,0
26,follow,none,2.6342,NOMINAL,20840,-1,65535,32,63113,0,0,0
26,follow,none,2.6675,NOMINAL,20841,-1,65535,32,51560,0,0,0
26,follow,none,2.7009,NOMINAL,20842,-1,65535,32,63354,0,0,0
26,follow,none,2.7341,NOMINAL,20843,-1,65535,32,58295,0,0,0
26,follow,none,2.7675,NOMINAL,20844,-1,65535,32,106429,0,0,0
26,follow,none,2.8010,NOMINAL,20845,-1,65535,32,66421,0,0,0
26,follow,none,2.8342,NOMINAL,20846,-1,65535,32,79028,0,0,0
26,follow,none,2.8676,NOMINAL,20847,-1,65535,32,47437,0,0,0
26,follow,none,2.9009,NOMINAL,20848,-1,65535,32,65372,0,0,0
26,follow,none,2.9342,NOMINAL,20849,-1,65535,32,60720,0,0,0
26,follow,none,2.9674,NOMINAL,20850,-1,65535,32,63189,0,0,0
26,follow,none,3.0697,FAILSAFE,20850,-1,65535,33,0,0,0,0
27,follow,none,-0.9991,FAILSAFE,20851,-1,65535,32,70661,0,0,0
27,follow,none,-0.9660,FAILSAFE,20852,-1,65535,32,52929,0,0,0
27,follow,none,-0.9458,FAILSAFE,20852,-1,65535,32,0,0,0,0
27,follow,none,-0.9325,FAILSAFE,20853,-1,65535,32,56121,0,0,0
27,follow,none,-0.8992,FAILSAFE,20854,-1,65535,32,56282,0,0,0
27,follow,none,-0.8659,FAILSAFE,20855,-1,65535,32,75289,0,0,0
27,follow,none,-0.8459,FAILSAFE,20855,-1,65535,32,0,0,0,0
27,follow,none,-0.8325,FAILSAFE,20856,-1,65535,32,57161,0,0,0
27,follow,none,-0.7992,FAILSAFE,20857,-1,65535,32,53281,0,0,0
27,follow,none,-0.7658,FAILSAFE,20858,-1,65535,32,38803,0,0,0
27,follow,none,-0.7457,FAILSAFE,20858,-1,65535,32,0,0,0,0
27,follow,none,-0.7325,FAILSAFE,20859,-1,65535,32,56088,0,0,0
27,follow,none,-0.6988,NOMINAL,20860,-1,65535,32,114253,0,0,0
27,follow,none,-0.6657,NOMINAL,20861,-1,65535,32,65160,0,0,0
27,follow,none,-0.6325,NOMINAL,20862,-1,65535,32,78520,0,0,0
27,follow,none,-0.5993,NOMINAL,20863,-1,65535,32,67337,0,0,0
27,follow,none,-0.5659,NOMINAL,20864,-1,65535,32,98200,0,0,0
27,follow,none,-0.5325,NOMINAL,20865,-1,65535,32,78881,0,0,0
27,follow,none,-0.4992,NOMINAL,20866,-1,65535,32,36354,0,0,0
27,follow,none,-0.4659,NOMINAL,20867,-1,65535,32,48670,0,0,0
27,follow,none,-0.4326,NOMINAL,20868,-1,65535,32,47604,0,0,0
27,follow,none,-0.3991,NOMINAL,20869,-1,65535,32,106629,0,0,0
27,follow,none,-0.3659,NOMINAL,20870,-1,65535,32,60329,0,0,0
27,follow,none,-0.3325,NOMINAL,20871,-1,65535,32,75003,0,0,0
27,follow,none,-0.2991,NOMINAL,20872,-1,65535,32,48917,0,0,0
27,follow,none,-0.2656,NOMINAL,20873,-1,65535,32,106009,0,0,0
27,follow,none,-0.2324,NOMINAL,20874,-1,65535,32,46670,0,0,0
27,follow,none,-0.1991,NOMINAL,20875,-1,65535,32,51921,0,0,0
27,follow,none,-0.1658,NOMINAL,20876,-1,65535,32,63554,0,0,0
27,follow,none,-0.1325,NOMINAL,20877,-1,65535,32,59978,0,0,0
27,follow,none,-0.0993,NOMINAL,20878,-1,65535,32,64341,0,0,0
27,follow,none,-0.0660,NOMINAL,20879,-1,65535,32,78678,0,0,0
27,follow,none,-0.0319,NOMINAL,20880,-1,65535,32,77816,0,0,0
27,follow,none,0.0012,NOMINAL,20881,-1,65535,32,58617,0,0,0
27,follow,none,0.0343,NOMINAL,20882,-1,65535,32,62927,0,0,0
27,follow,none,0.0675,NOMINAL,20883,-1,65535,32,65396,0,0,0
27,follow,none,0.1009,NOMINAL,20884,-1,65535,32,111098,0,0,0
27,follow,none,0.1342,NOMINAL,20885,-1,65535,32,48029,0,0,0
27,follow,none,0.1677,NOMINAL,20886,-1,65535,32,44821,0,0,0
27,follow,none,0.2009,NOMINAL,20887,-1,65535,32,52574,0,0,0
27,follow,none,0.2342,NOMINAL,20888,-1,65535,32,59553,0,0,0
27,follow,none,0.2676,NOMINAL,20889,-1,65535,32,44843,0,0,0
27,follow,none,0.3009,NOMINAL,20890,-1,65535,32,51172,0,0,0
27,follow,none,0.3341,NOMINAL,20891,-1,65535,32,29444,0,0,0
27,follow,none,0.3675,NOMINAL,20892,-1,65535,32,58762,0,0,0
27,follow,none,0.4008,NOMINAL,20893,-1,65535,32,50447,0,0,0
27,follow,none,0.4342,NOMINAL,20894,-1,65535,32,44637,0,0,0
27,follow,none,0.4674,NOMINAL,20895,-1,65535,32,45262,0,0,0
27,follow,none,0.5008,NOMINAL,20896,-1,65535,32,102201,0,0,0
27,follow,none,0.5343,NOMINAL,20897,-1,65535,32,106678,0,0,0
27,follow,none,0.5677,NOMINAL,20898,-1,65535,32,62271,0,0,0
27,follow,none,0.6008,NOMINAL,20899,-1,65535,32,53860,0,0,0
27,follow,none,0.6344,NOMINAL,20900,-1,65535,32,107259,0,0,0
27,follow,none,0.6675,NOMINAL,20901,-1,65535,32,63596,0,0,0
27,follow,none,0.7009,NOMINAL,20902,-1,65535,32,63035,0,0,0
27,follow,none,0.7342,NOMINAL,20903,-1,65535,32,48971,0,0,0
27,follow,none,0.7674,NOMINAL,20904,-1,65535,32,43395,0,0,0
27,follow,none,0.8009,NOMINAL,20905,-1,65535,32,48397,0,0,0
27,follow,none,0.8342,NOMINAL,20906,-1,65535,32,60812,0,0,0
27,follow,none,0.8675,NOMINAL,20907,-1,65535,32,44129,0,0,0
27,follow,none,0.9007,NOMINAL,20908,-1,65535,32,48480,0,0,0
27,follow,none,0.9341,NOMINAL,20909,-1,65535,32,43663,0,0,0
27,follow,none,0.9676,NOMINAL,20910,-1,65535,32,36824,0,0,0
27,follow,none,1.0007,NOMINAL,20911,-1,65535,32,43079,0,0,0
27,follow,none,1.0342,NOMINAL,20912,-1,65535,32,60960,0,0,0
27,follow,none,1.0675,NOMINAL,20913,-1,65535,32,49878,0,0,0
27,follow,none,1.1009,NOMINAL,20914,-1,65535,32,64608,0,0,0
27,follow,none,1.1341,NOMINAL,20915,-1,65535,32,61922,0,0,0
27,follow,none,1.1674,NOMINAL,20916,-1,65535,32,63389,0,0,0
27,follow,none,1.2011,NOMINAL,20917,-1,65535,32,47093,0,0,0
27,follow,none,1.2341,NOMINAL,20918,-1,65535,32,44514,0,0,0
27,follow,none,1.2674,NOMINAL,20919,-1,65535,32,45020,0,0,0
27,follow,none,1.3009,NOMINAL,20920,-1,65535,32,52568,0,0,0
27,follow,none,1.3344,NOMINAL,20921,-1,65535,32,48553,0,0,0
27,follow,none,1.3675,NOMINAL,20922,-1,65535,32,64936,0,0,0
27,follow,none,1.4008,NOMINAL,20923,-1,65535,32,67239,0,0,0
27,follow,none,1.4342,NOMINAL,20924,-1,65535,32,64029,0,0,0
27,follow,none,1.4679,NOMINAL,20925,-1,65535,32,61262,0,0,0
27,follow,none,1.5009,NOMINAL,20926,-1,65535,32,53672,0,0,0
27,follow,none,1.5342,NOMINAL,20927,-1,65535,32,103504,0,0,0
27,follow,none,1.5675,NOMINAL,20928,-1,65535,32,32853,0,0,0
27,follow,none,1.6009,NOMINAL,20929,-1,65535,32,67647,0,0,0
27,follow,none,1.6341,NOMINAL,20930,-1,65535,32,45689,0,0,0
27,follow,none,1.6675,NOMINAL,20931,-1,65535,32,58121,0,0,0
27,follow,none,1.7010,NOMINAL,20932,-1,65535,32,48638,0,0,0
27,follow,none,1.7342,NOMINAL,20933,-1,65535,32,60129,0,0,0
27,follow,none,1.7676,NOMINAL,20934,-1,65535,32,95695,0,0,0
27,follow,none,1.8009,NOMINAL,20935,-1,65535,32,60402,0,0,0
27,follow,none,1.8343,NOMINAL,20936,-1,65535,32,44219,0,0,0
27,follow,none,1.8676,NOMINAL,20937,-1,65535,32,60605,0,0,0
27,follow,none,1.9008,NOMINAL,20938,-1,65535,32,64030,0,0,0
27,follow,none,1.9342,NOMINAL,20939,-1,65535,32,62470,0,0,0
27,follow,none,1.9676,NOMINAL,20940,-1,65535,32,29136,0,0,0
27,follow,none,2.0009,NOMINAL,20941,-1,65535,32,48830,0,0,0
27,follow,none,2.0341,NOMINAL,20942,-1,65535,32,44064,0,0,0
27,follow,none,2.0675,NOMINAL,20943,-1,65535,32,58471,0,0,0
27,follow,none,2.1009,NOMINAL,20944,-1,65535,32,67229,0,0,0
27,follow,none,2.1341,NOMINAL,20945,-1,65535,32,43688,0,0,0
27,follow,none,2.1676,NOMINAL,20946,-1,65535,32,62494,0,0,0
27,follow,none,2.2009,NOMINAL,20947,-1,65535,32,51272,0,0,0
27,follow,none,2.2342,NOMINAL,20948,-1,65535,32,61923,0,0,0
27,follow,none,2.2675,NOMINAL,20949,-1,65535,32,76254,0,0,0
27,follow,none,2.3009,NOMINAL,20950,-1,65535,32,76580,0,0,0
27,follow,none,2.3343,NOMINAL,20951,-1,65535,32,95911,0,0,0
27,follow,none,2.3677,NOMINAL,20952,-1,65535,32,48574,0,0,0
27,follow,none,2.4009,NOMINAL,20953,-1,65535,32,125655,0,0,0
27,follow,none,2.4343,NOMINAL,20954,-1,65535,32,121408,0,0,0
27,follow,none,2.4674,NOMINAL,20955,-1,65535,32,60056,0,0,0
27,follow,none,2.5009,NOMINAL,20956,-1,65535,32,64855,0,0,0
27,follow,none,2.5344,NOMINAL,20957,-1,65535,32,94072,0,0,0
27,follow,none,2.5676,NOMINAL,20958,-1,65535,32,79030,0,0,0
27,follow,none,2.6009,NOMINAL,20959,-1,65535,32,68211,0,0,0
27,follow,none,2.6342,NOMINAL,20960,-1,65535,32,63716,0,0,0
27,follow,none,2.6675,NOMINAL,20961,-1,65535,32,46680,0,0,0
27,follow,none,2.7009,NOMINAL,20962,-1,65535,32,68371,0,0,0
27,follow,none,2.7343,NOMINAL,20963,-1,65535,32,44996,0,0,0
27,follow,none,2.7676,NOMINAL,20964,-1,65535,32,95845,0,0,0
27,follow,none,2.8009,NOMINAL,20965,-1,65535,32,46766,0,0,0
27,follow,none,2.8343,NOMINAL,20966,-1,65535,32,57638,0,0,0
27,follow,none,2.8677,NOMINAL,20967,-1,65535,32,78212,0,0,0
27,follow,none,2.9010,NOMINAL,20968,-1,65535,32,51890,0,0,0
27,follow,none,2.9343,NOMINAL,20969,-1,65535,32,47038,0,0,0
27,follow,none,2.9676,NOMINAL,20970,-1,65535,32,105669,0,0,0
27,follow,none,3.0703,FAILSAFE,20970,-1,65535,33,0,0,0,0
28,follow,none,-0.9990,FAILSAFE,20971,-1,65535,32,72115,0,0,0
28,follow,none,-0.9659,FAILSAFE,20972,-1,65535,32,38614,0,0,0
28,follow,none,-0.9458,FAILSAFE,20972,-1,65535,32,0,0,0,0
28,follow,none,-0.9327,FAILSAFE,20973,-1,65535,32,53889,0,0,0
28,follow,none,-0.8992,FAILSAFE,20974,-1,65535,32,26080,0,0,0
28,follow,none,-0.8657,FAILSAFE,20975,-1,65535,32,71642,0,0,0
28,follow,none,-0.8457,FAILSAFE,20975,-1,65535,32,0,0,0,0
28,follow,none,-0.8326,FAILSAFE,20976,-1,65535,32,40995,0,0,0
28,follow,none,-0.7992,FAILSAFE,20977,-1,65535,32,41673,0,0,0
28,follow,none,-0.7658,FAILSAFE,20978,-1,65535,32,70865,0,0,0
28,follow,none,-0.7457,FAILSAFE,20978,-1,65535,32,0,0,0,0
28,follow,none,-0.7325,FAILSAFE,20979,-1,65535,32,42081,0,0,0
28,follow,none,-0.6989,NOMINAL,20980,-1,65535,32,96312,0,0,0
28,follow,none,-0.6657,NOMINAL,20981,-1,65535,32,61131,0,0,0
28,follow,none,-0.6326,NOMINAL,20982,-1,65535,32,56995,0,0,0
28,follow,none,-0.5993,NOMINAL,20983,-1,65535,32,47799,0,0,0
28,follow,none,-0.5658,NOMINAL,20984,-1,65535,32,48889,0,0,0
28,follow,none,-0.5325,NOMINAL,20985,-1,65535,32,93147,0,0,0
28,follow,none,-0.4992,NOMINAL,20986,-1,65535,32,67100,0,0,0
28,follow,none,-0.4661,NOMINAL,20987,-1,65535,32,60805,0,0,0
28,follow,none,-0.4326,NOMINAL,20988,-1,65535,32,62022,0,0,0
28,follow,none,-0.3991,NOMINAL,20989,-1,65535,32,55205,0,0,0
28,follow,none,-0.3658,NOMINAL,20990,-1,65535,32,49937,0,0,0
28,follow,none,-0.3326,NOMINAL,20991,-1,65535,32,29922,0,0,0
28,follow,none,-0.2992,NOMINAL,20992,-1,65535,32,49609,0,0,0
28,follow,none,-0.2658,NOMINAL,20993,-1,65535,32,63695,0,0,0
28,follow,none,-0.2324,NOMINAL,20994,-1,65535,32,77471,0,0,0
28,follow,none,-0.1991,NOMINAL,20995,-1,65535,32,66618,0,0,0
28,follow,none,-0.1659,NOMINAL,20996,-1,65535,32,94584,0,0,0
28,follow,none,-0.1324,NOMINAL,20997,-1,65535,32,45420,0,0,0
28,follow,none,-0.0993,NOMINAL,20998,-1,65535,32,50873,0,0,0
28,follow,none,-0.0658,NOMINAL,20999,-1,65535,32,76704,0,0,0
28,follow,none,-0.0322,NOMINAL,21000,-1,65535,32,57808,0,0,0
28,follow,none,0.0011,NOMINAL,21001,-1,65535,32,46542,0,0,0
28,follow,none,0.0345,NOMINAL,21002,-1,65535,32,56833,0,0,0
28,follow,none,0.0674,NOMINAL,21003,-1,65535,32,41807,0,0,0
28,follow,none,0.1008,NOMINAL,21004,-1,65535,32,40163,0,0,0
28,follow,none,0.1342,NOMINAL,21005,-1,65535,32,49166,0,0,0
28,follow,none,0.1676,NOMINAL,21006,-1,65535,32,36513,0,0,0
28,follow,none,0.2010,NOMINAL,21007,-1,65535,32,41734,0,0,0
28,follow,none,0.2343,NOMINAL,21008,-1,65535,32,56821,0,0,0
28,follow,none,0.2675,NOMINAL,21009,-1,65535,32,37759,0,0,0
28,follow,none,0.3008,NOMINAL,21010,-1,65535,32,20983,0,0,0
28,follow,none,0.3342,NOMINAL,21011,-1,65535,32,55988,0,0,0
28,follow,none,0.3674,NOMINAL,21012,-1,65535,32,21486,0,0,0
28,follow,none,0.4009,NOMINAL,21013,-1,65535,32,98598,0,0,0
28,follow,none,0.4342,NOMINAL,21014,-1,65535,32,39187,0,0,0
28,follow,none,0.4675,NOMINAL,21015,-1,65535,32,36705,0,0,0
28,follow,none,0.5007,NOMINAL,21016,-1,65535,32,40674,0,0,0
28,follow,none,0.5341,NOMINAL,21017,-1,65535,32,56549,0,0,0
28,follow,none,0.5676,NOMINAL,21018,-1,65535,32,38220,0,0,0
28,follow,none,0.6006,NOMINAL,21019,-1,65535,32,39680,0,0,0
28,follow,none,0.6341,NOMINAL,21020,-1,65535,32,23695,0,0,0
28,follow,none,0.6673,NOMINAL,21021,-1,65535,32,37256,0,0,0
28,follow,none,0.7009,NOMINAL,21022,-1,65535,32,39700,0,0,0
28,follow,none,0.7342,NOMINAL,21023,-1,65535,32,39046,0,0,0
28,follow,none,0.7675,NOMINAL,21024,-1,65535,32,37422,0,0,0
28,follow,none,0.8008,NOMINAL,21025,-1,65535,32,63734,0,0,0
28,follow,none,0.8344,NOMINAL,21026,-1,65535,32,96503,0,0,0
28,follow,none,0.8677,NOMINAL,21027,-1,65535,32,54179,0,0,0
28,follow,none,0.9008,NOMINAL,21028,-1,65535,32,40467,0,0,0
28,follow,none,0.9341,NOMINAL,21029,-1,65535,32,72861,0,0,0
28,follow,none,0.9675,NOMINAL,21030,-1,65535,32,33472,0,0,0
28,follow,none,1.0007,NOMINAL,21031,-1,65535,32,26397,0,0,0
28,follow,none,1.0341,NOMINAL,21032,-1,65535,32,70587,0,0,0
28,follow,none,1.0675,NOMINAL,21033,-1,65535,32,37112,0,0,0
28,follow,none,1.1007,NOMINAL,21034,-1,65535,32,44531,0,0,0
28,follow,none,1.1341,NOMINAL,21035,-1,65535,32,34995,0,0,0
28,follow,none,1.1675,NOMINAL,21036,-1,65535,32,50563,0,0,0
28,follow,none,1.2007,NOMINAL,21037,-1,65535,32,38996,0,0,0
28,follow,none,1.2343,NOMINAL,21038,-1,65535,32,51342,0,0,0
28,follow,none,1.2676,NOMINAL,21039,-1,65535,32,52878,0,0,0
28,follow,none,1.3009,NOMINAL,21040,-1,65535,32,42230,0,0,0
28,follow,none,1.3342,NOMINAL,21041,-1,65535,32,20119,0,0,0
28,follow,none,1.3676,NOMINAL,21042,-1,65535,32,53415,0,0,0
28,follow,none,1.4010,NOMINAL,21043,-1,65535,32,21111,0,0,0
28,follow,none,1.4343,NOMINAL,21044,-1,65535,32,93132,0,0,0
28,follow,none,1.4675,NOMINAL,21045,-1,65535,32,38054,0,0,0
28,follow,none,1.5009,NOMINAL,21046,-1,65535,32,43888,0,0,0
28,follow,none,1.5342,NOMINAL,21047,-1,65535,32,36279,0,0,0
28,follow,none,1.5677,NOMINAL,21048,-1,65535,32,36399,0,0,0
28,follow,none,1.6009,NOMINAL,21049,-1,65535,32,43909,0,0,0
28,follow,none,1.6342,NOMINAL,21050,-1,65535,32,53174,0,0,0
28,follow,none,1.6674,NOMINAL,21051,-1,65535,32,35075,0,0,0
28,follow,none,1.7008,NOMINAL,21052,-1,65535,32,42017,0,0,0
28,follow,none,1.7341,NOMINAL,21053,-1,65535,32,53628,0,0,0
28,follow,none,1.7674,NOMINAL,21054,-1,65535,32,52257,0,0,0
28,follow,none,1.8009,NOMINAL,21055,-1,65535,32,62940,0,0,0
28,follow,none,1.8340,NOMINAL,21056,-1,65535,32,38311,0,0,0
28,follow,none,1.8676,NOMINAL,21057,-1,65535,32,71558,0,0,0
28,follow,none,1.9009,NOMINAL,21058,-1,65535,32,36028,0,0,0
28,follow,none,1.9342,NOMINAL,21059,-1,65535,32,53602,0,0,0
28,follow,none,1.9674,NOMINAL,21060,-1,65535,32,39045,0,0,0
28,follow,none,2.0008,NOMINAL,21061,-1,65535,32,39585,0,0,0
28,follow,none,2.0344,NOMINAL,21062,-1,65535,32,73068,0,0,0
28,follow,none,2.0675,NOMINAL,21063,-1,65535,32,37604,0,0,0
28,follow,none,2.1007,NOMINAL,21064,-1,65535,32,41521,0,0,0
28,follow,none,2.1342,NOMINAL,21065,-1,65535,32,41008,0,0,0
28,follow,none,2.1674,NOMINAL,21066,-1,65535,32,36181,0,0,0
28,follow,none,2.2008,NOMINAL,21067,-1,65535,32,98921,0,0,0
28,follow,none,2.2343,NOMINAL,21068,-1,65535,32,72806,0,0,0
28,follow,none,2.2675,NOMINAL,21069,-1,65535,32,53468,0,0,0
28,follow,none,2.3008,NOMINAL,21070,-1,65535,32,39662,0,0,0
28,follow,none,2.3341,NOMINAL,21071,-1,65535,32,38970,0,0,0
28,follow,none,2.3674,NOMINAL,21072,-1,65535,32,52402,0,0,0
28,follow,none,2.4008,NOMINAL,21073,-1,65535,32,41046,0,0,0
28,follow,none,2.4343,NOMINAL,21074,-1,65535,32,55136,0,0,0
28,follow,none,2.4674,NOMINAL,21075,-1,65535,32,37602,0,0,0
28,follow,none,2.5009,NOMINAL,21076,-1,65535,32,42588,0,0,0
28,follow,none,2.5342,NOMINAL,21077,-1,65535,32,35968,0,0,0
28,follow,none,2.5676,NOMINAL,21078,-1,65535,32,34976,0,0,0
28,follow,none,2.6008,NOMINAL,21079,-1,65535,32,44492,0,0,0
28,follow,none,2.6343,NOMINAL,21080,-1,65535,32,37858,0,0,0
28,follow,none,2.6676,NOMINAL,21081,-1,65535,32,53952,0,0,0
28,follow,none,2.7009,NOMINAL,21082,-1,65535,32,59547,0,0,0
28,follow,none,2.7340,NOMINAL,21083,-1,65535,32,95004,0,0,0
28,follow,none,2.7676,NOMINAL,21084,-1,65535,32,56833,0,0,0
28,follow,none,2.8009,NOMINAL,21085,-1,65535,32,56475,0,0,0
28,follow,none,2.8343,NOMINAL,21086,-1,65535,32,52870,0,0,0
28,follow,none,2.8674,NOMINAL,21087,-1,65535,32,35805,0,0,0
28,follow,none,2.9009,NOMINAL,21088,-1,65535,32,58263,0,0,0
28,follow,none,2.9342,NOMINAL,21089,-1,65535,32,34920,0,0,0
28,follow,none,2.9674,NOMINAL,21090,-1,65535,32,33224,0,0,0
28,follow,none,3.0703,FAILSAFE,21090,-1,65535,33,0,0,0,0
29,follow,none,-0.9989,FAILSAFE,21091,-1,65535,32,53560,0,0,0
29,follow,none,-0.9658,FAILSAFE,21092,-1,65535,32,31965,0,0,0
29,follow,none,-0.9458,FAILSAFE,21092,-1,65535,32,0,0,0,0
29,follow,none,-0.9326,FAILSAFE,21093,-1,65535,32,48379,0,0,0
29,follow,none,-0.8992,FAILSAFE,21094,-1,65535,32,66988,0,0,0
29,follow,none,-0.8659,FAILSAFE,21095,-1,65535,32,46776,0,0,0
29,follow,none,-0.8457,FAILSAFE,21095,-1,65535,32,0,0,0,0
29,follow,none,-0.8326,FAILSAFE,21096,-1,65535,32,14563,0,0,0
29,follow,none,-0.7992,FAILSAFE,21097,-1,65535,32,52220,0,0,0
29,follow,none,-0.7658,FAILSAFE,21098,-1,65535,32,50412,0,0,0
29,follow,none,-0.7457,FAILSAFE,21098,-1,65535,32,0,0,0,0
29,follow,none,-0.7325,FAILSAFE,21099,-1,65535,32,29563,0,0,0
29,follow,none,-0.6988,NOMINAL,21100,-1,65535,32,77769,0,0,0
29,follow,none,-0.6658,NOMINAL,21101,-1,65535,32,36186,0,0,0
29,follow,none,-0.6325,NOMINAL,21102,-1,65535,32,39894,0,0,0
29,follow,none,-0.5992,NOMINAL,21103,-1,65535,32,42238,0,0,0
29,follow,none,-0.5659,NOMINAL,21104,-1,65535,32,19172,0,0,0
29,follow,none,-0.5324,NOMINAL,21105,-1,65535,32,50769,0,0,0
29,follow,none,-0.4991,NOMINAL,21106,-1,65535,32,41657,0,0,0
29,follow,none,-0.4658,NOMINAL,21107,-1,65535,32,95936,0,0,0
29,follow,none,-0.4326,NOMINAL,21108,-1,65535,32,40303,0,0,0
29,follow,none,-0.3992,NOMINAL,21109,-1,65535,32,45306,0,0,0
29,follow,none,-0.3660,NOMINAL,21110,-1,65535,32,38322,0,0,0
29,follow,none,-0.3328,NOMINAL,21111,-1,65535,32,50415,0,0,0
29,follow,none,-0.2993,NOMINAL,21112,-1,65535,32,54137,0,0,0
29,follow,none,-0.2659,NOMINAL,21113,-1,65535,32,36120,0,0,0
29,follow,none,-0.2324,NOMINAL,21114,-1,65535,32,51498,0,0,0
29,follow,none,-0.1992,NOMINAL,21115,-1,65535,32,43393,0,0,0
29,follow,none,-0.1659,NOMINAL,21116,-1,65535,32,52294,0,0,0
29,follow,none,-0.1325,NOMINAL,21117,-1,65535,32,52783,0,0,0
29,follow,none,-0.0990,NOMINAL,21118,-1,65535,32,103497,0,0,0
29,follow,none,-0.0657,NOMINAL,21119,-1,65535,32,53829,0,0,0
29,follow,none,-0.0317,NOMINAL,21120,-1,65535,32,246295,0,0,0
29,follow,none,0.0013,NOMINAL,21121,-1,65535,32,100103,0,0,0
29,follow,none,0.0344,NOMINAL,21122,-1,65535,32,54194,0,0,0
29,follow,none,0.0677,NOMINAL,21123,-1,65535,32,34707,0,0,0
29,follow,none,0.1009,NOMINAL,21124,-1,65535,32,45554,0,0,0
29,follow,none,0.1342,NOMINAL,21125,-1,65535,32,36329,0,0,0
29,follow,none,0.1674,NOMINAL,21126,-1,65535,32,37853,0,0,0
29,follow,none,0.2009,NOMINAL,21127,-1,65535,32,71900,0,0,0
29,follow,none,0.2342,NOMINAL,21128,-1,65535,32,21052,0,0,0
29,follow,none,0.2676,NOMINAL,21129,-1,65535,32,37644,0,0,0
29,follow,none,0.3013,NOMINAL,21130,-1,65535,32,133156,0,0,0
29,follow,none,0.3344,NOMINAL,21131,-1,65535,32,50586,0,0,0
29,follow,none,0.3676,NOMINAL,21132,-1,65535,32,51278,0,0,0
29,follow,none,0.4013,NOMINAL,21133,-1,65535,32,45711,0,0,0
29,follow,none,0.4348,NOMINAL,21134,-1,65535,32,35562,0,0,0
29,follow,none,0.4676,NOMINAL,21135,-1,65535,32,53552,0,0,0
29,follow,none,0.5011,NOMINAL,21136,-1,65535,32,97813,0,0,0
29,follow,none,0.5343,NOMINAL,21137,-1,65535,32,37660,0,0,0
29,follow,none,0.5677,NOMINAL,21138,-1,65535,32,39116,0,0,0
29,follow,none,0.6010,NOMINAL,21139,-1,65535,32,42047,0,0,0
29,follow,none,0.6344,NOMINAL,21140,-1,65535,32,70870,0,0,0
29,follow,none,0.6676,NOMINAL,21141,-1,65535,32,35402,0,0,0
29,follow,none,0.7008,NOMINAL,21142,-1,65535,32,41170,0,0,0
29,follow,none,0.7340,NOMINAL,21143,-1,65535,32,37378,0,0,0
29,follow,none,0.7676,NOMINAL,21144,-1,65535,32,59294,0,0,0
29,follow,none,0.8010,NOMINAL,21145,-1,65535,32,45245,0,0,0
29,follow,none,0.8343,NOMINAL,21146,-1,65535,32,21102,0,0,0
29,follow,none,0.8676,NOMINAL,21147,-1,65535,32,35783,0,0,0
29,follow,none,0.9009,NOMINAL,21148,-1,65535,32,62167,0,0,0
29,follow,none,0.9341,NOMINAL,21149,-1,65535,32,37503,0,0,0
29,follow,none,0.9674,NOMINAL,21150,-1,65535,32,34252,0,0,0
29,follow,none,1.0008,NOMINAL,21151,-1,65535,32,49361,0,0,0
29,follow,none,1.0342,NOMINAL,21152,-1,65535,32,35969,0,0,0
29,follow,none,1.0675,NOMINAL,21153,-1,65535,32,20602,0,0,0
29,follow,none,1.1008,NOMINAL,21154,-1,65535,32,42869,0,0,0
29,follow,none,1.1342,NOMINAL,21155,-1,65535,32,37554,0,0,0
29,follow,none,1.1676,NOMINAL,21156,-1,65535,32,69237,0,0,0
29,follow,none,1.2009,NOMINAL,21157,-1,65535,32,59308,0,0,0
29,follow,none,1.2343,NOMINAL,21158,-1,65535,32,70111,0,0,0
29,follow,none,1.2673,NOMINAL,21159,-1,65535,32,42068,0,0,0
29,follow,none,1.3009,NOMINAL,21160,-1,65535,32,36721,0,0,0
29,follow,none,1.3343,NOMINAL,21161,-1,65535,32,54269,0,0,0
29,follow,none,1.3675,NOMINAL,21162,-1,65535,32,38754,0,0,0
29,follow,none,1.4010,NOMINAL,21163,-1,65535,32,101474,0,0,0
29,follow,none,1.4342,NOMINAL,21164,-1,65535,32,55312,0,0,0
29,follow,none,1.4674,NOMINAL,21165,-1,65535,32,38353,0,0,0
29,follow,none,1.5010,NOMINAL,21166,-1,65535,32,39329,0,0,0
29,follow,none,1.5343,NOMINAL,21167,-1,65535,32,22828,0,0,0
29,follow,none,1.5675,NOMINAL,21168,-1,65535,32,37861,0,0,0
29,follow,none,1.6008,NOMINAL,21169,-1,65535,32,63522,0,0,0
29,follow,none,1.6341,NOMINAL,21170,-1,65535,32,54496,0,0,0
29,follow,none,1.6675,NOMINAL,21171,-1,65535,32,54761,0,0,0
29,follow,none,1.7009,NOMINAL,21172,-1,65535,32,101340,0,0,0
29,follow,none,1.7343,NOMINAL,21173,-1,65535,32,78477,0,0,0
29,follow,none,1.7676,NOMINAL,21174,-1,65535,32,53694,0,0,0
29,follow,none,1.8008,NOMINAL,21175,-1,65535,32,44263,0,0,0
29,follow,none,1.8342,NOMINAL,21176,-1,65535,32,21952,0,0,0
29,follow,none,1.8675,NOMINAL,21177,-1,65535,32,55885,0,0,0
29,follow,none,1.9012,NOMINAL,21178,-1,65535,32,44640,0,0,0
29,follow,none,1.9343,NOMINAL,21179,-1,65535,32,70504,0,0,0
29,follow,none,1.9675,NOMINAL,21180,-1,65535,32,38102,0,0,0
29,follow,none,2.0008,NOMINAL,21181,-1,65535,32,59561,0,0,0
29,follow,none,2.0343,NOMINAL,21182,-1,65535,32,52928,0,0,0
29,follow,none,2.0675,NOMINAL,21183,-1,65535,32,55878,0,0,0
29,follow,none,2.1008,NOMINAL,21184,-1,65535,32,47001,0,0,0
29,follow,none,2.1341,NOMINAL,21185,-1,65535,32,23734,0,0,0
29,follow,none,2.1676,NOMINAL,21186,-1,65535,32,93586,0,0,0
29,follow,none,2.2008,NOMINAL,21187,-1,65535,32,43521,0,0,0
29,follow,none,2.2342,NOMINAL,21188,-1,65535,32,20642,0,0,0
29,follow,none,2.2676,NOMINAL,21189,-1,65535,32,53337,0,0,0
29,follow,none,2.3010,NOMINAL,21190,-1,65535,32,99219,0,0,0
29,follow,none,2.3341,NOMINAL,21191,-1,65535,32,37951,0,0,0
29,follow,none,2.3674,NOMINAL,21192,-1,65535,32,59965,0,0,0
29,follow,none,2.4009,NOMINAL,21193,-1,65535,32,46971,0,0,0
29,follow,none,2.4344,NOMINAL,21194,-1,65535,32,55440,0,0,0
29,follow,none,2.4675,NOMINAL,21195,-1,65535,32,34803,0,0,0
29,follow,none,2.5008,NOMINAL,21196,-1,65535,32,61539,0,0,0
29,follow,none,2.5342,NOMINAL,21197,-1,65535,32,37929,0,0,0
29,follow,none,2.5675,NOMINAL,21198,-1,65535,32,34878,0,0,0
29,follow,none,2.6011,NOMINAL,21199,-1,65535,32,97730,0,0,0
29,follow,none,2.6344,NOMINAL,21200,-1,65535,32,54770,0,0,0
29,follow,none,2.6677,NOMINAL,21201,-1,65535,32,56395,0,0,0
29,follow,none,2.7013,NOMINAL,21202,-1,65535,32,84290,0,0,0
29,follow,none,2.7341,NOMINAL,21203,-1,65535,32,56388,0,0,0
29,follow,none,2.7677,NOMINAL,21204,-1,65535,32,56603,0,0,0
29,follow,none,2.8010,NOMINAL,21205,-1,65535,32,40054,0,0,0
29,follow,none,2.8343,NOMINAL,21206,-1,65535,32,36195,0,0,0
29,follow,none,2.8676,NOMINAL,21207,-1,65535,32,56254,0,0,0
29,follow,none,2.9010,NOMINAL,21208,-1,65535,32,51533,0,0,0
29,follow,none,2.9342,NOMINAL,21209,-1,65535,32,70128,0,0,0
29,follow,none,2.9675,NOMINAL,21210,-1,65535,32,35891,0,0,0
29,follow,none,3.0703,FAILSAFE,21210,-1,65535,33,0,0,0,0
