run,scenario,faults,t_s,state,seq_echo,ttc_ms,threat_id,fault_flags,decision_latency_ns,imu_ax_mg,imu_ay_mg,maneuver
0,approach,none,-0.9982,NOMINAL,17611,-1,65535,0,121426,0,0,0
0,approach,none,-0.9653,NOMINAL,17612,-1,65535,0,52178,0,0,0
0,approach,none,-0.9323,NOMINAL,17613,-1,65535,0,51849,0,0,0
0,approach,none,-0.8989,NOMINAL,17614,-1,65535,0,43321,0,0,0
0,approach,none,-0.8654,NOMINAL,17615,-1,65535,0,49962,0,0,0
0,approach,none,-0.8323,NOMINAL,17616,-1,65535,0,99824,0,0,0
0,approach,none,-0.7990,NOMINAL,17617,-1,65535,0,47555,0,0,0
0,approach,none,-0.7656,NOMINAL,17618,-1,65535,0,64031,0,0,0
0,approach,none,-0.7325,NOMINAL,17619,-1,65535,0,49239,0,0,0
0,approach,none,-0.6990,NOMINAL,17620,-1,65535,0,107187,0,0,0
0,approach,none,-0.6660,NOMINAL,17621,-1,65535,0,61202,0,0,0
0,approach,none,-0.6323,NOMINAL,17622,-1,65535,0,54421,0,0,0
0,approach,none,-0.5992,NOMINAL,17623,-1,65535,0,79669,0,0,0
0,approach,none,-0.5657,NOMINAL,17624,-1,65535,0,46203,0,0,0
0,approach,none,-0.5324,NOMINAL,17625,-1,65535,0,123386,0,0,0
0,approach,none,-0.4991,NOMINAL,17626,-1,65535,0,105026,0,0,0
0,approach,none,-0.4657,NOMINAL,17627,-1,65535,0,45454,0,0,0
0,approach,none,-0.4324,NOMINAL,17628,-1,65535,0,49298,0,0,0
0,approach,none,-0.3991,NOMINAL,17629,-1,65535,0,47005,0,0,0
0,approach,none,-0.3658,NOMINAL,17630,-1,65535,0,46595,0,0,0
0,approach,none,-0.3325,NOMINAL,17631,-1,65535,0,47415,0,0,0
0,approach,none,-0.2990,NOMINAL,17632,-1,65535,0,32196,0,0,0
0,approach,none,-0.2657,NOMINAL,17633,-1,65535,0,107127,0,0,0
0,approach,none,-0.2323,NOMINAL,17634,-1,65535,0,62725,0,0,0
0,approach,none,-0.1991,NOMINAL,17635,-1,65535,0,47506,0,0,0
0,approach,none,-0.1658,NOMINAL,17636,-1,65535,0,29779,0,0,0
0,approach,none,-0.1327,NOMINAL,17637,-1,65535,0,48137,0,0,0
0,approach,none,-0.0992,NOMINAL,17638,-1,65535,0,63376,0,0,0
0,approach,none,-0.0654,NOMINAL,17639,-1,65535,0,63670,0,0,0
0,approach,none,-0.0323,NOMINAL,17640,-1,65535,0,50301,0,0,0
0,approach,none,0.0010,NOMINAL,17641,4000,1,0,63997,0,0,0
0,approach,none,0.0348,NOMINAL,17642,3966,1,0,111788,0,0,0
0,approach,none,0.0679,NOMINAL,17643,3933,1,0,73239,0,0,0
0,approach,none,0.1008,NOMINAL,17644,3900,1,0,37888,0,0,0
0,approach,none,0.1341,NOMINAL,17645,3866,1,0,25588,0,0,0
0,approach,none,0.1677,NOMINAL,17646,3833,1,0,95375,0,0,0
0,approach,none,0.2012,NOMINAL,17647,3800,1,0,59846,0,0,0
0,approach,none,0.2344,NOMINAL,17648,3766,1,0,32531,0,0,0
0,approach,none,0.2674,NOMINAL,17649,3733,1,0,44904,0,0,0
0,approach,none,0.3010,NOMINAL,17650,3700,1,0,37662,0,0,0
0,approach,none,0.3345,NOMINAL,17651,3666,1,0,43371,0,0,0
0,approach,none,0.3677,NOMINAL,17652,3633,1,0,39895,0,0,0
0,approach,none,0.4010,NOMINAL,17653,3600,1,0,41920,0,0,0
0,approach,none,0.4343,NOMINAL,17654,3566,1,0,75454,0,0,0
0,approach,none,0.4676,NOMINAL,17655,3533,1,0,36605,0,0,0
0,approach,none,0.5008,NOMINAL,17656,3500,1,0,16530,0,0,0
0,approach,none,0.5344,NOMINAL,17657,3466,1,0,38397,0,0,0
0,approach,none,0.5676,NOMINAL,17658,3433,1,0,33621,0,0,0
0,approach,none,0.6008,NOMINAL,17659,3400,1,0,38597,0,0,0
0,approach,none,0.6342,NOMINAL,17660,3366,1,0,16219,0,0,0
0,approach,none,0.6675,NOMINAL,17661,3333,1,0,37621,0,0,0
0,approach,none,0.7009,NOMINAL,17662,3300,1,0,85381,0,0,0
0,approach,none,0.7345,NOMINAL,17663,3266,1,0,18021,0,0,0
0,approach,none,0.7674,NOMINAL,17664,3233,1,0,39263,0,0,0
0,approach,none,0.8008,NOMINAL,17665,3200,1,0,44014,0,0,0
0,approach,none,0.8342,NOMINAL,17666,3166,1,0,58563,0,0,0
0,approach,none,0.8676,NOMINAL,17667,3133,1,0,55516,0,0,0
0,approach,none,0.9009,NOMINAL,17668,3100,1,0,53796,0,0,0
0,approach,none,0.9341,NOMINAL,17669,3066,1,0,51621,0,0,0
0,approach,none,0.9676,NOMINAL,17670,3033,1,0,20763,0,0,0
0,approach,none,1.0008,NOMINAL,17671,3000,1,0,36513,0,0,0
0,approach,none,1.0341,NOMINAL,17672,2966,1,0,21763,0,0,0
0,approach,none,1.0676,NOMINAL,17673,2933,1,0,53979,0,0,0
0,approach,none,1.1010,NOMINAL,17674,2900,1,0,114216,0,0,0
0,approach,none,1.1345,NOMINAL,17675,2866,1,0,36589,0,0,0
0,approach,none,1.1677,NOMINAL,17676,2833,1,0,39720,0,0,0
0,approach,none,1.2009,NOMINAL,17677,2800,1,0,55880,0,0,0
0,approach,none,1.2346,NOMINAL,17678,2766,1,0,97478,0,0,0
0,approach,none,1.2674,NOMINAL,17679,2733,1,0,41589,0,0,0
0,approach,none,1.3008,NOMINAL,17680,2700,1,0,37805,0,0,0
0,approach,none,1.3343,NOMINAL,17681,2666,1,0,40911,0,0,0
0,approach,none,1.3675,NOMINAL,17682,2633,1,0,53978,0,0,0
0,approach,none,1.4009,NOMINAL,17683,2600,1,0,40839,0,0,0
0,approach,none,1.4342,NOMINAL,17684,2566,1,0,40270,0,0,0
0,approach,none,1.4672,NOMINAL,17685,2533,1,0,21605,0,0,0
0,approach,none,1.5009,NOMINAL,17686,2500,1,0,44815,0,0,0
0,approach,none,1.5348,CAUTION,17687,2466,1,0,115473,0,0,0
0,approach,none,1.5677,CAUTION,17688,2433,1,0,36885,0,0,0
0,approach,none,1.6011,CAUTION,17689,2400,1,0,41759,0,0,0
0,approach,none,1.6341,CAUTION,17690,2366,1,0,39611,0,0,0
0,approach,none,1.6675,CAUTION,17691,2333,1,0,37844,0,0,0
0,approach,none,1.7009,CAUTION,17692,2300,1,0,96656,0,0,0
0,approach,none,1.7344,CAUTION,17693,2266,1,0,57674,0,0,0
0,approach,none,1.7675,CAUTION,17694,2233,1,0,40361,0,0,0
0,approach,none,1.8008,CAUTION,17695,2200,1,0,42828,0,0,0
0,approach,none,1.8341,CAUTION,17696,2166,1,0,38236,0,0,0
0,approach,none,1.8676,CAUTION,17697,2133,1,0,37719,0,0,0
0,approach,none,1.9010,CAUTION,17698,2100,1,0,138403,0,0,0
0,approach,none,1.9342,CAUTION,17699,2066,1,0,40793,0,0,0
0,approach,none,1.9676,CAUTION,17700,2033,1,0,40469,0,0,0
0,approach,none,2.0007,CAUTION,17701,2000,1,0,42845,0,0,0
0,approach,none,2.0341,CAUTION,17702,1966,1,0,38225,0,0,0
0,approach,none,2.0675,CAUTION,17703,1933,1,0,53741,0,0,0
0,approach,none,2.1009,CAUTION,17704,1900,1,0,119635,0,0,0
0,approach,none,2.1342,CAUTION,17705,1866,1,0,40924,0,0,0
0,approach,none,2.1675,CAUTION,17706,1833,1,0,52399,0,0,0
0,approach,none,2.2010,CAUTION,17707,1800,1,0,59732,0,0,0
0,approach,none,2.2343,CAUTION,17708,1766,1,0,38376,0,0,0
0,approach,none,2.2676,CAUTION,17709,1733,1,0,94626,0,0,0
0,approach,none,2.3011,CAUTION,17710,1700,1,0,38287,0,0,0
0,approach,none,2.3344,CAUTION,17711,1666,1,0,51715,0,0,0
0,approach,none,2.3677,CAUTION,17712,1633,1,0,39974,0,0,0
0,approach,none,2.4008,CAUTION,17713,1600,1,0,39728,0,0,0
0,approach,none,2.4343,CAUTION,17714,1566,1,0,52192,0,0,0
0,approach,none,2.4675,CAUTION,17715,1533,1,0,35943,0,0,0
0,approach,none,2.5010,CAUTION,17716,1500,1,0,39778,0,0,0
0,approach,none,2.5343,CAUTION,17717,1466,1,0,45367,0,0,0
0,approach,none,2.5680,CAUTION,17718,1433,1,0,56924,0,0,0
0,approach,none,2.6012,CAUTION,17719,1400,1,0,62100,0,0,0
0,approach,none,2.6343,CAUTION,17720,1366,1,0,39544,0,0,0
0,approach,none,2.6675,CAUTION,17721,1333,1,0,40724,0,0,0
0,approach,none,2.7008,CAUTION,17722,1300,1,0,42083,0,0,0
0,approach,none,2.7342,CAUTION,17723,1266,1,0,39077,0,0,0
0,approach,none,2.7675,CAUTION,17724,1233,1,0,25610,0,0,0
0,approach,none,2.8010,CAUTION,17725,1200,1,0,38231,0,0,0
0,approach,none,2.8346,WARNING,17726,1166,1,0,89697,0,0,0
0,approach,none,2.8677,WARNING,17727,1133,1,0,44500,0,0,0
0,approach,none,2.9009,WARNING,17728,1100,1,0,42099,0,0,0
0,approach,none,2.9341,WARNING,17729,1066,1,0,15965,0,0,0
0,approach,none,2.9674,WARNING,17730,1033,1,0,17837,0,0,0
0,approach,none,3.0009,WARNING,17731,1000,1,0,73848,0,0,0
0,approach,none,3.0343,WARNING,17732,966,1,0,96591,0,0,0
0,approach,none,3.0672,WARNING,17733,933,1,0,39219,0,0,0
0,approach,none,3.1007,WARNING,17734,900,1,0,57513,0,0,0
0,approach,none,3.1342,WARNING,17735,866,1,0,38305,0,0,0
0,approach,none,3.1675,WARNING,17736,833,1,0,96308,0,0,0
0,approach,none,3.2008,WARNING,17737,800,1,0,40876,0,0,0
0,approach,none,3.2341,WARNING,17738,766,1,0,46961,0,0,0
0,approach,none,3.2674,WARNING,17739,733,1,0,38101,0,0,0
0,approach,none,3.3008,WARNING,17740,700,1,0,44418,0,0,0
0,approach,none,3.3342,WARNING,17741,666,1,0,37805,0,0,0
0,approach,none,3.3676,WARNING,17742,633,1,0,51674,0,0,0
0,approach,none,3.4007,WARNING,17743,600,1,0,26898,0,0,0
0,approach,none,3.4344,WARNING,17744,566,1,0,57922,0,0,0
0,approach,none,3.4674,WARNING,17745,533,1,0,51655,0,0,0
0,approach,none,3.5008,WARNING,17746,500,1,0,98046,0,0,0
0,approach,none,3.5342,WARNING,17747,466,1,0,24184,0,0,0
0,approach,none,3.5676,WARNING,17748,433,1,0,37667,0,0,0
0,approach,none,3.6010,WARNING,17749,400,1,0,45213,0,0,0
0,approach,none,3.6342,WARNING,17750,366,1,0,53097,0,0,0
0,approach,none,3.6675,WARNING,17751,333,1,0,20847,0,0,0
0,approach,none,3.7009,WARNING,17752,300,1,0,57310,0,0,0
0,approach,none,3.7342,WARNING,17753,266,1,0,33047,0,0,0
0,approach,none,3.7677,WARNING,17754,233,1,0,38469,0,0,0
0,approach,none,3.8689,FAILSAFE,17754,-1,65535,1,0,0,0,0
1,stationary,none,-0.9989,FAILSAFE,17755,-1,65535,0,23850,0,0,0
1,stationary,none,-0.9655,FAILSAFE,17756,-1,65535,0,33520,0,0,0
1,stationary,none,-0.9455,FAILSAFE,17756,-1,65535,0,0,0,0,0
1,stationary,none,-0.9324,FAILSAFE,17757,-1,65535,0,55943,0,0,0
1,stationary,none,-0.8990,FAILSAFE,17758,-1,65535,0,28856,0,0,0
1,stationary,none,-0.8658,FAILSAFE,17759,-1,65535,0,33751,0,0,0
1,stationary,none,-0.8457,FAILSAFE,17759,-1,65535,0,0,0,0,0
1,stationary,none,-0.8326,FAILSAFE,17760,-1,65535,0,32195,0,0,0
1,stationary,none,-0.7992,FAILSAFE,17761,-1,65535,0,29989,0,0,0
1,stationary,none,-0.7658,FAILSAFE,17762,-1,65535,0,12268,0,0,0
1,stationary,none,-0.7458,FAILSAFE,17762,-1,65535,0,0,0,0,0
1,stationary,none,-0.7325,FAILSAFE,17763,-1,65535,0,35990,0,0,0
1,stationary,none,-0.6989,NOMINAL,17764,-1,65535,0,92847,0,0,0
1,stationary,none,-0.6658,NOMINAL,17765,-1,65535,0,58441,0,0,0
1,stationary,none,-0.6324,NOMINAL,17766,-1,65535,0,24072,0,0,0
1,stationary,none,-0.5991,NOMINAL,17767,-1,65535,0,19821,0,0,0
1,stationary,none,-0.5657,NOMINAL,17768,-1,65535,0,38324,0,0,0
1,stationary,none,-0.5325,NOMINAL,17769,-1,65535,0,42736,0,0,0
1,stationary,none,-0.4991,NOMINAL,17770,-1,65535,0,19274,0,0,0
1,stationary,none,-0.4658,NOMINAL,17771,-1,65535,0,35852,0,0,0
1,stationary,none,-0.4324,NOMINAL,17772,-1,65535,0,43610,0,0,0
1,stationary,none,-0.3991,NOMINAL,17773,-1,65535,0,39011,0,0,0
1,stationary,none,-0.3659,NOMINAL,17774,-1,65535,0,37968,0,0,0
1,stationary,none,-0.3323,NOMINAL,17775,-1,65535,0,35243,0,0,0
1,stationary,none,-0.2993,NOMINAL,17776,-1,65535,0,40537,0,0,0
1,stationary,none,-0.2658,NOMINAL,17777,-1,65535,0,38669,0,0,0
1,stationary,none,-0.2324,NOMINAL,17778,-1,65535,0,97930,0,0,0
1,stationary,none,-0.1990,NOMINAL,17779,-1,65535,0,60132,0,0,0
1,stationary,none,-0.1656,NOMINAL,17780,-1,65535,0,35762,0,0,0
1,stationary,none,-0.1325,NOMINAL,17781,-1,65535,0,46585,0,0,0
1,stationary,none,-0.0989,NOMINAL,17782,-1,65535,0,39412,0,0,0
1,stationary,none,-0.0658,NOMINAL,17783,-1,65535,0,54011,0,0,0
1,stationary,none,-0.0319,NOMINAL,17784,-1,65535,0,156775,0,0,0
1,stationary,none,0.0011,NOMINAL,17785,-1,65535,0,39471,0,0,0
1,stationary,none,0.0343,NOMINAL,17786,-1,65535,0,43670,0,0,0
1,stationary,none,0.0676,NOMINAL,17787,-1,65535,0,69904,0,0,0
1,stationary,none,0.1009,NOMINAL,17788,-1,65535,0,21829,0,0,0
1,stationary,none,0.1341,NOMINAL,17789,-1,65535,0,20520,0,0,0
1,stationary,none,0.1676,NOMINAL,17790,-1,65535,0,53679,0,0,0
1,stationary,none,0.2010,NOMINAL,17791,-1,65535,0,35978,0,0,0
1,stationary,none,0.2343,NOMINAL,17792,-1,65535,0,37886,0,0,0
1,stationary,none,0.2676,NOMINAL,17793,-1,65535,0,36705,0,0,0
1,stationary,none,0.3011,NOMINAL,17794,-1,65535,0,42577,0,0,0
1,stationary,none,0.3343,NOMINAL,17795,-1,65535,0,36895,0,0,0
1,stationary,none,0.3677,NOMINAL,17796,-1,65535,0,113980,0,0,0
1,stationary,none,0.4011,NOMINAL,17797,-1,65535,0,57633,0,0,0
1,stationary,none,0.4344,NOMINAL,17798,-1,65535,0,40329,0,0,0
1,stationary,none,0.4675,NOMINAL,17799,-1,65535,0,36337,0,0,0
1,stationary,none,0.5008,NOMINAL,17800,-1,65535,0,55960,0,0,0
1,stationary,none,0.5341,NOMINAL,17801,-1,65535,0,39132,0,0,0
1,stationary,none,0.5676,NOMINAL,17802,-1,65535,0,24802,0,0,0
1,stationary,none,0.6010,NOMINAL,17803,-1,65535,0,34219,0,0,0
1,stationary,none,0.6342,NOMINAL,17804,-1,65535,0,54194,0,0,0
1,stationary,none,0.6677,NOMINAL,17805,-1,65535,0,38813,0,0,0
1,stationary,none,0.7010,NOMINAL,17806,-1,65535,0,40718,0,0,0
1,stationary,none,0.7342,NOMINAL,17807,-1,65535,0,37744,0,0,0
1,stationary,none,0.7675,NOMINAL,17808,-1,65535,0,95025,0,0,0
1,stationary,none,0.8010,NOMINAL,17809,-1,65535,0,53803,0,0,0
1,stationary,none,0.8343,NOMINAL,17810,-1,65535,0,20844,0,0,0
1,stationary,none,0.8676,NOMINAL,17811,-1,65535,0,37936,0,0,0
1,stationary,none,0.9009,NOMINAL,17812,-1,65535,0,35414,0,0,0
1,stationary,none,0.9343,NOMINAL,17813,-1,65535,0,39661,0,0,0
1,stationary,none,0.9675,NOMINAL,17814,-1,65535,0,39153,0,0,0
1,stationary,none,1.0009,NOMINAL,17815,-1,65535,0,44379,0,0,0
1,stationary,none,1.0346,NOMINAL,17816,-1,65535,0,41802,0,0,0
1,stationary,none,1.0677,NOMINAL,17817,-1,65535,0,53320,0,0,0
1,stationary,none,1.1008,NOMINAL,17818,-1,65535,0,38219,0,0,0
1,stationary,none,1.1342,NOMINAL,17819,-1,65535,0,97391,0,0,0
1,stationary,none,1.1676,NOMINAL,17820,-1,65535,0,54084,0,0,0
1,stationary,none,1.2009,NOMINAL,17821,-1,65535,0,35951,0,0,0
1,stationary,none,1.2342,NOMINAL,17822,-1,65535,0,37428,0,0,0
1,stationary,none,1.2678,NOMINAL,17823,-1,65535,0,90821,0,0,0
1,stationary,none,1.3009,NOMINAL,17824,-1,65535,0,36718,0,0,0
1,stationary,none,1.3341,NOMINAL,17825,-1,65535,0,39787,0,0,0
1,stationary,none,1.3676,NOMINAL,17826,-1,65535,0,23561,0,0,0
1,stationary,none,1.4009,NOMINAL,17827,-1,65535,0,38659,0,0,0
1,stationary,none,1.4344,NOMINAL,17828,-1,65535,0,38111,0,0,0
1,stationary,none,1.4678,NOMINAL,17829,-1,65535,0,37678,0,0,0
1,stationary,none,1.5009,NOMINAL,17830,-1,65535,0,41179,0,0,0
1,stationary,none,1.5341,NOMINAL,17831,-1,65535,0,38161,0,0,0
1,stationary,none,1.5676,NOMINAL,17832,-1,65535,0,39029,0,0,0
1,stationary,none,1.6009,NOMINAL,17833,-1,65535,0,96011,0,0,0
1,stationary,none,1.6342,NOMINAL,17834,-1,65535,0,39745,0,0,0
1,stationary,none,1.6677,NOMINAL,17835,-1,65535,0,39390,0,0,0
1,stationary,none,1.7009,NOMINAL,17836,-1,65535,0,58763,0,0,0
1,stationary,none,1.7343,NOMINAL,17837,-1,65535,0,52264,0,0,0
1,stationary,none,1.7675,NOMINAL,17838,-1,65535,0,37985,0,0,0
1,stationary,none,1.8008,NOMINAL,17839,-1,65535,0,60530,0,0,0
1,stationary,none,1.8343,NOMINAL,17840,-1,65535,0,38719,0,0,0
1,stationary,none,1.8676,NOMINAL,17841,-1,65535,0,40578,0,0,0
1,stationary,none,1.9009,NOMINAL,17842,-1,65535,0,38594,0,0,0
1,stationary,none,1.9343,NOMINAL,17843,-1,65535,0,36485,0,0,0
1,stationary,none,1.9678,NOMINAL,17844,-1,65535,0,37362,0,0,0
1,stationary,none,2.0010,NOMINAL,17845,-1,65535,0,41966,0,0,0
1,stationary,none,2.0342,NOMINAL,17846,-1,65535,0,21442,0,0,0
1,stationary,none,2.0677,NOMINAL,17847,-1,65535,0,111466,0,0,0
1,stationary,none,2.1010,NOMINAL,17848,-1,65535,0,39041,0,0,0
1,stationary,none,2.1344,NOMINAL,17849,-1,65535,0,108837,0,0,0
1,stationary,none,2.1675,NOMINAL,17850,-1,65535,0,42640,0,0,0
1,stationary,none,2.2009,NOMINAL,17851,-1,65535,0,27397,0,0,0
1,stationary,none,2.2343,NOMINAL,17852,-1,65535,0,98803,0,0,0
1,stationary,none,2.2675,NOMINAL,17853,-1,65535,0,20182,0,0,0
1,stationary,none,2.3008,NOMINAL,17854,-1,65535,0,42850,0,0,0
1,stationary,none,2.3343,NOMINAL,17855,-1,65535,0,39219,0,0,0
1,stationary,none,2.3675,NOMINAL,17856,-1,65535,0,21001,0,0,0
1,stationary,none,2.4009,NOMINAL,17857,-1,65535,0,42475,0,0,0
1,stationary,none,2.4343,NOMINAL,17858,-1,65535,0,39407,0,0,0
1,stationary,none,2.4676,NOMINAL,17859,-1,65535,0,20411,0,0,0
1,stationary,none,2.5007,NOMINAL,17860,-1,65535,0,41470,0,0,0
1,stationary,none,2.5341,NOMINAL,17861,-1,65535,0,39779,0,0,0
1,stationary,none,2.5675,NOMINAL,17862,-1,65535,0,35071,0,0,0
1,stationary,none,2.6008,NOMINAL,17863,-1,65535,0,24596,0,0,0
1,stationary,none,2.6344,NOMINAL,17864,-1,65535,0,37312,0,0,0
1,stationary,none,2.6676,NOMINAL,17865,-1,65535,0,40586,0,0,0
1,stationary,none,2.7009,NOMINAL,17866,-1,65535,0,43236,0,0,0
1,stationary,none,2.7344,NOMINAL,17867,-1,65535,0,25370,0,0,0
1,stationary,none,2.7675,NOMINAL,17868,-1,65535,0,38004,0,0,0
1,stationary,none,2.8009,NOMINAL,17869,-1,65535,0,37920,0,0,0
1,stationary,none,2.8342,NOMINAL,17870,-1,65535,0,33261,0,0,0
1,stationary,none,2.8676,NOMINAL,17871,-1,65535,0,37753,0,0,0
1,stationary,none,2.9007,NOMINAL,17872,-1,65535,0,83862,0,0,0
1,stationary,none,2.9342,NOMINAL,17873,-1,65535,0,112593,0,0,0
1,stationary,none,2.9677,NOMINAL,17874,-1,65535,0,57278,0,0,0
1,stationary,none,3.0683,FAILSAFE,17874,-1,65535,1,0,0,0,0
2,cut_in,none,-0.9988,FAILSAFE,17875,-1,65535,0,114366,0,0,0
2,cut_in,none,-0.9658,FAILSAFE,17876,-1,65535,0,16629,0,0,0
2,cut_in,none,-0.9458,FAILSAFE,17876,-1,65535,0,0,0,0,0
2,cut_in,none,-0.9324,FAILSAFE,17877,-1,65535,0,97122,0,0,0
2,cut_in,none,-0.8993,FAILSAFE,17878,-1,65535,0,30711,0,0,0
2,cut_in,none,-0.8657,FAILSAFE,17879,-1,65535,0,34170,0,0,0
2,cut_in,none,-0.8457,FAILSAFE,17879,-1,65535,0,0,0,0,0
2,cut_in,none,-0.8324,FAILSAFE,17880,-1,65535,0,71023,0,0,0
2,cut_in,none,-0.7992,FAILSAFE,17881,-1,65535,0,31135,0,0,0
2,cut_in,none,-0.7660,FAILSAFE,17882,-1,65535,0,49395,0,0,0
2,cut_in,none,-0.7326,FAILSAFE,17883,-1,65535,0,41756,0,0,0
2,cut_in,none,-0.7126,FAILSAFE,17883,-1,65535,0,0,0,0,0
2,cut_in,none,-0.6990,NOMINAL,17884,-1,65535,0,102371,0,0,0
2,cut_in,none,-0.6655,NOMINAL,17885,-1,65535,0,20085,0,0,0
2,cut_in,none,-0.6324,NOMINAL,17886,-1,65535,0,61074,0,0,0
2,cut_in,none,-0.5992,NOMINAL,17887,-1,65535,0,19936,0,0,0
2,cut_in,none,-0.5657,NOMINAL,17888,-1,65535,0,25870,0,0,0
2,cut_in,none,-0.5324,NOMINAL,17889,-1,65535,0,27195,0,0,0
2,cut_in,none,-0.4989,NOMINAL,17890,-1,65535,0,55711,0,0,0
2,cut_in,none,-0.4657,NOMINAL,17891,-1,65535,0,36227,0,0,0
2,cut_in,none,-0.4325,NOMINAL,17892,-1,65535,0,41297,0,0,0
2,cut_in,none,-0.3991,NOMINAL,17893,-1,65535,0,115776,0,0,0
2,cut_in,none,-0.3658,NOMINAL,17894,-1,65535,0,38024,0,0,0
2,cut_in,none,-0.3326,NOMINAL,17895,-1,65535,0,39785,0,0,0
2,cut_in,none,-0.2991,NOMINAL,17896,-1,65535,0,39112,0,0,0
2,cut_in,none,-0.2657,NOMINAL,17897,-1,65535,0,39435,0,0,0
2,cut_in,none,-0.2326,NOMINAL,17898,-1,65535,0,54069,0,0,0
2,cut_in,none,-0.1992,NOMINAL,17899,-1,65535,0,36237,0,0,0
2,cut_in,none,-0.1659,NOMINAL,17900,-1,65535,0,35726,0,0,0
2,cut_in,none,-0.1323,NOMINAL,17901,-1,65535,0,59307,0,0,0
2,cut_in,none,-0.0992,NOMINAL,17902,-1,65535,0,39786,0,0,0
2,cut_in,none,-0.0658,NOMINAL,17903,-1,65535,0,77612,0,0,0
2,cut_in,none,-0.0320,NOMINAL,17904,-1,65535,0,58860,0,0,0
2,cut_in,none,0.0009,NOMINAL,17905,-1,65535,0,37331,0,0,0
2,cut_in,none,0.0343,NOMINAL,17906,-1,65535,0,96970,0,0,0
2,cut_in,none,0.0675,NOMINAL,17907,-1,65535,0,60067,0,0,0
2,cut_in,none,0.1008,NOMINAL,17908,-1,65535,0,21427,0,0,0
2,cut_in,none,0.1342,NOMINAL,17909,-1,65535,0,19747,0,0,0
2,cut_in,none,0.1674,NOMINAL,17910,-1,65535,0,37690,0,0,0
2,cut_in,none,0.2009,NOMINAL,17911,-1,65535,0,41835,0,0,0
2,cut_in,none,0.2342,NOMINAL,17912,-1,65535,0,40312,0,0,0
2,cut_in,none,0.2675,NOMINAL,17913,-1,65535,0,41132,0,0,0
2,cut_in,none,0.3010,NOMINAL,17914,-1,65535,0,36871,0,0,0
2,cut_in,none,0.3343,NOMINAL,17915,-1,65535,0,38453,0,0,0
2,cut_in,none,0.3676,NOMINAL,17916,-1,65535,0,49683,0,0,0
2,cut_in,none,0.4011,NOMINAL,17917,-1,65535,0,115990,0,0,0
2,cut_in,none,0.4342,NOMINAL,17918,-1,65535,0,41488,0,0,0
2,cut_in,none,0.4675,NOMINAL,17919,-1,65535,0,39682,0,0,0
2,cut_in,none,0.5008,NOMINAL,17920,2666,7,0,20306,0,0,0
2,cut_in,none,0.5342,NOMINAL,17921,2633,7,0,42521,0,0,0
2,cut_in,none,0.5678,NOMINAL,17922,2600,7,0,105618,0,0,0
2,cut_in,none,0.6010,NOMINAL,17923,2566,7,0,25683,0,0,0
2,cut_in,none,0.6345,NOMINAL,17924,2533,7,0,96809,0,0,0
2,cut_in,none,0.6676,NOMINAL,17925,2500,7,0,45014,0,0,0
2,cut_in,none,0.7014,CAUTION,17926,2466,7,0,93684,0,0,0
2,cut_in,none,0.7342,CAUTION,17927,2433,7,0,38700,0,0,0
2,cut_in,none,0.7676,CAUTION,17928,2400,7,0,40458,0,0,0
2,cut_in,none,0.8009,CAUTION,17929,2366,7,0,39363,0,0,0
2,cut_in,none,0.8342,CAUTION,17930,2333,7,0,51726,0,0,0
2,cut_in,none,0.8676,CAUTION,17931,2300,7,0,77909,0,0,0
2,cut_in,none,0.9007,CAUTION,17932,2266,7,0,31963,0,0,0
2,cut_in,none,0.9342,CAUTION,17933,2233,7,0,39975,0,0,0
2,cut_in,none,0.9674,CAUTION,17934,2200,7,0,18684,0,0,0
2,cut_in,none,1.0010,CAUTION,17935,2166,7,0,114884,0,0,0
2,cut_in,none,1.0341,CAUTION,17936,2133,7,0,39449,0,0,0
2,cut_in,none,1.0676,CAUTION,17937,2100,7,0,39568,0,0,0
2,cut_in,none,1.1010,CAUTION,17938,2066,7,0,104321,0,0,0
2,cut_in,none,1.1341,CAUTION,17939,2033,7,0,60492,0,0,0
2,cut_in,none,1.1676,CAUTION,17940,2000,7,0,55051,0,0,0
2,cut_in,none,1.2009,CAUTION,17941,1966,7,0,36143,0,0,0
2,cut_in,none,1.2340,CAUTION,17942,1933,7,0,40393,0,0,0
2,cut_in,none,1.2675,CAUTION,17943,1900,7,0,43243,0,0,0
2,cut_in,none,1.3010,CAUTION,17944,1866,7,0,58922,0,0,0
2,cut_in,none,1.3342,CAUTION,17945,1833,7,0,35479,0,0,0
2,cut_in,none,1.3678,CAUTION,17946,1800,7,0,96745,0,0,0
2,cut_in,none,1.4009,CAUTION,17947,1766,7,0,51628,0,0,0
2,cut_in,none,1.4341,CAUTION,17948,1733,7,0,56626,0,0,0
2,cut_in,none,1.4675,CAUTION,17949,1700,7,0,54613,0,0,0
2,cut_in,none,1.5008,CAUTION,17950,1666,7,0,35992,0,0,0
2,cut_in,none,1.5343,CAUTION,17951,1633,7,0,56201,0,0,0
2,cut_in,none,1.5676,CAUTION,17952,1600,7,0,39510,0,0,0
2,cut_in,none,1.6009,CAUTION,17953,1566,7,0,41764,0,0,0
2,cut_in,none,1.6342,CAUTION,17954,1533,7,0,39442,0,0,0
2,cut_in,none,1.6675,CAUTION,17955,1500,7,0,38883,0,0,0
2,cut_in,none,1.7009,CAUTION,17956,1466,7,0,42025,0,0,0
2,cut_in,none,1.7346,CAUTION,17957,1433,7,0,87685,0,0,0
2,cut_in,none,1.7678,CAUTION,17958,1400,7,0,35748,0,0,0
2,cut_in,none,1.8011,CAUTION,17959,1366,7,0,101678,0,0,0
2,cut_in,none,1.8341,CAUTION,17960,1333,7,0,41009,0,0,0
2,cut_in,none,1.8675,CAUTION,17961,1300,7,0,38300,0,0,0
2,cut_in,none,1.9009,CAUTION,17962,1266,7,0,74147,0,0,0
2,cut_in,none,1.9343,CAUTION,17963,1233,7,0,31563,0,0,0
2,cut_in,none,1.9675,CAUTION,17964,1200,7,0,38771,0,0,0
2,cut_in,none,2.0014,WARNING,17965,1166,7,0,129238,0,0,0
2,cut_in,none,2.0342,WARNING,17966,1133,7,0,34179,0,0,0
2,cut_in,none,2.0676,WARNING,17967,1100,7,0,32094,0,0,0
2,cut_in,none,2.1007,WARNING,17968,1066,7,0,39834,0,0,0
2,cut_in,none,2.1343,WARNING,17969,1033,7,0,71196,0,0,0
2,cut_in,none,2.1677,WARNING,17970,1000,7,0,37746,0,0,0
2,cut_in,none,2.2009,WARNING,17971,966,7,0,38146,0,0,0
2,cut_in,none,2.2341,WARNING,17972,933,7,0,35812,0,0,0
2,cut_in,none,2.2675,WARNING,17973,900,7,0,51788,0,0,0
2,cut_in,none,2.3008,WARNING,17974,866,7,0,24838,0,0,0
2,cut_in,none,2.3342,WARNING,17975,833,7,0,55958,0,0,0
2,cut_in,none,2.3675,WARNING,17976,800,7,0,35688,0,0,0
2,cut_in,none,2.4682,FAILSAFE,17976,-1,65535,1,0,0,0,0
3,lateral_pass,none,-0.9991,FAILSAFE,17977,-1,65535,0,17637,0,0,0
3,lateral_pass,none,-0.9658,FAILSAFE,17978,-1,65535,0,12821,0,0,0
3,lateral_pass,none,-0.9459,FAILSAFE,17978,-1,65535,0,0,0,0,0
3,lateral_pass,none,-0.9325,FAILSAFE,17979,-1,65535,0,29988,0,0,0
3,lateral_pass,none,-0.8991,FAILSAFE,17980,-1,65535,0,92775,0,0,0
3,lateral_pass,none,-0.8659,FAILSAFE,17981,-1,65535,0,29907,0,0,0
3,lateral_pass,none,-0.8458,FAILSAFE,17981,-1,65535,0,0,0,0,0
3,lateral_pass,none,-0.8325,FAILSAFE,17982,-1,65535,0,33029,0,0,0
3,lateral_pass,none,-0.7991,FAILSAFE,17983,-1,65535,0,35177,0,0,0
3,lateral_pass,none,-0.7659,FAILSAFE,17984,-1,65535,0,30771,0,0,0
3,lateral_pass,none,-0.7458,FAILSAFE,17984,-1,65535,0,0,0,0,0
3,lateral_pass,none,-0.7326,FAILSAFE,17985,-1,65535,0,50788,0,0,0
3,lateral_pass,none,-0.6990,NOMINAL,17986,-1,65535,0,103085,0,0,0
3,lateral_pass,none,-0.6658,NOMINAL,17987,-1,65535,0,43267,0,0,0
3,lateral_pass,none,-0.6325,NOMINAL,17988,-1,65535,0,52420,0,0,0
3,lateral_pass,none,-0.5990,NOMINAL,17989,-1,65535,0,58430,0,0,0
3,lateral_pass,none,-0.5658,NOMINAL,17990,-1,65535,0,97400,0,0,0
3,lateral_pass,none,-0.5325,NOMINAL,17991,-1,65535,0,97512,0,0,0
3,lateral_pass,none,-0.4986,NOMINAL,17992,-1,65535,0,114312,0,0,0
3,lateral_pass,none,-0.4656,NOMINAL,17993,-1,65535,0,42565,0,0,0
3,lateral_pass,none,-0.4321,NOMINAL,17994,-1,65535,0,142520,0,0,0
3,lateral_pass,none,-0.3991,NOMINAL,17995,-1,65535,0,44790,0,0,0
3,lateral_pass,none,-0.3658,NOMINAL,17996,-1,65535,0,47102,0,0,0
3,lateral_pass,none,-0.3323,NOMINAL,17997,-1,65535,0,30906,0,0,0
3,lateral_pass,none,-0.2993,NOMINAL,17998,-1,65535,0,80974,0,0,0
3,lateral_pass,none,-0.2659,NOMINAL,17999,-1,65535,0,20351,0,0,0
3,lateral_pass,none,-0.2326,NOMINAL,18000,-1,65535,0,52214,0,0,0
3,lateral_pass,none,-0.1992,NOMINAL,18001,-1,65535,0,42007,0,0,0
3,lateral_pass,none,-0.1658,NOMINAL,18002,-1,65535,0,55057,0,0,0
3,lateral_pass,none,-0.1326,NOMINAL,18003,-1,65535,0,55364,0,0,0
3,lateral_pass,none,-0.0992,NOMINAL,18004,-1,65535,0,55806,0,0,0
3,lateral_pass,none,-0.0657,NOMINAL,18005,-1,65535,0,34873,0,0,0
3,lateral_pass,none,-0.0325,NOMINAL,18006,-1,65535,0,40313,0,0,0
3,lateral_pass,none,0.0010,NOMINAL,18007,-1,65535,0,42297,0,0,0
3,lateral_pass,none,0.0341,NOMINAL,18008,-1,65535,0,51876,0,0,0
3,lateral_pass,none,0.0674,NOMINAL,18009,-1,65535,0,21181,0,0,0
3,lateral_pass,none,0.1007,NOMINAL,18010,-1,65535,0,41894,0,0,0
3,lateral_pass,none,0.1342,NOMINAL,18011,-1,65535,0,54714,0,0,0
3,lateral_pass,none,0.1675,NOMINAL,18012,-1,65535,0,53724,0,0,0
3,lateral_pass,none,0.2009,NOMINAL,18013,-1,65535,0,25794,0,0,0
3,lateral_pass,none,0.2342,NOMINAL,18014,-1,65535,0,35726,0,0,0
3,lateral_pass,none,0.2674,NOMINAL,18015,-1,65535,0,51831,0,0,0
3,lateral_pass,none,0.3008,NOMINAL,18016,-1,65535,0,43565,0,0,0
3,lateral_pass,none,0.3341,NOMINAL,18017,-1,65535,0,52704,0,0,0
3,lateral_pass,none,0.3675,NOMINAL,18018,-1,65535,0,38290,0,0,0
3,lateral_pass,none,0.4008,NOMINAL,18019,-1,65535,0,39574,0,0,0
3,lateral_pass,none,0.4342,NOMINAL,18020,-1,65535,0,37457,0,0,0
3,lateral_pass,none,0.4674,NOMINAL,18021,-1,65535,0,52622,0,0,0
3,lateral_pass,none,0.5007,NOMINAL,18022,-1,65535,0,41116,0,0,0
3,lateral_pass,none,0.5341,NOMINAL,18023,-1,65535,0,52363,0,0,0
3,lateral_pass,none,0.5674,NOMINAL,18024,-1,65535,0,38710,0,0,0
3,lateral_pass,none,0.6010,NOMINAL,18025,-1,65535,0,46157,0,0,0
3,lateral_pass,none,0.6343,NOMINAL,18026,-1,65535,0,50190,0,0,0
3,lateral_pass,none,0.6675,NOMINAL,18027,-1,65535,0,52826,0,0,0
3,lateral_pass,none,0.7008,NOMINAL,18028,-1,65535,0,63372,0,0,0
3,lateral_pass,none,0.7343,NOMINAL,18029,-1,65535,0,53547,0,0,0
3,lateral_pass,none,0.7675,NOMINAL,18030,-1,65535,0,37972,0,0,0
3,lateral_pass,none,0.8008,NOMINAL,18031,-1,65535,0,61159,0,0,0
3,lateral_pass,none,0.8342,NOMINAL,18032,-1,65535,0,37131,0,0,0
3,lateral_pass,none,0.8676,NOMINAL,18033,-1,65535,0,51031,0,0,0
3,lateral_pass,none,0.9010,NOMINAL,18034,-1,65535,0,42611,0,0,0
3,lateral_pass,none,0.9341,NOMINAL,18035,-1,65535,0,37430,0,0,0
3,lateral_pass,none,0.9675,NOMINAL,18036,-1,65535,0,51364,0,0,0
3,lateral_pass,none,1.0008,NOMINAL,18037,-1,65535,0,42391,0,0,0
3,lateral_pass,none,1.0343,NOMINAL,18038,-1,65535,0,40298,0,0,0
3,lateral_pass,none,1.0675,NOMINAL,18039,-1,65535,0,54365,0,0,0
3,lateral_pass,none,1.1010,NOMINAL,18040,-1,65535,0,62224,0,0,0
3,lateral_pass,none,1.1342,NOMINAL,18041,-1,65535,0,23347,0,0,0
3,lateral_pass,none,1.1674,NOMINAL,18042,-1,65535,0,50651,0,0,0
3,lateral_pass,none,1.2008,NOMINAL,18043,-1,65535,0,52006,0,0,0
3,lateral_pass,none,1.2341,NOMINAL,18044,-1,65535,0,48364,0,0,0
3,lateral_pass,none,1.2674,NOMINAL,18045,-1,65535,0,36102,0,0,0
3,lateral_pass,none,1.3007,NOMINAL,18046,-1,65535,0,43813,0,0,0
3,lateral_pass,none,1.3342,NOMINAL,18047,-1,65535,0,35864,0,0,0
3,lateral_pass,none,1.3674,NOMINAL,18048,-1,65535,0,48761,0,0,0
3,lateral_pass,none,1.4008,NOMINAL,18049,-1,65535,0,43833,0,0,0
3,lateral_pass,none,1.4341,NOMINAL,18050,-1,65535,0,36688,0,0,0
3,lateral_pass,none,1.4674,NOMINAL,18051,-1,65535,0,35712,0,0,0
3,lateral_pass,none,1.5007,NOMINAL,18052,-1,65535,0,40466,0,0,0
3,lateral_pass,none,1.5342,NOMINAL,18053,-1,65535,0,56892,0,0,0
3,lateral_pass,none,1.5675,NOMINAL,18054,-1,65535,0,40925,0,0,0
3,lateral_pass,none,1.6008,NOMINAL,18055,-1,65535,0,62794,0,0,0
3,lateral_pass,none,1.6339,NOMINAL,18056,-1,65535,0,38410,0,0,0
3,lateral_pass,none,1.6676,NOMINAL,18057,-1,65535,0,55172,0,0,0
3,lateral_pass,none,1.7009,NOMINAL,18058,-1,65535,0,41423,0,0,0
3,lateral_pass,none,1.7342,NOMINAL,18059,-1,65535,0,38380,0,0,0
3,lateral_pass,none,1.7675,NOMINAL,18060,-1,65535,0,36799,0,0,0
3,lateral_pass,none,1.8691,FAILSAFE,18060,-1,65535,1,0,0,0,0
4,follow,none,-0.9990,FAILSAFE,18061,-1,65535,0,63575,0,0,0
4,follow,none,-0.9658,FAILSAFE,18062,-1,65535,0,32019,0,0,0
4,follow,none,-0.9457,FAILSAFE,18062,-1,65535,0,0,0,0,0
4,follow,none,-0.9325,FAILSAFE,18063,-1,65535,0,65580,0,0,0
4,follow,none,-0.8991,FAILSAFE,18064,-1,65535,0,52708,0,0,0
4,follow,none,-0.8659,FAILSAFE,18065,-1,65535,0,33030,0,0,0
4,follow,none,-0.8457,FAILSAFE,18065,-1,65535,0,0,0,0,0
4,follow,none,-0.8325,FAILSAFE,18066,-1,65535,0,77158,0,0,0
4,follow,none,-0.7992,FAILSAFE,18067,-1,65535,0,110681,0,0,0
4,follow,none,-0.7658,FAILSAFE,18068,-1,65535,0,31502,0,0,0
4,follow,none,-0.7459,FAILSAFE,18068,-1,65535,0,0,0,0,0
4,follow,none,-0.7324,FAILSAFE,18069,-1,65535,0,65295,0,0,0
4,follow,none,-0.6986,NOMINAL,18070,-1,65535,0,121734,0,0,0
4,follow,none,-0.6656,NOMINAL,18071,-1,65535,0,39014,0,0,0
4,follow,none,-0.6324,NOMINAL,18072,-1,65535,0,100278,0,0,0
4,follow,none,-0.5991,NOMINAL,18073,-1,65535,0,38866,0,0,0
4,follow,none,-0.5659,NOMINAL,18074,-1,65535,0,38827,0,0,0
4,follow,none,-0.5326,NOMINAL,18075,-1,65535,0,51727,0,0,0
4,follow,none,-0.4991,NOMINAL,18076,-1,65535,0,80615,0,0,0
4,follow,none,-0.4658,NOMINAL,18077,-1,65535,0,36957,0,0,0
4,follow,none,-0.4324,NOMINAL,18078,-1,65535,0,37862,0,0,0
4,follow,none,-0.3992,NOMINAL,18079,-1,65535,0,41375,0,0,0
4,follow,none,-0.3658,NOMINAL,18080,-1,65535,0,98754,0,0,0
4,follow,none,-0.3327,NOMINAL,18081,-1,65535,0,56028,0,0,0
4,follow,none,-0.2993,NOMINAL,18082,-1,65535,0,23067,0,0,0
4,follow,none,-0.2658,NOMINAL,18083,-1,65535,0,116721,0,0,0
4,follow,none,-0.2326,NOMINAL,18084,-1,65535,0,69250,0,0,0
4,follow,none,-0.1992,NOMINAL,18085,-1,65535,0,24226,0,0,0
4,follow,none,-0.1658,NOMINAL,18086,-1,65535,0,40919,0,0,0
4,follow,none,-0.1325,NOMINAL,18087,-1,65535,0,19078,0,0,0
4,follow,none,-0.0993,NOMINAL,18088,-1,65535,0,23323,0,0,0
4,follow,none,-0.0657,NOMINAL,18089,-1,65535,0,51604,0,0,0
4,follow,none,-0.0316,NOMINAL,18090,-1,65535,0,205099,0,0,0
4,follow,none,0.0012,NOMINAL,18091,-1,65535,0,109052,0,0,0
4,follow,none,0.0344,NOMINAL,18092,-1,65535,0,44891,0,0,0
4,follow,none,0.0676,NOMINAL,18093,-1,65535,0,39350,0,0,0
4,follow,none,0.1009,NOMINAL,18094,-1,65535,0,40820,0,0,0
4,follow,none,0.1343,NOMINAL,18095,-1,65535,0,109953,0,0,0
4,follow,none,0.1674,NOMINAL,18096,-1,65535,0,38396,0,0,0
4,follow,none,0.2009,NOMINAL,18097,-1,65535,0,83395,0,0,0
4,follow,none,0.2342,NOMINAL,18098,-1,65535,0,36537,0,0,0
4,follow,none,0.2676,NOMINAL,18099,-1,65535,0,38628,0,0,0
4,follow,none,0.3008,NOMINAL,18100,-1,65535,0,44181,0,0,0
4,follow,none,0.3343,NOMINAL,18101,-1,65535,0,37440,0,0,0
4,follow,none,0.3675,NOMINAL,18102,-1,65535,0,54756,0,0,0
4,follow,none,0.4008,NOMINAL,18103,-1,65535,0,22538,0,0,0
4,follow,none,0.4344,NOMINAL,18104,-1,65535,0,99720,0,0,0
4,follow,none,0.4675,NOMINAL,18105,-1,65535,0,42740,0,0,0
4,follow,none,0.5009,NOMINAL,18106,-1,65535,0,40113,0,0,0
4,follow,none,0.5341,NOMINAL,18107,-1,65535,0,41186,0,0,0
4,follow,none,0.5676,NOMINAL,18108,-1,65535,0,57378,0,0,0
4,follow,none,0.6010,NOMINAL,18109,-1,65535,0,42204,0,0,0
4,follow,none,0.6342,NOMINAL,18110,-1,65535,0,42288,0,0,0
4,follow,none,0.6675,NOMINAL,18111,-1,65535,0,56135,0,0,0
4,follow,none,0.7010,NOMINAL,18112,-1,65535,0,56388,0,0,0
4,follow,none,0.7342,NOMINAL,18113,-1,65535,0,39294,0,0,0
4,follow,none,0.7677,NOMINAL,18114,-1,65535,0,38994,0,0,0
4,follow,none,0.8008,NOMINAL,18115,-1,65535,0,43455,0,0,0
4,follow,none,0.8340,NOMINAL,18116,-1,65535,0,39360,0,0,0
4,follow,none,0.8675,NOMINAL,18117,-1,65535,0,39337,0,0,0
4,follow,none,0.9010,NOMINAL,18118,-1,65535,0,58922,0,0,0
4,follow,none,0.9341,NOMINAL,18119,-1,65535,0,56546,0,0,0
4,follow,none,0.9675,NOMINAL,18120,-1,65535,0,40053,0,0,0
4,follow,none,1.0008,NOMINAL,18121,-1,65535,0,53572,0,0,0
4,follow,none,1.0342,NOMINAL,18122,-1,65535,0,37214,0,0,0
4,follow,none,1.0675,NOMINAL,18123,-1,65535,0,37719,0,0,0
4,follow,none,1.1010,NOMINAL,18124,-1,65535,0,42087,0,0,0
4,follow,none,1.1342,NOMINAL,18125,-1,65535,0,56387,0,0,0
4,follow,none,1.1677,NOMINAL,18126,-1,65535,0,58452,0,0,0
4,follow,none,1.2009,NOMINAL,18127,-1,65535,0,37352,0,0,0
4,follow,none,1.2342,NOMINAL,18128,-1,65535,0,37553,0,0,0
4,follow,none,1.2677,NOMINAL,18129,-1,65535,0,20452,0,0,0
4,follow,none,1.3009,NOMINAL,18130,-1,65535,0,43296,0,0,0
4,follow,none,1.3342,NOMINAL,18131,-1,65535,0,21485,0,0,0
4,follow,none,1.3675,NOMINAL,18132,-1,65535,0,97301,0,0,0
4,follow,none,1.4009,NOMINAL,18133,-1,65535,0,45512,0,0,0
4,follow,none,1.4344,NOMINAL,18134,-1,65535,0,39645,0,0,0
4,follow,none,1.4675,NOMINAL,18135,-1,65535,0,36011,0,0,0
4,follow,none,1.5008,NOMINAL,18136,-1,65535,0,40753,0,0,0
4,follow,none,1.5342,NOMINAL,18137,-1,65535,0,57444,0,0,0
4,follow,none,1.5675,NOMINAL,18138,-1,65535,0,40554,0,0,0
4,follow,none,1.6009,NOMINAL,18139,-1,65535,0,45713,0,0,0
4,follow,none,1.6343,NOMINAL,18140,-1,65535,0,82050,0,0,0
4,follow,none,1.6674,NOMINAL,18141,-1,65535,0,35186,0,0,0
4,follow,none,1.7009,NOMINAL,18142,-1,65535,0,42681,0,0,0
4,follow,none,1.7343,NOMINAL,18143,-1,65535,0,95788,0,0,0
4,follow,none,1.7673,NOMINAL,18144,-1,65535,0,56694,0,0,0
4,follow,none,1.8009,NOMINAL,18145,-1,65535,0,44651,0,0,0
4,follow,none,1.8342,NOMINAL,18146,-1,65535,0,39306,0,0,0
4,follow,none,1.8676,NOMINAL,18147,-1,65535,0,39204,0,0,0
4,follow,none,1.9008,NOMINAL,18148,-1,65535,0,27590,0,0,0
4,follow,none,1.9342,NOMINAL,18149,-1,65535,0,36588,0,0,0
4,follow,none,1.9675,NOMINAL,18150,-1,65535,0,41638,0,0,0
4,follow,none,2.0008,NOMINAL,18151,-1,65535,0,22363,0,0,0
4,follow,none,2.0341,NOMINAL,18152,-1,65535,0,37996,0,0,0
4,follow,none,2.0675,NOMINAL,18153,-1,65535,0,36996,0,0,0
4,follow,none,2.1007,NOMINAL,18154,-1,65535,0,42377,0,0,0
4,follow,none,2.1342,NOMINAL,18155,-1,65535,0,56323,0,0,0
4,follow,none,2.1674,NOMINAL,18156,-1,65535,0,51180,0,0,0
4,follow,none,2.2008,NOMINAL,18157,-1,65535,0,43023,0,0,0
4,follow,none,2.2342,NOMINAL,18158,-1,65535,0,54838,0,0,0
4,follow,none,2.2675,NOMINAL,18159,-1,65535,0,51153,0,0,0
4,follow,none,2.3008,NOMINAL,18160,-1,65535,0,38581,0,0,0
4,follow,none,2.3342,NOMINAL,18161,-1,65535,0,36570,0,0,0
4,follow,none,2.3675,NOMINAL,18162,-1,65535,0,96091,0,0,0
4,follow,none,2.4010,NOMINAL,18163,-1,65535,0,44390,0,0,0
4,follow,none,2.4341,NOMINAL,18164,-1,65535,0,57371,0,0,0
4,follow,none,2.4676,NOMINAL,18165,-1,65535,0,57162,0,0,0
4,follow,none,2.5010,NOMINAL,18166,-1,65535,0,40604,0,0,0
4,follow,none,2.5340,NOMINAL,18167,-1,65535,0,36370,0,0,0
4,follow,none,2.5674,NOMINAL,18168,-1,65535,0,38712,0,0,0
4,follow,none,2.6008,NOMINAL,18169,-1,65535,0,19387,0,0,0
4,follow,none,2.6344,NOMINAL,18170,-1,65535,0,98600,0,0,0
4,follow,none,2.6674,NOMINAL,18171,-1,65535,0,38319,0,0,0
4,follow,none,2.7008,NOMINAL,18172,-1,65535,0,28284,0,0,0
4,follow,none,2.7342,NOMINAL,18173,-1,65535,0,100138,0,0,0
4,follow,none,2.7675,NOMINAL,18174,-1,65535,0,53512,0,0,0
4,follow,none,2.8008,NOMINAL,18175,-1,65535,0,38592,0,0,0
4,follow,none,2.8342,NOMINAL,18176,-1,65535,0,39645,0,0,0
4,follow,none,2.8676,NOMINAL,18177,-1,65535,0,23204,0,0,0
4,follow,none,2.9009,NOMINAL,18178,-1,65535,0,61671,0,0,0
4,follow,none,2.9342,NOMINAL,18179,-1,65535,0,53187,0,0,0
4,follow,none,2.9674,NOMINAL,18180,-1,65535,0,59919,0,0,0
4,follow,none,3.0699,FAILSAFE,18180,-1,65535,1,0,0,0,0
5,multi,none,-0.9988,FAILSAFE,18181,-1,65535,0,52729,0,0,0
5,multi,none,-0.9658,FAILSAFE,18182,-1,65535,0,106091,0,0,0
5,multi,none,-0.9455,FAILSAFE,18182,-1,65535,0,0,0,0,0
5,multi,none,-0.9325,FAILSAFE,18183,-1,65535,0,35781,0,0,0
5,multi,none,-0.8992,FAILSAFE,18184,-1,65535,0,35648,0,0,0
5,multi,none,-0.8658,FAILSAFE,18185,-1,65535,0,32529,0,0,0
5,multi,none,-0.8456,FAILSAFE,18185,-1,65535,0,0,0,0,0
5,multi,none,-0.8325,FAILSAFE,18186,-1,65535,0,34322,0,0,0
5,multi,none,-0.7993,FAILSAFE,18187,-1,65535,0,15972,0,0,0
5,multi,none,-0.7657,FAILSAFE,18188,-1,65535,0,30538,0,0,0
5,multi,none,-0.7458,FAILSAFE,18188,-1,65535,0,0,0,0,0
5,multi,none,-0.7326,FAILSAFE,18189,-1,65535,0,32281,0,0,0
5,multi,none,-0.6988,NOMINAL,18190,-1,65535,0,98537,0,0,0
5,multi,none,-0.6658,NOMINAL,18191,-1,65535,0,40154,0,0,0
5,multi,none,-0.6326,NOMINAL,18192,-1,65535,0,60796,0,0,0
5,multi,none,-0.5993,NOMINAL,18193,-1,65535,0,42809,0,0,0
5,multi,none,-0.5657,NOMINAL,18194,-1,65535,0,60197,0,0,0
5,multi,none,-0.5326,NOMINAL,18195,-1,65535,0,44246,0,0,0
5,multi,none,-0.4992,NOMINAL,18196,-1,65535,0,62264,0,0,0
5,multi,none,-0.4659,NOMINAL,18197,-1,65535,0,38119,0,0,0
5,multi,none,-0.4326,NOMINAL,18198,-1,65535,0,40653,0,0,0
5,multi,none,-0.3991,NOMINAL,18199,-1,65535,0,22757,0,0,0
5,multi,none,-0.3658,NOMINAL,18200,-1,65535,0,58203,0,0,0
5,multi,none,-0.3327,NOMINAL,18201,-1,65535,0,38404,0,0,0
5,multi,none,-0.2991,NOMINAL,18202,-1,65535,0,44313,0,0,0
5,multi,none,-0.2658,NOMINAL,18203,-1,65535,0,18878,0,0,0
5,multi,none,-0.2325,NOMINAL,18204,-1,65535,0,33096,0,0,0
5,multi,none,-0.1992,NOMINAL,18205,-1,65535,0,41298,0,0,0
5,multi,none,-0.1656,NOMINAL,18206,-1,65535,0,59804,0,0,0
5,multi,none,-0.1326,NOMINAL,18207,-1,65535,0,36703,0,0,0
5,multi,none,-0.0994,NOMINAL,18208,-1,65535,0,43331,0,0,0
5,multi,none,-0.0658,NOMINAL,18209,-1,65535,0,36120,0,0,0
5,multi,none,-0.0320,NOMINAL,18210,-1,65535,0,119943,0,0,0
5,multi,none,0.0014,NOMINAL,18211,3000,13,0,85891,0,0,0
5,multi,none,0.0343,NOMINAL,18212,2966,13,0,43773,0,0,0
5,multi,none,0.0677,NOMINAL,18213,2933,13,0,59180,0,0,0
5,multi,none,0.1008,NOMINAL,18214,2900,13,0,39439,0,0,0
5,multi,none,0.1343,NOMINAL,18215,2866,13,0,42599,0,0,0
5,multi,none,0.1675,NOMINAL,18216,2833,13,0,35163,0,0,0
5,multi,none,0.2009,NOMINAL,18217,2800,13,0,42257,0,0,0
5,multi,none,0.2343,NOMINAL,18218,2766,13,0,81137,0,0,0
5,multi,none,0.2675,NOMINAL,18219,2733,13,0,49663,0,0,0
5,multi,none,0.3008,NOMINAL,18220,2700,13,0,33447,0,0,0
5,multi,none,0.3344,NOMINAL,18221,2666,13,0,22971,0,0,0
5,multi,none,0.3678,NOMINAL,18222,2633,13,0,39580,0,0,0
5,multi,none,0.4010,NOMINAL,18223,2600,13,0,44882,0,0,0
5,multi,none,0.4341,NOMINAL,18224,2566,13,0,52533,0,0,0
5,multi,none,0.4677,NOMINAL,18225,2533,13,0,58446,0,0,0
5,multi,none,0.5010,NOMINAL,18226,2500,13,0,20273,0,0,0
5,multi,none,0.5346,CAUTION,18227,2466,13,0,73202,0,0,0
5,multi,none,0.5677,CAUTION,18228,2433,13,0,23191,0,0,0
5,multi,none,0.6012,CAUTION,18229,2400,13,0,94502,0,0,0
5,multi,none,0.6344,CAUTION,18230,2366,13,0,35626,0,0,0
5,multi,none,0.6675,CAUTION,18231,2333,13,0,38593,0,0,0
5,multi,none,0.7009,CAUTION,18232,2300,13,0,37734,0,0,0
5,multi,none,0.7342,CAUTION,18233,2266,13,0,35277,0,0,0
5,multi,none,0.7677,CAUTION,18234,2233,13,0,50109,0,0,0
5,multi,none,0.8010,CAUTION,18235,2200,13,0,38285,0,0,0
5,multi,none,0.8344,CAUTION,18236,2166,13,0,16759,0,0,0
5,multi,none,0.8676,CAUTION,18237,2133,13,0,91950,0,0,0
5,multi,none,0.9009,CAUTION,18238,2100,13,0,26670,0,0,0
5,multi,none,0.9342,CAUTION,18239,2066,13,0,39400,0,0,0
5,multi,none,0.9674,CAUTION,18240,2033,13,0,54517,0,0,0
5,multi,none,1.0009,CAUTION,18241,2000,13,0,18932,0,0,0
5,multi,none,1.0342,CAUTION,18242,1966,13,0,23951,0,0,0
5,multi,none,1.0675,CAUTION,18243,1933,13,0,37876,0,0,0
5,multi,none,1.1009,CAUTION,18244,1900,13,0,44953,0,0,0
5,multi,none,1.1342,CAUTION,18245,1866,13,0,31742,0,0,0
5,multi,none,1.1676,CAUTION,18246,1833,13,0,58567,0,0,0
5,multi,none,1.2010,CAUTION,18247,1800,13,0,25927,0,0,0
5,multi,none,1.2342,CAUTION,18248,1766,13,0,37276,0,0,0
5,multi,none,1.2677,CAUTION,18249,1733,13,0,96801,0,0,0
5,multi,none,1.3010,CAUTION,18250,1700,13,0,61603,0,0,0
5,multi,none,1.3344,CAUTION,18251,1666,13,0,93475,0,0,0
5,multi,none,1.3677,CAUTION,18252,1633,13,0,40528,0,0,0
5,multi,none,1.4010,CAUTION,18253,1600,13,0,47178,0,0,0
5,multi,none,1.4344,CAUTION,18254,1566,13,0,36797,0,0,0
5,multi,none,1.4678,CAUTION,18255,1533,13,0,119301,0,0,0
5,multi,none,1.5009,CAUTION,18256,1500,13,0,94545,0,0,0
5,multi,none,1.5341,CAUTION,18257,1466,13,0,34455,0,0,0
5,multi,none,1.5678,CAUTION,18258,1433,13,0,35991,0,0,0
5,multi,none,1.6012,CAUTION,18259,1400,13,0,42308,0,0,0
5,multi,none,1.6344,CAUTION,18260,1366,13,0,20608,0,0,0
5,multi,none,1.6676,CAUTION,18261,1333,13,0,41227,0,0,0
5,multi,none,1.7009,CAUTION,18262,1300,13,0,38969,0,0,0
5,multi,none,1.7343,CAUTION,18263,1266,13,0,24167,0,0,0
5,multi,none,1.7676,CAUTION,18264,1233,13,0,38117,0,0,0
5,multi,none,1.8010,CAUTION,18265,1200,13,0,39736,0,0,0
5,multi,none,1.8347,WARNING,18266,1166,13,0,96605,0,0,0
5,multi,none,1.8676,WARNING,18267,1133,13,0,32504,0,0,0
5,multi,none,1.9008,WARNING,18268,1100,13,0,19991,0,0,0
5,multi,none,1.9344,WARNING,18269,1066,13,0,30904,0,0,0
5,multi,none,1.9675,WARNING,18270,1033,13,0,18104,0,0,0
5,multi,none,2.0011,WARNING,18271,1000,13,0,74612,0,0,0
5,multi,none,2.0343,WARNING,18272,966,13,0,34023,0,0,0
5,multi,none,2.0681,WARNING,18273,933,13,0,35423,0,0,0
5,multi,none,2.1010,WARNING,18274,900,13,0,39512,0,0,0
5,multi,none,2.1342,WARNING,18275,866,13,0,35860,0,0,0
5,multi,none,2.1675,WARNING,18276,833,13,0,25312,0,0,0
5,multi,none,2.2701,FAILSAFE,18276,-1,65535,1,0,0,0,0
6,approach,drop 10%,-0.9990,FAILSAFE,18277,-1,65535,0,32395,0,0,0
6,approach,drop 10%,-0.9658,FAILSAFE,18278,-1,65535,0,31493,0,0,0
6,approach,drop 10%,-0.9457,FAILSAFE,18278,-1,65535,0,0,0,0,0
6,approach,drop 10%,-0.9325,FAILSAFE,18279,-1,65535,0,31571,0,0,0
6,approach,drop 10%,-0.8993,FAILSAFE,18280,-1,65535,0,35612,0,0,0
6,approach,drop 10%,-0.8660,FAILSAFE,18281,-1,65535,0,27305,0,0,0
6,approach,drop 10%,-0.8459,FAILSAFE,18281,-1,65535,0,0,0,0,0
6,approach,drop 10%,-0.8325,FAILSAFE,18282,-1,65535,0,50963,0,0,0
6,approach,drop 10%,-0.7992,FAILSAFE,18283,-1,65535,0,33411,0,0,0
6,approach,drop 10%,-0.7658,FAILSAFE,18284,-1,65535,0,16787,0,0,0
6,approach,drop 10%,-0.7459,FAILSAFE,18284,-1,65535,0,0,0,0,0
6,approach,drop 10%,-0.7325,FAILSAFE,18285,-1,65535,0,49171,0,0,0
6,approach,drop 10%,-0.6987,NOMINAL,18286,-1,65535,0,77754,0,0,0
6,approach,drop 10%,-0.6657,NOMINAL,18287,-1,65535,0,95819,0,0,0
6,approach,drop 10%,-0.6325,NOMINAL,18288,-1,65535,0,36236,0,0,0
6,approach,drop 10%,-0.5991,NOMINAL,18289,-1,65535,0,36312,0,0,0
6,approach,drop 10%,-0.5657,NOMINAL,18290,-1,65535,0,114333,0,0,0
6,approach,drop 10%,-0.5325,NOMINAL,18291,-1,65535,0,58641,0,0,0
6,approach,drop 10%,-0.4991,NOMINAL,18292,-1,65535,0,102255,0,0,0
6,approach,drop 10%,-0.4653,NOMINAL,18293,-1,65535,0,54291,0,0,0
6,approach,drop 10%,-0.4322,NOMINAL,18294,-1,65535,0,42582,0,0,0
6,approach,drop 10%,-0.3989,NOMINAL,18295,-1,65535,0,80607,0,0,0
6,approach,drop 10%,-0.3659,NOMINAL,18296,-1,65535,0,39032,0,0,0
6,approach,drop 10%,-0.3325,NOMINAL,18297,-1,65535,0,23631,0,0,0
6,approach,drop 10%,-0.2992,NOMINAL,18298,-1,65535,0,62957,0,0,0
6,approach,drop 10%,-0.2657,NOMINAL,18299,-1,65535,0,37931,0,0,0
6,approach,drop 10%,-0.2326,NOMINAL,18300,-1,65535,0,99508,0,0,0
6,approach,drop 10%,-0.1990,NOMINAL,18301,-1,65535,0,43772,0,0,0
6,approach,drop 10%,-0.1657,NOMINAL,18302,-1,65535,0,40580,0,0,0
6,approach,drop 10%,-0.1325,NOMINAL,18303,-1,65535,0,54720,0,0,0
6,approach,drop 10%,-0.0992,NOMINAL,18304,-1,65535,0,40522,0,0,0
6,approach,drop 10%,-0.0659,NOMINAL,18305,-1,65535,0,19580,0,0,0
6,approach,drop 10%,-0.0326,NOMINAL,18306,-1,65535,0,38712,0,0,0
6,approach,drop 10%,0.0008,NOMINAL,18307,4000,1,0,41489,0,0,0
6,approach,drop 10%,0.0341,NOMINAL,18308,3966,1,0,57386,0,0,0
6,approach,drop 10%,0.1007,NOMINAL,18310,3900,1,4,56038,0,0,0
6,approach,drop 10%,0.1341,NOMINAL,18311,3866,1,0,35606,0,0,0
6,approach,drop 10%,0.1674,NOMINAL,18312,3833,1,0,38728,0,0,0
6,approach,drop 10%,0.2008,NOMINAL,18313,3800,1,0,100640,0,0,0
6,approach,drop 10%,0.2343,NOMINAL,18314,3766,1,0,77196,0,0,0
6,approach,drop 10%,0.2678,NOMINAL,18315,3733,1,0,94478,0,0,0
6,approach,drop 10%,0.3009,NOMINAL,18316,3700,1,0,44341,0,0,0
6,approach,drop 10%,0.3343,NOMINAL,18317,3666,1,0,111325,0,0,0
6,approach,drop 10%,0.3675,NOMINAL,18318,3633,1,0,36471,0,0,0
6,approach,drop 10%,0.4007,NOMINAL,18319,3600,1,0,27882,0,0,0
6,approach,drop 10%,0.4344,NOMINAL,18320,3566,1,0,36888,0,0,0
6,approach,drop 10%,0.4674,NOMINAL,18321,3533,1,0,36386,0,0,0
6,approach,drop 10%,0.5008,NOMINAL,18322,3500,1,0,43318,0,0,0
6,approach,drop 10%,0.5343,NOMINAL,18323,3466,1,0,97371,0,0,0
6,approach,drop 10%,0.5673,NOMINAL,18324,3433,1,0,18847,0,0,0
6,approach,drop 10%,0.6009,NOMINAL,18325,3400,1,0,21966,0,0,0
6,approach,drop 10%,0.6676,NOMINAL,18327,3333,1,4,39712,0,0,0
6,approach,drop 10%,0.7343,NOMINAL,18329,3266,1,4,20478,0,0,0
6,approach,drop 10%,0.7675,NOMINAL,18330,3233,1,0,38655,0,0,0
6,approach,drop 10%,0.8008,NOMINAL,18331,3200,1,0,25862,0,0,0
6,approach,drop 10%,0.8344,NOMINAL,18332,3166,1,0,54669,0,0,0
6,approach,drop 10%,0.8676,NOMINAL,18333,3133,1,0,36872,0,0,0
6,approach,drop 10%,0.9008,NOMINAL,18334,3100,1,0,38981,0,0,0
6,approach,drop 10%,0.9341,NOMINAL,18335,3066,1,0,54661,0,0,0
6,approach,drop 10%,0.9674,NOMINAL,18336,3033,1,0,40145,0,0,0
6,approach,drop 10%,1.0009,NOMINAL,18337,3000,1,0,53594,0,0,0
6,approach,drop 10%,1.0342,NOMINAL,18338,2966,1,0,54913,0,0,0
6,approach,drop 10%,1.0675,NOMINAL,18339,2933,1,0,39361,0,0,0
6,approach,drop 10%,1.1009,NOMINAL,18340,2900,1,0,63917,0,0,0
6,approach,drop 10%,1.1342,NOMINAL,18341,2866,1,0,32462,0,0,0
6,approach,drop 10%,1.1674,NOMINAL,18342,2833,1,0,40436,0,0,0
6,approach,drop 10%,1.2009,NOMINAL,18343,2800,1,0,40372,0,0,0
6,approach,drop 10%,1.2341,NOMINAL,18344,2766,1,0,42408,0,0,0
6,approach,drop 10%,1.2675,NOMINAL,18345,2733,1,0,38286,0,0,0
6,approach,drop 10%,1.3007,NOMINAL,18346,2700,1,0,23540,0,0,0
6,approach,drop 10%,1.3341,NOMINAL,18347,2666,1,0,36479,0,0,0
6,approach,drop 10%,1.3675,NOMINAL,18348,2633,1,0,35587,0,0,0
6,approach,drop 10%,1.4008,NOMINAL,18349,2600,1,0,22840,0,0,0
6,approach,drop 10%,1.4342,NOMINAL,18350,2566,1,0,34787,0,0,0
6,approach,drop 10%,1.4677,NOMINAL,18351,2533,1,0,18685,0,0,0
6,approach,drop 10%,1.5008,NOMINAL,18352,2500,1,0,43869,0,0,0
6,approach,drop 10%,1.5348,CAUTION,18353,2466,1,0,92364,0,0,0
6,approach,drop 10%,1.5676,CAUTION,18354,2433,1,0,24325,0,0,0
6,approach,drop 10%,1.6011,CAUTION,18355,2400,1,0,43902,0,0,0
6,approach,drop 10%,1.6342,CAUTION,18356,2366,1,0,42426,0,0,0
6,approach,drop 10%,1.6675,CAUTION,18357,2333,1,0,46000,0,0,0
6,approach,drop 10%,1.7013,CAUTION,18358,2300,1,0,116717,0,0,0
6,approach,drop 10%,1.7343,CAUTION,18359,2266,1,0,80917,0,0,0
6,approach,drop 10%,1.7675,CAUTION,18360,2233,1,0,39458,0,0,0
6,approach,drop 10%,1.8009,CAUTION,18361,2200,1,0,39420,0,0,0
6,approach,drop 10%,1.8343,CAUTION,18362,2166,1,0,21735,0,0,0
6,approach,drop 10%,1.8676,CAUTION,18363,2133,1,0,38708,0,0,0
6,approach,drop 10%,1.9008,CAUTION,18364,2100,1,0,40399,0,0,0
6,approach,drop 10%,1.9341,CAUTION,18365,2066,1,0,38804,0,0,0
6,approach,drop 10%,1.9675,CAUTION,18366,2033,1,0,73463,0,0,0
6,approach,drop 10%,2.0007,CAUTION,18367,2000,1,0,43701,0,0,0
6,approach,drop 10%,2.0342,CAUTION,18368,1966,1,0,36502,0,0,0
6,approach,drop 10%,2.0676,CAUTION,18369,1933,1,0,35159,0,0,0
6,approach,drop 10%,2.1009,CAUTION,18370,1900,1,0,42020,0,0,0
6,approach,drop 10%,2.1675,CAUTION,18372,1833,1,4,52034,0,0,0
6,approach,drop 10%,2.2008,CAUTION,18373,1800,1,0,45551,0,0,0
6,approach,drop 10%,2.2343,CAUTION,18374,1766,1,0,39984,0,0,0
6,approach,drop 10%,2.2677,CAUTION,18375,1733,1,0,33192,0,0,0
6,approach,drop 10%,2.3007,CAUTION,18376,1700,1,0,42213,0,0,0
6,approach,drop 10%,2.3342,CAUTION,18377,1666,1,0,55426,0,0,0
6,approach,drop 10%,2.3676,CAUTION,18378,1633,1,0,48708,0,0,0
6,approach,drop 10%,2.4008,CAUTION,18379,1600,1,0,58434,0,0,0
6,approach,drop 10%,2.4343,CAUTION,18380,1566,1,0,36391,0,0,0
6,approach,drop 10%,2.4676,CAUTION,18381,1533,1,0,70626,0,0,0
6,approach,drop 10%,2.5007,CAUTION,18382,1500,1,0,34767,0,0,0
6,approach,drop 10%,2.5342,CAUTION,18383,1466,1,0,52802,0,0,0
6,approach,drop 10%,2.5677,CAUTION,18384,1433,1,0,47545,0,0,0
6,approach,drop 10%,2.6010,CAUTION,18385,1400,1,0,59825,0,0,0
6,approach,drop 10%,2.6679,CAUTION,18387,1333,1,4,81575,0,0,0
6,approach,drop 10%,2.7012,CAUTION,18388,1300,1,0,42114,0,0,0
6,approach,drop 10%,2.7344,CAUTION,18389,1266,1,0,78567,0,0,0
6,approach,drop 10%,2.7676,CAUTION,18390,1233,1,0,54231,0,0,0
6,approach,drop 10%,2.8010,CAUTION,18391,1200,1,0,51611,0,0,0
6,approach,drop 10%,2.8347,WARNING,18392,1166,1,0,83700,0,0,0
6,approach,drop 10%,2.8675,WARNING,18393,1133,1,0,52763,0,0,0
6,approach,drop 10%,2.9008,WARNING,18394,1100,1,0,43038,0,0,0
6,approach,drop 10%,2.9342,WARNING,18395,1066,1,0,55755,0,0,0
6,approach,drop 10%,2.9676,WARNING,18396,1033,1,0,39306,0,0,0
6,approach,drop 10%,3.0008,WARNING,18397,1000,1,0,95326,0,0,0
6,approach,drop 10%,3.0342,WARNING,18398,966,1,0,52190,0,0,0
6,approach,drop 10%,3.0676,WARNING,18399,933,1,0,49356,0,0,0
6,approach,drop 10%,3.1010,WARNING,18400,900,1,0,98615,0,0,0
6,approach,drop 10%,3.1342,WARNING,18401,866,1,0,97068,0,0,0
6,approach,drop 10%,3.1676,WARNING,18402,833,1,0,34372,0,0,0
6,approach,drop 10%,3.2009,WARNING,18403,800,1,0,66178,0,0,0
6,approach,drop 10%,3.2341,WARNING,18404,766,1,0,30497,0,0,0
6,approach,drop 10%,3.2675,WARNING,18405,733,1,0,38729,0,0,0
6,approach,drop 10%,3.3010,WARNING,18406,700,1,0,62795,0,0,0
6,approach,drop 10%,3.3342,WARNING,18407,666,1,0,53781,0,0,0
6,approach,drop 10%,3.3674,WARNING,18408,633,1,0,54131,0,0,0
6,approach,drop 10%,3.4008,WARNING,18409,600,1,0,67307,0,0,0
6,approach,drop 10%,3.4343,WARNING,18410,566,1,0,30980,0,0,0
6,approach,drop 10%,3.4677,WARNING,18411,533,1,0,31482,0,0,0
6,approach,drop 10%,3.5009,WARNING,18412,500,1,0,49464,0,0,0
6,approach,drop 10%,3.5343,WARNING,18413,466,1,0,30893,0,0,0
6,approach,drop 10%,3.6008,WARNING,18415,400,1,4,37982,0,0,0
6,approach,drop 10%,3.6342,WARNING,18416,366,1,0,47478,0,0,0
6,approach,drop 10%,3.6676,WARNING,18417,333,1,0,33369,0,0,0
6,approach,drop 10%,3.7009,WARNING,18418,300,1,0,107984,0,0,0
6,approach,drop 10%,3.7342,WARNING,18419,266,1,0,50113,0,0,0
6,approach,drop 10%,3.7675,WARNING,18420,233,1,0,53772,0,0,0
6,approach,drop 10%,3.8713,FAILSAFE,18420,-1,65535,1,0,0,0,0
7,approach,corrupt-crc 5%,-0.9989,FAILSAFE,18421,-1,65535,0,102465,0,0,0
7,approach,corrupt-crc 5%,-0.9655,FAILSAFE,18422,-1,65535,0,45074,0,0,0
7,approach,corrupt-crc 5%,-0.9455,FAILSAFE,18422,-1,65535,0,0,0,0,0
7,approach,corrupt-crc 5%,-0.9324,FAILSAFE,18423,-1,65535,0,99809,0,0,0
7,approach,corrupt-crc 5%,-0.8991,FAILSAFE,18424,-1,65535,0,40235,0,0,0
7,approach,corrupt-crc 5%,-0.8657,FAILSAFE,18425,-1,65535,0,52429,0,0,0
7,approach,corrupt-crc 5%,-0.8456,FAILSAFE,18425,-1,65535,0,0,0,0,0
7,approach,corrupt-crc 5%,-0.8326,FAILSAFE,18426,-1,65535,0,30917,0,0,0
7,approach,corrupt-crc 5%,-0.7992,FAILSAFE,18427,-1,65535,0,67798,0,0,0
7,approach,corrupt-crc 5%,-0.7659,FAILSAFE,18428,-1,65535,0,43817,0,0,0
7,approach,corrupt-crc 5%,-0.7326,FAILSAFE,18429,-1,65535,0,11921,0,0,0
7,approach,corrupt-crc 5%,-0.7125,FAILSAFE,18429,-1,65535,0,0,0,0,0
7,approach,corrupt-crc 5%,-0.6991,NOMINAL,18430,-1,65535,0,104475,0,0,0
7,approach,corrupt-crc 5%,-0.6659,NOMINAL,18431,-1,65535,0,20198,0,0,0
7,approach,corrupt-crc 5%,-0.6324,NOMINAL,18432,-1,65535,0,54813,0,0,0
7,approach,corrupt-crc 5%,-0.5992,NOMINAL,18433,-1,65535,0,60368,0,0,0
7,approach,corrupt-crc 5%,-0.5658,NOMINAL,18434,-1,65535,0,33524,0,0,0
7,approach,corrupt-crc 5%,-0.5325,NOMINAL,18435,-1,65535,0,91981,0,0,0
7,approach,corrupt-crc 5%,-0.4992,NOMINAL,18436,-1,65535,0,69513,0,0,0
7,approach,corrupt-crc 5%,-0.4658,NOMINAL,18437,-1,65535,0,72224,0,0,0
7,approach,corrupt-crc 5%,-0.4325,NOMINAL,18438,-1,65535,0,51021,0,0,0
7,approach,corrupt-crc 5%,-0.3991,NOMINAL,18439,-1,65535,0,61425,0,0,0
7,approach,corrupt-crc 5%,-0.3659,NOMINAL,18440,-1,65535,0,72415,0,0,0
7,approach,corrupt-crc 5%,-0.3325,NOMINAL,18441,-1,65535,0,53116,0,0,0
7,approach,corrupt-crc 5%,-0.2991,NOMINAL,18442,-1,65535,0,43209,0,0,0
7,approach,corrupt-crc 5%,-0.2657,NOMINAL,18443,-1,65535,0,55595,0,0,0
7,approach,corrupt-crc 5%,-0.2324,NOMINAL,18444,-1,65535,0,20291,0,0,0
7,approach,corrupt-crc 5%,-0.1991,NOMINAL,18445,-1,65535,0,43109,0,0,0
7,approach,corrupt-crc 5%,-0.1661,NOMINAL,18446,-1,65535,0,39848,0,0,0
7,approach,corrupt-crc 5%,-0.1325,NOMINAL,18447,-1,65535,0,53395,0,0,0
7,approach,corrupt-crc 5%,-0.0992,NOMINAL,18448,-1,65535,0,81204,0,0,0
7,approach,corrupt-crc 5%,-0.0659,NOMINAL,18449,-1,65535,0,53936,0,0,0
7,approach,corrupt-crc 5%,-0.0318,NOMINAL,18450,-1,65535,0,183907,0,0,0
7,approach,corrupt-crc 5%,0.0015,NOMINAL,18451,4000,1,0,56399,0,0,0
7,approach,corrupt-crc 5%,0.0342,NOMINAL,18452,3966,1,0,40320,0,0,0
7,approach,corrupt-crc 5%,0.0674,NOMINAL,18453,3933,1,0,37613,0,0,0
7,approach,corrupt-crc 5%,0.1008,NOMINAL,18454,3900,1,0,19036,0,0,0
7,approach,corrupt-crc 5%,0.1342,NOMINAL,18455,3866,1,0,34774,0,0,0
7,approach,corrupt-crc 5%,0.1676,NOMINAL,18456,3833,1,0,37662,0,0,0
7,approach,corrupt-crc 5%,0.2007,NOMINAL,18456,3833,1,2,0,0,0,0
7,approach,corrupt-crc 5%,0.2341,NOMINAL,18458,3766,1,4,37362,0,0,0
7,approach,corrupt-crc 5%,0.2675,NOMINAL,18458,3766,1,2,0,0,0,0
7,approach,corrupt-crc 5%,0.3008,NOMINAL,18460,3700,1,4,35732,0,0,0
7,approach,corrupt-crc 5%,0.3343,NOMINAL,18461,3666,1,0,36788,0,0,0
7,approach,corrupt-crc 5%,0.3676,NOMINAL,18462,3633,1,0,40087,0,0,0
7,approach,corrupt-crc 5%,0.4010,NOMINAL,18463,3600,1,0,21414,0,0,0
7,approach,corrupt-crc 5%,0.4342,NOMINAL,18464,3566,1,0,71771,0,0,0
7,approach,corrupt-crc 5%,0.4675,NOMINAL,18465,3533,1,0,52833,0,0,0
7,approach,corrupt-crc 5%,0.5010,NOMINAL,18466,3500,1,0,98327,0,0,0
7,approach,corrupt-crc 5%,0.5343,NOMINAL,18467,3466,1,0,70986,0,0,0
7,approach,corrupt-crc 5%,0.5674,NOMINAL,18468,3433,1,0,38628,0,0,0
7,approach,corrupt-crc 5%,0.6009,NOMINAL,18469,3400,1,0,43888,0,0,0
7,approach,corrupt-crc 5%,0.6343,NOMINAL,18470,3366,1,0,84021,0,0,0
7,approach,corrupt-crc 5%,0.6674,NOMINAL,18471,3333,1,0,37979,0,0,0
7,approach,corrupt-crc 5%,0.7009,NOMINAL,18472,3300,1,0,54759,0,0,0
7,approach,corrupt-crc 5%,0.7343,NOMINAL,18473,3266,1,0,48271,0,0,0
7,approach,corrupt-crc 5%,0.7676,NOMINAL,18474,3233,1,0,47931,0,0,0
7,approach,corrupt-crc 5%,0.8009,NOMINAL,18475,3200,1,0,56328,0,0,0
7,approach,corrupt-crc 5%,0.8343,NOMINAL,18476,3166,1,0,46227,0,0,0
7,approach,corrupt-crc 5%,0.8675,NOMINAL,18477,3133,1,0,70266,0,0,0
7,approach,corrupt-crc 5%,0.9007,NOMINAL,18478,3100,1,0,34679,0,0,0
7,approach,corrupt-crc 5%,0.9342,NOMINAL,18479,3066,1,0,38111,0,0,0
7,approach,corrupt-crc 5%,0.9675,NOMINAL,18480,3033,1,0,71863,0,0,0
7,approach,corrupt-crc 5%,1.0010,NOMINAL,18481,3000,1,0,41814,0,0,0
7,approach,corrupt-crc 5%,1.0343,NOMINAL,18482,2966,1,0,37912,0,0,0
7,approach,corrupt-crc 5%,1.0677,NOMINAL,18483,2933,1,0,52478,0,0,0
7,approach,corrupt-crc 5%,1.1008,NOMINAL,18484,2900,1,0,40832,0,0,0
7,approach,corrupt-crc 5%,1.1342,NOMINAL,18485,2866,1,0,53137,0,0,0
7,approach,corrupt-crc 5%,1.1674,NOMINAL,18486,2833,1,0,55744,0,0,0
7,approach,corrupt-crc 5%,1.2007,NOMINAL,18486,2833,1,2,0,0,0,0
7,approach,corrupt-crc 5%,1.2342,NOMINAL,18488,2766,1,4,22234,0,0,0
7,approach,corrupt-crc 5%,1.2676,NOMINAL,18489,2733,1,0,72108,0,0,0
7,approach,corrupt-crc 5%,1.3009,NOMINAL,18490,2700,1,0,38364,0,0,0
7,approach,corrupt-crc 5%,1.3341,NOMINAL,18491,2666,1,0,71613,0,0,0
7,approach,corrupt-crc 5%,1.3677,NOMINAL,18492,2633,1,0,46972,0,0,0
7,approach,corrupt-crc 5%,1.4008,NOMINAL,18493,2600,1,0,25824,0,0,0
7,approach,corrupt-crc 5%,1.4340,NOMINAL,18494,2566,1,0,36604,0,0,0
7,approach,corrupt-crc 5%,1.4674,NOMINAL,18495,2533,1,0,37558,0,0,0
7,approach,corrupt-crc 5%,1.5008,NOMINAL,18496,2500,1,0,24143,0,0,0
7,approach,corrupt-crc 5%,1.5342,NOMINAL,18496,2500,1,2,0,0,0,0
7,approach,corrupt-crc 5%,1.5680,CAUTION,18498,2433,1,4,82413,0,0,0
7,approach,corrupt-crc 5%,1.6009,CAUTION,18499,2400,1,0,62790,0,0,0
7,approach,corrupt-crc 5%,1.6344,CAUTION,18500,2366,1,0,50538,0,0,0
7,approach,corrupt-crc 5%,1.6675,CAUTION,18501,2333,1,0,38534,0,0,0
7,approach,corrupt-crc 5%,1.7011,CAUTION,18502,2300,1,0,99690,0,0,0
7,approach,corrupt-crc 5%,1.7342,CAUTION,18502,2300,1,2,0,0,0,0
7,approach,corrupt-crc 5%,1.7675,CAUTION,18504,2233,1,4,37659,0,0,0
7,approach,corrupt-crc 5%,1.8011,CAUTION,18505,2200,1,0,55518,0,0,0
7,approach,corrupt-crc 5%,1.8342,CAUTION,18506,2166,1,0,37634,0,0,0
7,approach,corrupt-crc 5%,1.8675,CAUTION,18507,2133,1,0,68566,0,0,0
7,approach,corrupt-crc 5%,1.9008,CAUTION,18508,2100,1,0,40640,0,0,0
7,approach,corrupt-crc 5%,1.9342,CAUTION,18509,2066,1,0,37367,0,0,0
7,approach,corrupt-crc 5%,1.9672,CAUTION,18509,2066,1,2,0,0,0,0
7,approach,corrupt-crc 5%,2.0007,CAUTION,18511,2000,1,4,44726,0,0,0
7,approach,corrupt-crc 5%,2.0342,CAUTION,18512,1966,1,0,38976,0,0,0
7,approach,corrupt-crc 5%,2.0675,CAUTION,18513,1933,1,0,55810,0,0,0
7,approach,corrupt-crc 5%,2.1007,CAUTION,18514,1900,1,0,39274,0,0,0
7,approach,corrupt-crc 5%,2.1341,CAUTION,18515,1866,1,0,37609,0,0,0
7,approach,corrupt-crc 5%,2.1676,CAUTION,18516,1833,1,0,72401,0,0,0
7,approach,corrupt-crc 5%,2.2009,CAUTION,18517,1800,1,0,26448,0,0,0
7,approach,corrupt-crc 5%,2.2343,CAUTION,18518,1766,1,0,50509,0,0,0
7,approach,corrupt-crc 5%,2.2676,CAUTION,18518,1766,1,2,0,0,0,0
7,approach,corrupt-crc 5%,2.3007,CAUTION,18520,1700,1,4,40140,0,0,0
7,approach,corrupt-crc 5%,2.3343,CAUTION,18521,1666,1,0,45866,0,0,0
7,approach,corrupt-crc 5%,2.3676,CAUTION,18522,1633,1,0,40292,0,0,0
7,approach,corrupt-crc 5%,2.4008,CAUTION,18523,1600,1,0,59976,0,0,0
7,approach,corrupt-crc 5%,2.4341,CAUTION,18524,1566,1,0,36976,0,0,0
7,approach,corrupt-crc 5%,2.4674,CAUTION,18525,1533,1,0,38809,0,0,0
7,approach,corrupt-crc 5%,2.5007,CAUTION,18526,1500,1,0,43701,0,0,0
7,approach,corrupt-crc 5%,2.5344,CAUTION,18527,1466,1,0,49034,0,0,0
7,approach,corrupt-crc 5%,2.5677,CAUTION,18528,1433,1,0,51075,0,0,0
7,approach,corrupt-crc 5%,2.6012,CAUTION,18529,1400,1,0,46916,0,0,0
7,approach,corrupt-crc 5%,2.6341,CAUTION,18530,1366,1,0,56433,0,0,0
7,approach,corrupt-crc 5%,2.6675,CAUTION,18531,1333,1,0,34675,0,0,0
7,approach,corrupt-crc 5%,2.7007,CAUTION,18531,1333,1,2,0,0,0,0
7,approach,corrupt-crc 5%,2.7343,CAUTION,18533,1266,1,4,39817,0,0,0
7,approach,corrupt-crc 5%,2.7675,CAUTION,18534,1233,1,0,56658,0,0,0
7,approach,corrupt-crc 5%,2.8008,CAUTION,18535,1200,1,0,62701,0,0,0
7,approach,corrupt-crc 5%,2.8346,WARNING,18536,1166,1,0,118621,0,0,0
7,approach,corrupt-crc 5%,2.8675,WARNING,18537,1133,1,0,39976,0,0,0
7,approach,corrupt-crc 5%,2.9010,WARNING,18538,1100,1,0,91086,0,0,0
7,approach,corrupt-crc 5%,2.9342,WARNING,18539,1066,1,0,85492,0,0,0
7,approach,corrupt-crc 5%,2.9675,WARNING,18540,1033,1,0,44217,0,0,0
7,approach,corrupt-crc 5%,3.0009,WARNING,18541,1000,1,0,54278,0,0,0
7,approach,corrupt-crc 5%,3.0340,WARNING,18542,966,1,0,30119,0,0,0
7,approach,corrupt-crc 5%,3.0676,WARNING,18543,933,1,0,63019,0,0,0
7,approach,corrupt-crc 5%,3.1008,WARNING,18544,900,1,0,47671,0,0,0
7,approach,corrupt-crc 5%,3.1342,WARNING,18545,866,1,0,45926,0,0,0
7,approach,corrupt-crc 5%,3.1674,WARNING,18546,833,1,0,47120,0,0,0
7,approach,corrupt-crc 5%,3.2009,WARNING,18547,800,1,0,67746,0,0,0
7,approach,corrupt-crc 5%,3.2341,WARNING,18547,800,1,2,0,0,0,0
7,approach,corrupt-crc 5%,3.2675,WARNING,18549,733,1,4,63493,0,0,0
7,approach,corrupt-crc 5%,3.3008,WARNING,18550,700,1,0,48609,0,0,0
7,approach,corrupt-crc 5%,3.3342,WARNING,18551,666,1,0,45985,0,0,0
7,approach,corrupt-crc 5%,3.3677,WARNING,18552,633,1,0,56118,0,0,0
7,approach,corrupt-crc 5%,3.4010,WARNING,18553,600,1,0,116885,0,0,0
7,approach,corrupt-crc 5%,3.4343,WARNING,18554,566,1,0,122046,0,0,0
7,approach,corrupt-crc 5%,3.4676,WARNING,18555,533,1,0,61543,0,0,0
7,approach,corrupt-crc 5%,3.5008,WARNING,18556,500,1,0,67359,0,0,0
7,approach,corrupt-crc 5%,3.5343,WARNING,18557,466,1,0,59654,0,0,0
7,approach,corrupt-crc 5%,3.5674,WARNING,18558,433,1,0,56846,0,0,0
7,approach,corrupt-crc 5%,3.6009,WARNING,18559,400,1,0,52204,0,0,0
7,approach,corrupt-crc 5%,3.6342,WARNING,18560,366,1,0,63263,0,0,0
7,approach,corrupt-crc 5%,3.6675,WARNING,18561,333,1,0,46855,0,0,0
7,approach,corrupt-crc 5%,3.7008,WARNING,18562,300,1,0,30794,0,0,0
7,approach,corrupt-crc 5%,3.7341,WARNING,18563,266,1,0,46346,0,0,0
7,approach,corrupt-crc 5%,3.7678,WARNING,18564,233,1,0,101746,0,0,0
7,approach,corrupt-crc 5%,3.8708,FAILSAFE,18564,-1,65535,1,0,0,0,0
8,approach,reorder 5%,-0.9988,FAILSAFE,18565,-1,65535,0,104525,0,0,0
8,approach,reorder 5%,-0.9657,FAILSAFE,18566,-1,65535,0,42690,0,0,0
8,approach,reorder 5%,-0.9458,FAILSAFE,18566,-1,65535,0,0,0,0,0
8,approach,reorder 5%,-0.9325,FAILSAFE,18567,-1,65535,0,47282,0,0,0
8,approach,reorder 5%,-0.8991,FAILSAFE,18568,-1,65535,0,93509,0,0,0
8,approach,reorder 5%,-0.8659,FAILSAFE,18569,-1,65535,0,56438,0,0,0
8,approach,reorder 5%,-0.8460,FAILSAFE,18569,-1,65535,0,0,0,0,0
8,approach,reorder 5%,-0.8325,FAILSAFE,18570,-1,65535,0,56455,0,0,0
8,approach,reorder 5%,-0.7991,FAILSAFE,18571,-1,65535,0,59260,0,0,0
8,approach,reorder 5%,-0.7659,FAILSAFE,18572,-1,65535,0,55688,0,0,0
8,approach,reorder 5%,-0.7459,FAILSAFE,18572,-1,65535,0,0,0,0,0
8,approach,reorder 5%,-0.7325,FAILSAFE,18573,-1,65535,0,54388,0,0,0
8,approach,reorder 5%,-0.6988,NOMINAL,18574,-1,65535,0,95557,0,0,0
8,approach,reorder 5%,-0.6657,NOMINAL,18575,-1,65535,0,101162,0,0,0
8,approach,reorder 5%,-0.6324,NOMINAL,18576,-1,65535,0,49404,0,0,0
8,approach,reorder 5%,-0.5990,NOMINAL,18577,-1,65535,0,34181,0,0,0
8,approach,reorder 5%,-0.5658,NOMINAL,18578,-1,65535,0,39211,0,0,0
8,approach,reorder 5%,-0.5326,NOMINAL,18579,-1,65535,0,17370,0,0,0
8,approach,reorder 5%,-0.4992,NOMINAL,18580,-1,65535,0,39440,0,0,0
8,approach,reorder 5%,-0.4659,NOMINAL,18581,-1,65535,0,56503,0,0,0
8,approach,reorder 5%,-0.4325,NOMINAL,18582,-1,65535,0,38569,0,0,0
8,approach,reorder 5%,-0.3991,NOMINAL,18583,-1,65535,0,114195,0,0,0
8,approach,reorder 5%,-0.3658,NOMINAL,18584,-1,65535,0,21024,0,0,0
8,approach,reorder 5%,-0.3325,NOMINAL,18585,-1,65535,0,12446,0,0,0
8,approach,reorder 5%,-0.2992,NOMINAL,18586,-1,65535,0,63083,0,0,0
8,approach,reorder 5%,-0.2659,NOMINAL,18587,-1,65535,0,38228,0,0,0
8,approach,reorder 5%,-0.2326,NOMINAL,18588,-1,65535,0,53837,0,0,0
8,approach,reorder 5%,-0.1992,NOMINAL,18589,-1,65535,0,37830,0,0,0
8,approach,reorder 5%,-0.1659,NOMINAL,18590,-1,65535,0,41160,0,0,0
8,approach,reorder 5%,-0.1326,NOMINAL,18591,-1,65535,0,37111,0,0,0
8,approach,reorder 5%,-0.0992,NOMINAL,18592,-1,65535,0,99224,0,0,0
8,approach,reorder 5%,-0.0658,NOMINAL,18593,-1,65535,0,38853,0,0,0
8,approach,reorder 5%,-0.0320,NOMINAL,18594,-1,65535,0,33282,0,0,0
8,approach,reorder 5%,0.0345,NOMINAL,18596,3966,1,4,45800,0,0,0
8,approach,reorder 5%,0.0677,NOMINAL,18597,3933,1,8,87694,0,0,0
8,approach,reorder 5%,0.1009,NOMINAL,18598,3900,1,0,58412,0,0,0
8,approach,reorder 5%,0.1340,NOMINAL,18599,3866,1,0,39214,0,0,0
8,approach,reorder 5%,0.1676,NOMINAL,18600,3833,1,0,37883,0,0,0
8,approach,reorder 5%,0.2009,NOMINAL,18601,3800,1,0,35314,0,0,0
8,approach,reorder 5%,0.2342,NOMINAL,18602,3766,1,0,113395,0,0,0
8,approach,reorder 5%,0.2673,NOMINAL,18603,3733,1,0,110958,0,0,0
8,approach,reorder 5%,0.3007,NOMINAL,18604,3700,1,0,42452,0,0,0
8,approach,reorder 5%,0.3340,NOMINAL,18605,3666,1,0,16831,0,0,0
8,approach,reorder 5%,0.3674,NOMINAL,18606,3633,1,0,35987,0,0,0
8,approach,reorder 5%,0.4006,NOMINAL,18607,3600,1,0,26968,0,0,0
8,approach,reorder 5%,0.4342,NOMINAL,18608,3566,1,0,109054,0,0,0
8,approach,reorder 5%,0.4676,NOMINAL,18609,3533,1,0,111655,0,0,0
8,approach,reorder 5%,0.5007,NOMINAL,18610,3500,1,0,44584,0,0,0
8,approach,reorder 5%,0.5341,NOMINAL,18611,3466,1,0,37338,0,0,0
8,approach,reorder 5%,0.5677,NOMINAL,18612,3433,1,0,91408,0,0,0
8,approach,reorder 5%,0.6007,NOMINAL,18613,3400,1,0,39980,0,0,0
8,approach,reorder 5%,0.6341,NOMINAL,18614,3366,1,0,41278,0,0,0
8,approach,reorder 5%,0.6674,NOMINAL,18615,3333,1,0,40257,0,0,0
8,approach,reorder 5%,0.7344,NOMINAL,18617,3266,1,4,23254,0,0,0
8,approach,reorder 5%,0.7674,NOMINAL,18618,3233,1,8,37529,0,0,0
8,approach,reorder 5%,0.8008,NOMINAL,18619,3200,1,0,44939,0,0,0
8,approach,reorder 5%,0.8339,NOMINAL,18620,3166,1,0,36913,0,0,0
8,approach,reorder 5%,0.8675,NOMINAL,18621,3133,1,0,52379,0,0,0
8,approach,reorder 5%,0.9342,NOMINAL,18623,3066,1,4,40663,0,0,0
8,approach,reorder 5%,0.9674,NOMINAL,18624,3033,1,8,49975,0,0,0
8,approach,reorder 5%,1.0011,NOMINAL,18625,3000,1,0,101547,0,0,0
8,approach,reorder 5%,1.0344,NOMINAL,18626,2966,1,0,37108,0,0,0
8,approach,reorder 5%,1.0674,NOMINAL,18627,2933,1,0,36583,0,0,0
8,approach,reorder 5%,1.1006,NOMINAL,18628,2900,1,0,27223,0,0,0
8,approach,reorder 5%,1.1341,NOMINAL,18629,2866,1,0,45006,0,0,0
8,approach,reorder 5%,1.1674,NOMINAL,18630,2833,1,0,37369,0,0,0
8,approach,reorder 5%,1.2007,NOMINAL,18631,2800,1,0,39248,0,0,0
8,approach,reorder 5%,1.2339,NOMINAL,18632,2766,1,0,20103,0,0,0
8,approach,reorder 5%,1.2675,NOMINAL,18633,2733,1,0,64087,0,0,0
8,approach,reorder 5%,1.3007,NOMINAL,18634,2700,1,0,43798,0,0,0
8,approach,reorder 5%,1.3341,NOMINAL,18635,2666,1,0,40387,0,0,0
8,approach,reorder 5%,1.3675,NOMINAL,18636,2633,1,0,47944,0,0,0
8,approach,reorder 5%,1.4007,NOMINAL,18637,2600,1,0,31013,0,0,0
8,approach,reorder 5%,1.4342,NOMINAL,18638,2566,1,0,47678,0,0,0
8,approach,reorder 5%,1.4675,NOMINAL,18639,2533,1,0,95603,0,0,0
8,approach,reorder 5%,1.5009,NOMINAL,18640,2500,1,0,40346,0,0,0
8,approach,reorder 5%,1.5681,CAUTION,18642,2433,1,4,102145,0,0,0
8,approach,reorder 5%,1.6343,CAUTION,18644,2366,1,12,103332,0,0,0
8,approach,reorder 5%,1.6675,CAUTION,18645,2333,1,8,48875,0,0,0
8,approach,reorder 5%,1.7007,CAUTION,18646,2300,1,0,41527,0,0,0
8,approach,reorder 5%,1.7341,CAUTION,18647,2266,1,0,36058,0,0,0
8,approach,reorder 5%,1.7674,CAUTION,18648,2233,1,0,49474,0,0,0
8,approach,reorder 5%,1.8009,CAUTION,18649,2200,1,0,41435,0,0,0
8,approach,reorder 5%,1.8340,CAUTION,18650,2166,1,0,38208,0,0,0
8,approach,reorder 5%,1.8675,CAUTION,18651,2133,1,0,33124,0,0,0
8,approach,reorder 5%,1.9008,CAUTION,18652,2100,1,0,49500,0,0,0
8,approach,reorder 5%,1.9342,CAUTION,18653,2066,1,0,54750,0,0,0
8,approach,reorder 5%,1.9675,CAUTION,18654,2033,1,0,52775,0,0,0
8,approach,reorder 5%,2.0006,CAUTION,18655,2000,1,0,43410,0,0,0
8,approach,reorder 5%,2.0340,CAUTION,18656,1966,1,0,38450,0,0,0
8,approach,reorder 5%,2.0675,CAUTION,18657,1933,1,0,70400,0,0,0
8,approach,reorder 5%,2.1010,CAUTION,18658,1900,1,0,60943,0,0,0
8,approach,reorder 5%,2.1343,CAUTION,18659,1866,1,0,113275,0,0,0
8,approach,reorder 5%,2.1677,CAUTION,18660,1833,1,0,116118,0,0,0
8,approach,reorder 5%,2.2009,CAUTION,18661,1800,1,0,59190,0,0,0
8,approach,reorder 5%,2.2340,CAUTION,18662,1766,1,0,45052,0,0,0
8,approach,reorder 5%,2.2675,CAUTION,18663,1733,1,0,52675,0,0,0
8,approach,reorder 5%,2.3008,CAUTION,18664,1700,1,0,25573,0,0,0
8,approach,reorder 5%,2.3341,CAUTION,18665,1666,1,0,97284,0,0,0
8,approach,reorder 5%,2.3675,CAUTION,18666,1633,1,0,55142,0,0,0
8,approach,reorder 5%,2.4008,CAUTION,18667,1600,1,0,40528,0,0,0
8,approach,reorder 5%,2.4343,CAUTION,18668,1566,1,0,50642,0,0,0
8,approach,reorder 5%,2.4675,CAUTION,18669,1533,1,0,54505,0,0,0
8,approach,reorder 5%,2.5010,CAUTION,18670,1500,1,0,115593,0,0,0
8,approach,reorder 5%,2.5341,CAUTION,18671,1466,1,0,19850,0,0,0
8,approach,reorder 5%,2.5675,CAUTION,18672,1433,1,0,48397,0,0,0
8,approach,reorder 5%,2.6014,CAUTION,18673,1400,1,0,145725,0,0,0
8,approach,reorder 5%,2.6342,CAUTION,18674,1366,1,0,43455,0,0,0
8,approach,reorder 5%,2.6676,CAUTION,18675,1333,1,0,54805,0,0,0
8,approach,reorder 5%,2.7008,CAUTION,18676,1300,1,0,52964,0,0,0
8,approach,reorder 5%,2.7341,CAUTION,18677,1266,1,0,36927,0,0,0
8,approach,reorder 5%,2.7675,CAUTION,18678,1233,1,0,22623,0,0,0
8,approach,reorder 5%,2.8008,CAUTION,18679,1200,1,0,42049,0,0,0
8,approach,reorder 5%,2.8346,WARNING,18680,1166,1,0,108449,0,0,0
8,approach,reorder 5%,2.8675,WARNING,18681,1133,1,0,41173,0,0,0
8,approach,reorder 5%,2.9009,WARNING,18682,1100,1,0,44762,0,0,0
8,approach,reorder 5%,2.9342,WARNING,18683,1066,1,0,46867,0,0,0
8,approach,reorder 5%,3.0012,WARNING,18685,1000,1,4,58555,0,0,0
8,approach,reorder 5%,3.0341,WARNING,18686,966,1,8,54991,0,0,0
8,approach,reorder 5%,3.0675,WARNING,18687,933,1,0,39154,0,0,0
8,approach,reorder 5%,3.1006,WARNING,18688,900,1,0,20488,0,0,0
8,approach,reorder 5%,3.1341,WARNING,18689,866,1,0,50272,0,0,0
8,approach,reorder 5%,3.1674,WARNING,18690,833,1,0,55270,0,0,0
8,approach,reorder 5%,3.2008,WARNING,18691,800,1,0,34163,0,0,0
8,approach,reorder 5%,3.2342,WARNING,18692,766,1,0,33921,0,0,0
8,approach,reorder 5%,3.2677,WARNING,18693,733,1,0,18229,0,0,0
8,approach,reorder 5%,3.3009,WARNING,18694,700,1,0,64393,0,0,0
8,approach,reorder 5%,3.3343,WARNING,18695,666,1,0,110068,0,0,0
8,approach,reorder 5%,3.3674,WARNING,18696,633,1,0,35838,0,0,0
8,approach,reorder 5%,3.4008,WARNING,18697,600,1,0,58468,0,0,0
8,approach,reorder 5%,3.4341,WARNING,18698,566,1,0,50570,0,0,0
8,approach,reorder 5%,3.4676,WARNING,18699,533,1,0,54555,0,0,0
8,approach,reorder 5%,3.5007,WARNING,18700,500,1,0,44530,0,0,0
8,approach,reorder 5%,3.5342,WARNING,18701,466,1,0,51427,0,0,0
8,approach,reorder 5%,3.5676,WARNING,18702,433,1,0,71795,0,0,0
8,approach,reorder 5%,3.6009,WARNING,18703,400,1,0,62172,0,0,0
8,approach,reorder 5%,3.6340,WARNING,18704,366,1,0,73898,0,0,0
8,approach,reorder 5%,3.6675,WARNING,18705,333,1,0,41021,0,0,0
8,approach,reorder 5%,3.7009,WARNING,18706,300,1,0,60672,0,0,0
8,approach,reorder 5%,3.7341,WARNING,18707,266,1,0,37522,0,0,0
8,approach,reorder 5%,3.7673,WARNING,18708,233,1,0,38120,0,0,0
8,approach,reorder 5%,3.8700,FAILSAFE,18708,-1,65535,1,0,0,0,0
9,approach,duplicate 5%,-0.9988,FAILSAFE,18709,-1,65535,0,55508,0,0,0
9,approach,duplicate 5%,-0.9657,FAILSAFE,18710,-1,65535,0,34840,0,0,0
9,approach,duplicate 5%,-0.9455,FAILSAFE,18710,-1,65535,0,0,0,0,0
9,approach,duplicate 5%,-0.9326,FAILSAFE,18711,-1,65535,0,31355,0,0,0
9,approach,duplicate 5%,-0.8992,FAILSAFE,18712,-1,65535,0,52618,0,0,0
9,approach,duplicate 5%,-0.8660,FAILSAFE,18713,-1,65535,0,53074,0,0,0
9,approach,duplicate 5%,-0.8459,FAILSAFE,18713,-1,65535,0,0,0,0,0
9,approach,duplicate 5%,-0.8325,FAILSAFE,18714,-1,65535,0,93366,0,0,0
9,approach,duplicate 5%,-0.7992,FAILSAFE,18715,-1,65535,0,69497,0,0,0
9,approach,duplicate 5%,-0.7660,FAILSAFE,18716,-1,65535,0,31280,0,0,0
9,approach,duplicate 5%,-0.7460,FAILSAFE,18716,-1,65535,0,0,0,0,0
9,approach,duplicate 5%,-0.7326,FAILSAFE,18717,-1,65535,0,31095,0,0,0
9,approach,duplicate 5%,-0.6989,NOMINAL,18718,-1,65535,0,111319,0,0,0
9,approach,duplicate 5%,-0.6659,NOMINAL,18719,-1,65535,0,41089,0,0,0
9,approach,duplicate 5%,-0.6325,NOMINAL,18720,-1,65535,0,55652,0,0,0
9,approach,duplicate 5%,-0.5991,NOMINAL,18721,-1,65535,0,60219,0,0,0
9,approach,duplicate 5%,-0.5658,NOMINAL,18722,-1,65535,0,56445,0,0,0
9,approach,duplicate 5%,-0.5324,NOMINAL,18723,-1,65535,0,55545,0,0,0
9,approach,duplicate 5%,-0.4993,NOMINAL,18724,-1,65535,0,25237,0,0,0
9,approach,duplicate 5%,-0.4656,NOMINAL,18725,-1,65535,0,95498,0,0,0
9,approach,duplicate 5%,-0.4326,NOMINAL,18726,-1,65535,0,37323,0,0,0
9,approach,duplicate 5%,-0.3993,NOMINAL,18727,-1,65535,0,42739,0,0,0
9,approach,duplicate 5%,-0.3659,NOMINAL,18728,-1,65535,0,81713,0,0,0
9,approach,duplicate 5%,-0.3325,NOMINAL,18729,-1,65535,0,38494,0,0,0
9,approach,duplicate 5%,-0.2992,NOMINAL,18730,-1,65535,0,39764,0,0,0
9,approach,duplicate 5%,-0.2659,NOMINAL,18731,-1,65535,0,56844,0,0,0
9,approach,duplicate 5%,-0.2327,NOMINAL,18732,-1,65535,0,57403,0,0,0
9,approach,duplicate 5%,-0.1991,NOMINAL,18733,-1,65535,0,99556,0,0,0
9,approach,duplicate 5%,-0.1659,NOMINAL,18734,-1,65535,0,22836,0,0,0
9,approach,duplicate 5%,-0.1326,NOMINAL,18735,-1,65535,0,39360,0,0,0
9,approach,duplicate 5%,-0.0991,NOMINAL,18736,-1,65535,0,95716,0,0,0
9,approach,duplicate 5%,-0.0656,NOMINAL,18737,-1,65535,0,22036,0,0,0
9,approach,duplicate 5%,-0.0321,NOMINAL,18738,-1,65535,0,48636,0,0,0
9,approach,duplicate 5%,0.0010,NOMINAL,18739,4000,1,0,33103,0,0,0
9,approach,duplicate 5%,0.0344,NOMINAL,18740,3966,1,0,38133,0,0,0
9,approach,duplicate 5%,0.0676,NOMINAL,18741,3933,1,0,40600,0,0,0
9,approach,duplicate 5%,0.1010,NOMINAL,18742,3900,1,0,95769,0,0,0
9,approach,duplicate 5%,0.1344,NOMINAL,18743,3866,1,0,41147,0,0,0
9,approach,duplicate 5%,0.1676,NOMINAL,18744,3833,1,8,42523,0,0,0
9,approach,duplicate 5%,0.2008,NOMINAL,18745,3800,1,0,23519,0,0,0
9,approach,duplicate 5%,0.2341,NOMINAL,18746,3766,1,0,35399,0,0,0
9,approach,duplicate 5%,0.2674,NOMINAL,18747,3733,1,0,40573,0,0,0
9,approach,duplicate 5%,0.3006,NOMINAL,18748,3700,1,0,43040,0,0,0
9,approach,duplicate 5%,0.3340,NOMINAL,18749,3666,1,0,57984,0,0,0
9,approach,duplicate 5%,0.3674,NOMINAL,18750,3633,1,0,34136,0,0,0
9,approach,duplicate 5%,0.4008,NOMINAL,18751,3600,1,0,27982,0,0,0
9,approach,duplicate 5%,0.4343,NOMINAL,18752,3566,1,0,40294,0,0,0
9,approach,duplicate 5%,0.4675,NOMINAL,18753,3533,1,0,40205,0,0,0
9,approach,duplicate 5%,0.5009,NOMINAL,18754,3500,1,0,60385,0,0,0
9,approach,duplicate 5%,0.5342,NOMINAL,18755,3466,1,0,34043,0,0,0
9,approach,duplicate 5%,0.5674,NOMINAL,18756,3433,1,0,32585,0,0,0
9,approach,duplicate 5%,0.6008,NOMINAL,18757,3400,1,0,48165,0,0,0
9,approach,duplicate 5%,0.6341,NOMINAL,18758,3366,1,0,38323,0,0,0
9,approach,duplicate 5%,0.6677,NOMINAL,18759,3333,1,0,39281,0,0,0
9,approach,duplicate 5%,0.7010,NOMINAL,18760,3300,1,0,27236,0,0,0
9,approach,duplicate 5%,0.7343,NOMINAL,18761,3266,1,0,41506,0,0,0
9,approach,duplicate 5%,0.7675,NOMINAL,18762,3233,1,0,55038,0,0,0
9,approach,duplicate 5%,0.8008,NOMINAL,18763,3200,1,0,45934,0,0,0
9,approach,duplicate 5%,0.8340,NOMINAL,18764,3166,1,0,40123,0,0,0
9,approach,duplicate 5%,0.8676,NOMINAL,18765,3133,1,0,93649,0,0,0
9,approach,duplicate 5%,0.9009,NOMINAL,18766,3100,1,0,38481,0,0,0
9,approach,duplicate 5%,0.9343,NOMINAL,18767,3066,1,0,19681,0,0,0
9,approach,duplicate 5%,0.9676,NOMINAL,18768,3033,1,8,54741,0,0,0
9,approach,duplicate 5%,1.0008,NOMINAL,18769,3000,1,0,45423,0,0,0
9,approach,duplicate 5%,1.0342,NOMINAL,18770,2966,1,0,14304,0,0,0
9,approach,duplicate 5%,1.0674,NOMINAL,18771,2933,1,0,36031,0,0,0
9,approach,duplicate 5%,1.1008,NOMINAL,18772,2900,1,0,42798,0,0,0
9,approach,duplicate 5%,1.1346,NOMINAL,18773,2866,1,0,133070,0,0,0
9,approach,duplicate 5%,1.1676,NOMINAL,18774,2833,1,0,42688,0,0,0
9,approach,duplicate 5%,1.2008,NOMINAL,18775,2800,1,0,37821,0,0,0
9,approach,duplicate 5%,1.2341,NOMINAL,18776,2766,1,0,37161,0,0,0
9,approach,duplicate 5%,1.2674,NOMINAL,18777,2733,1,0,20280,0,0,0
9,approach,duplicate 5%,1.3008,NOMINAL,18778,2700,1,0,41818,0,0,0
9,approach,duplicate 5%,1.3341,NOMINAL,18779,2666,1,0,37120,0,0,0
9,approach,duplicate 5%,1.3673,NOMINAL,18780,2633,1,0,40445,0,0,0
9,approach,duplicate 5%,1.4011,NOMINAL,18781,2600,1,0,28845,0,0,0
9,approach,duplicate 5%,1.4342,NOMINAL,18782,2566,1,8,41404,0,0,0
9,approach,duplicate 5%,1.4675,NOMINAL,18783,2533,1,0,38846,0,0,0
9,approach,duplicate 5%,1.5009,NOMINAL,18784,2500,1,0,35978,0,0,0
9,approach,duplicate 5%,1.5344,CAUTION,18785,2466,1,0,63256,0,0,0
9,approach,duplicate 5%,1.5675,CAUTION,18786,2433,1,0,27207,0,0,0
9,approach,duplicate 5%,1.6008,CAUTION,18787,2400,1,0,78976,0,0,0
9,approach,duplicate 5%,1.6341,CAUTION,18788,2366,1,0,39300,0,0,0
9,approach,duplicate 5%,1.6675,CAUTION,18789,2333,1,0,38859,0,0,0
9,approach,duplicate 5%,1.7009,CAUTION,18790,2300,1,0,43090,0,0,0
9,approach,duplicate 5%,1.7341,CAUTION,18791,2266,1,0,39492,0,0,0
9,approach,duplicate 5%,1.7675,CAUTION,18792,2233,1,0,38393,0,0,0
9,approach,duplicate 5%,1.8008,CAUTION,18793,2200,1,0,61077,0,0,0
9,approach,duplicate 5%,1.8341,CAUTION,18794,2166,1,0,114717,0,0,0
9,approach,duplicate 5%,1.8674,CAUTION,18795,2133,1,0,42004,0,0,0
9,approach,duplicate 5%,1.9008,CAUTION,18796,2100,1,0,60652,0,0,0
9,approach,duplicate 5%,1.9343,CAUTION,18797,2066,1,0,57334,0,0,0
9,approach,duplicate 5%,1.9677,CAUTION,18798,2033,1,0,40684,0,0,0
9,approach,duplicate 5%,2.0008,CAUTION,18799,2000,1,8,37875,0,0,0
9,approach,duplicate 5%,2.0341,CAUTION,18800,1966,1,0,23950,0,0,0
9,approach,duplicate 5%,2.0675,CAUTION,18801,1933,1,0,54675,0,0,0
9,approach,duplicate 5%,2.1009,CAUTION,18802,1900,1,0,43314,0,0,0
9,approach,duplicate 5%,2.1341,CAUTION,18803,1866,1,0,35117,0,0,0
9,approach,duplicate 5%,2.1674,CAUTION,18804,1833,1,0,38495,0,0,0
9,approach,duplicate 5%,2.2011,CAUTION,18805,1800,1,0,118440,0,0,0
9,approach,duplicate 5%,2.2342,CAUTION,18806,1766,1,0,56983,0,0,0
9,approach,duplicate 5%,2.2675,CAUTION,18807,1733,1,0,38401,0,0,0
9,approach,duplicate 5%,2.3007,CAUTION,18808,1700,1,0,61336,0,0,0
9,approach,duplicate 5%,2.3343,CAUTION,18809,1666,1,0,38551,0,0,0
9,approach,duplicate 5%,2.3677,CAUTION,18810,1633,1,0,55925,0,0,0
9,approach,duplicate 5%,2.4008,CAUTION,18811,1600,1,0,41170,0,0,0
9,approach,duplicate 5%,2.4339,CAUTION,18812,1566,1,0,55742,0,0,0
9,approach,duplicate 5%,2.4676,CAUTION,18813,1533,1,0,36192,0,0,0
9,approach,duplicate 5%,2.5007,CAUTION,18814,1500,1,0,43244,0,0,0
9,approach,duplicate 5%,2.5344,CAUTION,18815,1466,1,0,69734,0,0,0
9,approach,duplicate 5%,2.5678,CAUTION,18816,1433,1,0,43000,0,0,0
9,approach,duplicate 5%,2.6008,CAUTION,18817,1400,1,0,29237,0,0,0
9,approach,duplicate 5%,2.6343,CAUTION,18818,1366,1,0,58084,0,0,0
9,approach,duplicate 5%,2.6675,CAUTION,18819,1333,1,0,55196,0,0,0
9,approach,duplicate 5%,2.7007,CAUTION,18820,1300,1,0,46047,0,0,0
9,approach,duplicate 5%,2.7341,CAUTION,18821,1266,1,0,42785,0,0,0
9,approach,duplicate 5%,2.7674,CAUTION,18822,1233,1,0,23471,0,0,0
9,approach,duplicate 5%,2.8007,CAUTION,18823,1200,1,0,45636,0,0,0
9,approach,duplicate 5%,2.8345,WARNING,18824,1166,1,0,110491,0,0,0
9,approach,duplicate 5%,2.8674,WARNING,18825,1133,1,0,36872,0,0,0
9,approach,duplicate 5%,2.9008,WARNING,18826,1100,1,0,44554,0,0,0
9,approach,duplicate 5%,2.9341,WARNING,18827,1066,1,0,41361,0,0,0
9,approach,duplicate 5%,2.9676,WARNING,18828,1033,1,0,27102,0,0,0
9,approach,duplicate 5%,3.0008,WARNING,18829,1000,1,8,38440,0,0,0
9,approach,duplicate 5%,3.0341,WARNING,18830,966,1,0,37891,0,0,0
9,approach,duplicate 5%,3.0674,WARNING,18831,933,1,0,58460,0,0,0
9,approach,duplicate 5%,3.1009,WARNING,18832,900,1,0,84596,0,0,0
9,approach,duplicate 5%,3.1341,WARNING,18833,866,1,0,35221,0,0,0
9,approach,duplicate 5%,3.1677,WARNING,18834,833,1,0,59036,0,0,0
9,approach,duplicate 5%,3.2008,WARNING,18835,800,1,0,60503,0,0,0
9,approach,duplicate 5%,3.2341,WARNING,18836,766,1,0,37236,0,0,0
9,approach,duplicate 5%,3.2674,WARNING,18837,733,1,0,41636,0,0,0
9,approach,duplicate 5%,3.3008,WARNING,18838,700,1,0,41086,0,0,0
9,approach,duplicate 5%,3.3342,WARNING,18839,666,1,0,43820,0,0,0
9,approach,duplicate 5%,3.3676,WARNING,18840,633,1,0,39978,0,0,0
9,approach,duplicate 5%,3.4008,WARNING,18841,600,1,0,47472,0,0,0
9,approach,duplicate 5%,3.4341,WARNING,18842,566,1,0,55978,0,0,0
9,approach,duplicate 5%,3.4675,WARNING,18843,533,1,0,56870,0,0,0
9,approach,duplicate 5%,3.5006,WARNING,18844,500,1,0,44554,0,0,0
9,approach,duplicate 5%,3.5341,WARNING,18845,466,1,0,53504,0,0,0
9,approach,duplicate 5%,3.5677,WARNING,18846,433,1,0,53686,0,0,0
9,approach,duplicate 5%,3.6008,WARNING,18847,400,1,0,45378,0,0,0
9,approach,duplicate 5%,3.6342,WARNING,18848,366,1,0,50431,0,0,0
9,approach,duplicate 5%,3.6674,WARNING,18849,333,1,0,57437,0,0,0
9,approach,duplicate 5%,3.7006,WARNING,18850,300,1,0,42897,0,0,0
9,approach,duplicate 5%,3.7342,WARNING,18851,266,1,0,36285,0,0,0
9,approach,duplicate 5%,3.7674,WARNING,18852,233,1,0,57870,0,0,0
9,approach,duplicate 5%,3.8693,FAILSAFE,18852,-1,65535,1,0,0,0,0
10,approach,rate 15 Hz,-0.9987,FAILSAFE,18853,-1,65535,0,46436,0,0,0
10,approach,rate 15 Hz,-0.9385,FAILSAFE,18853,-1,65535,0,0,0,0,0
10,approach,rate 15 Hz,-0.9323,FAILSAFE,18854,-1,65535,0,88446,0,0,0
10,approach,rate 15 Hz,-0.8658,FAILSAFE,18855,-1,65535,0,37998,0,0,0
10,approach,rate 15 Hz,-0.8255,FAILSAFE,18855,-1,65535,0,0,0,0,0
10,approach,rate 15 Hz,-0.7993,FAILSAFE,18856,-1,65535,0,33386,0,0,0
10,approach,rate 15 Hz,-0.7327,FAILSAFE,18857,-1,65535,0,30580,0,0,0
10,approach,rate 15 Hz,-0.7125,FAILSAFE,18857,-1,65535,0,0,0,0,0
10,approach,rate 15 Hz,-0.6659,FAILSAFE,18858,-1,65535,0,32254,0,0,0
10,approach,rate 15 Hz,-0.6056,FAILSAFE,18858,-1,65535,0,0,0,0,0
10,approach,rate 15 Hz,-0.5993,FAILSAFE,18859,-1,65535,0,30038,0,0,0
10,approach,rate 15 Hz,-0.5325,FAILSAFE,18860,-1,65535,0,31659,0,0,0
10,approach,rate 15 Hz,-0.4925,FAILSAFE,18860,-1,65535,0,0,0,0,0
10,approach,rate 15 Hz,-0.4659,FAILSAFE,18861,-1,65535,0,31445,0,0,0
10,approach,rate 15 Hz,-0.3988,NOMINAL,18862,-1,65535,0,78457,0,0,0
10,approach,rate 15 Hz,-0.3325,NOMINAL,18863,-1,65535,0,23912,0,0,0
10,approach,rate 15 Hz,-0.2658,NOMINAL,18864,-1,65535,0,39640,0,0,0
10,approach,rate 15 Hz,-0.1992,NOMINAL,18865,-1,65535,0,36786,0,0,0
10,approach,rate 15 Hz,-0.1324,NOMINAL,18866,-1,65535,0,64938,0,0,0
10,approach,rate 15 Hz,-0.0659,NOMINAL,18867,-1,65535,0,56762,0,0,0
10,approach,rate 15 Hz,0.0013,NOMINAL,18868,4000,1,0,58758,0,0,0
10,approach,rate 15 Hz,0.0677,NOMINAL,18869,3933,1,0,41226,0,0,0
10,approach,rate 15 Hz,0.1340,NOMINAL,18870,3866,1,0,57523,0,0,0
10,approach,rate 15 Hz,0.2009,NOMINAL,18871,3800,1,0,39380,0,0,0
10,approach,rate 15 Hz,0.2675,NOMINAL,18872,3733,1,0,42423,0,0,0
10,approach,rate 15 Hz,0.3340,NOMINAL,18873,3666,1,0,33723,0,0,0
10,approach,rate 15 Hz,0.4009,NOMINAL,18874,3600,1,0,32939,0,0,0
10,approach,rate 15 Hz,0.4674,NOMINAL,18875,3533,1,0,57921,0,0,0
10,approach,rate 15 Hz,0.5342,NOMINAL,18876,3466,1,0,36510,0,0,0
10,approach,rate 15 Hz,0.6008,NOMINAL,18877,3400,1,0,40365,0,0,0
10,approach,rate 15 Hz,0.6677,NOMINAL,18878,3333,1,0,39909,0,0,0
10,approach,rate 15 Hz,0.7341,NOMINAL,18879,3266,1,0,43165,0,0,0
10,approach,rate 15 Hz,0.8009,NOMINAL,18880,3200,1,0,37956,0,0,0
10,approach,rate 15 Hz,0.8676,NOMINAL,18881,3133,1,0,52730,0,0,0
10,approach,rate 15 Hz,0.9343,NOMINAL,18882,3066,1,0,49879,0,0,0
10,approach,rate 15 Hz,1.0007,NOMINAL,18883,3000,1,0,35890,0,0,0
10,approach,rate 15 Hz,1.0676,NOMINAL,18884,2933,1,0,37285,0,0,0
10,approach,rate 15 Hz,1.1341,NOMINAL,18885,2866,1,0,38333,0,0,0
10,approach,rate 15 Hz,1.2007,NOMINAL,18886,2800,1,0,34415,0,0,0
10,approach,rate 15 Hz,1.2675,NOMINAL,18887,2733,1,0,40626,0,0,0
10,approach,rate 15 Hz,1.3342,NOMINAL,18888,2666,1,0,59316,0,0,0
10,approach,rate 15 Hz,1.4009,NOMINAL,18889,2600,1,0,42370,0,0,0
10,approach,rate 15 Hz,1.4675,NOMINAL,18890,2533,1,0,52359,0,0,0
10,approach,rate 15 Hz,1.5346,CAUTION,18891,2466,1,0,74344,0,0,0
10,approach,rate 15 Hz,1.6008,CAUTION,18892,2400,1,0,36158,0,0,0
10,approach,rate 15 Hz,1.6674,CAUTION,18893,2333,1,0,38066,0,0,0
10,approach,rate 15 Hz,1.7342,CAUTION,18894,2266,1,0,22287,0,0,0
10,approach,rate 15 Hz,1.8011,CAUTION,18895,2200,1,0,18283,0,0,0
10,approach,rate 15 Hz,1.8677,CAUTION,18896,2133,1,0,95600,0,0,0
10,approach,rate 15 Hz,1.9343,CAUTION,18897,2066,1,0,39884,0,0,0
10,approach,rate 15 Hz,2.0009,CAUTION,18898,2000,1,0,32343,0,0,0
10,approach,rate 15 Hz,2.0675,CAUTION,18899,1933,1,0,20910,0,0,0
10,approach,rate 15 Hz,2.1342,CAUTION,18900,1866,1,0,40363,0,0,0
10,approach,rate 15 Hz,2.2010,CAUTION,18901,1800,1,0,34693,0,0,0
10,approach,rate 15 Hz,2.2676,CAUTION,18902,1733,1,0,55726,0,0,0
10,approach,rate 15 Hz,2.3344,CAUTION,18903,1666,1,0,53830,0,0,0
10,approach,rate 15 Hz,2.4008,CAUTION,18904,1600,1,0,41560,0,0,0
10,approach,rate 15 Hz,2.4676,CAUTION,18905,1533,1,0,36561,0,0,0
10,approach,rate 15 Hz,2.5342,CAUTION,18906,1466,1,0,20194,0,0,0
10,approach,rate 15 Hz,2.6014,CAUTION,18907,1400,1,0,106457,0,0,0
10,approach,rate 15 Hz,2.6676,CAUTION,18908,1333,1,0,60929,0,0,0
10,approach,rate 15 Hz,2.7342,CAUTION,18909,1266,1,0,55042,0,0,0
10,approach,rate 15 Hz,2.8011,CAUTION,18910,1200,1,0,52877,0,0,0
10,approach,rate 15 Hz,2.8681,WARNING,18911,1133,1,0,110039,0,0,0
10,approach,rate 15 Hz,2.9343,WARNING,18912,1066,1,0,41896,0,0,0
10,approach,rate 15 Hz,3.0010,WARNING,18913,1000,1,0,38704,0,0,0
10,approach,rate 15 Hz,3.0678,WARNING,18914,933,1,0,93189,0,0,0
10,approach,rate 15 Hz,3.1343,WARNING,18915,866,1,0,33559,0,0,0
10,approach,rate 15 Hz,3.2010,WARNING,18916,800,1,0,48871,0,0,0
10,approach,rate 15 Hz,3.2675,WARNING,18917,733,1,0,37140,0,0,0
10,approach,rate 15 Hz,3.3340,WARNING,18918,666,1,0,21453,0,0,0
10,approach,rate 15 Hz,3.4008,WARNING,18919,600,1,0,36963,0,0,0
10,approach,rate 15 Hz,3.4677,WARNING,18920,533,1,0,20139,0,0,0
10,approach,rate 15 Hz,3.5341,WARNING,18921,466,1,0,53445,0,0,0
10,approach,rate 15 Hz,3.6008,WARNING,18922,400,1,0,39188,0,0,0
10,approach,rate 15 Hz,3.6675,WARNING,18923,333,1,0,56824,0,0,0
10,approach,rate 15 Hz,3.7342,WARNING,18924,266,1,0,37281,0,0,0
10,approach,rate 15 Hz,3.8384,FAILSAFE,18924,-1,65535,1,0,0,0,0
11,follow,burst-loss 200ms@1.00s,-0.9985,FAILSAFE,18925,-1,65535,0,75514,0,0,0
11,follow,burst-loss 200ms@1.00s,-0.9654,FAILSAFE,18926,-1,65535,0,115176,0,0,0
11,follow,burst-loss 200ms@1.00s,-0.9455,FAILSAFE,18926,-1,65535,0,0,0,0,0
11,follow,burst-loss 200ms@1.00s,-0.9323,FAILSAFE,18927,-1,65535,0,46097,0,0,0
11,follow,burst-loss 200ms@1.00s,-0.8992,FAILSAFE,18928,-1,65535,0,54982,0,0,0
11,follow,burst-loss 200ms@1.00s,-0.8659,FAILSAFE,18929,-1,65535,0,98813,0,0,0
11,follow,burst-loss 200ms@1.00s,-0.8457,FAILSAFE,18929,-1,65535,0,0,0,0,0
11,follow,burst-loss 200ms@1.00s,-0.8325,FAILSAFE,18930,-1,65535,0,89129,0,0,0
11,follow,burst-loss 200ms@1.00s,-0.7992,FAILSAFE,18931,-1,65535,0,34583,0,0,0
11,follow,burst-loss 200ms@1.00s,-0.7659,FAILSAFE,18932,-1,65535,0,16386,0,0,0
11,follow,burst-loss 200ms@1.00s,-0.7459,FAILSAFE,18932,-1,65535,0,0,0,0,0
11,follow,burst-loss 200ms@1.00s,-0.7325,FAILSAFE,18933,-1,65535,0,32314,0,0,0
11,follow,burst-loss 200ms@1.00s,-0.6988,NOMINAL,18934,-1,65535,0,83418,0,0,0
11,follow,burst-loss 200ms@1.00s,-0.6658,NOMINAL,18935,-1,65535,0,44759,0,0,0
11,follow,burst-loss 200ms@1.00s,-0.6323,NOMINAL,18936,-1,65535,0,56971,0,0,0
11,follow,burst-loss 200ms@1.00s,-0.5991,NOMINAL,18937,-1,65535,0,22871,0,0,0
11,follow,burst-loss 200ms@1.00s,-0.5659,NOMINAL,18938,-1,65535,0,23571,0,0,0
11,follow,burst-loss 200ms@1.00s,-0.5323,NOMINAL,18939,-1,65535,0,85829,0,0,0
11,follow,burst-loss 200ms@1.00s,-0.4992,NOMINAL,18940,-1,65535,0,46217,0,0,0
11,follow,burst-loss 200ms@1.00s,-0.4658,NOMINAL,18941,-1,65535,0,58892,0,0,0
11,follow,burst-loss 200ms@1.00s,-0.4323,NOMINAL,18942,-1,65535,0,40688,0,0,0
11,follow,burst-loss 200ms@1.00s,-0.3991,NOMINAL,18943,-1,65535,0,57920,0,0,0
11,follow,burst-loss 200ms@1.00s,-0.3659,NOMINAL,18944,-1,65535,0,37071,0,0,0
11,follow,burst-loss 200ms@1.00s,-0.3323,NOMINAL,18945,-1,65535,0,59120,0,0,0
11,follow,burst-loss 200ms@1.00s,-0.2995,NOMINAL,18946,-1,65535,0,37887,0,0,0
11,follow,burst-loss 200ms@1.00s,-0.2658,NOMINAL,18947,-1,65535,0,41242,0,0,0
11,follow,burst-loss 200ms@1.00s,-0.2322,NOMINAL,18948,-1,65535,0,115525,0,0,0
11,follow,burst-loss 200ms@1.00s,-0.1991,NOMINAL,18949,-1,65535,0,44291,0,0,0
11,follow,burst-loss 200ms@1.00s,-0.1658,NOMINAL,18950,-1,65535,0,41897,0,0,0
11,follow,burst-loss 200ms@1.00s,-0.1325,NOMINAL,18951,-1,65535,0,40030,0,0,0
11,follow,burst-loss 200ms@1.00s,-0.0992,NOMINAL,18952,-1,65535,0,39854,0,0,0
11,follow,burst-loss 200ms@1.00s,-0.0659,NOMINAL,18953,-1,65535,0,42868,0,0,0
11,follow,burst-loss 200ms@1.00s,-0.0324,NOMINAL,18954,-1,65535,0,20894,0,0,0
11,follow,burst-loss 200ms@1.00s,0.0008,NOMINAL,18955,-1,65535,0,19106,0,0,0
11,follow,burst-loss 200ms@1.00s,0.0341,NOMINAL,18956,-1,65535,0,26572,0,0,0
11,follow,burst-loss 200ms@1.00s,0.0676,NOMINAL,18957,-1,65535,0,41012,0,0,0
11,follow,burst-loss 200ms@1.00s,0.1007,NOMINAL,18958,-1,65535,0,18881,0,0,0
11,follow,burst-loss 200ms@1.00s,0.1342,NOMINAL,18959,-1,65535,0,40617,0,0,0
11,follow,burst-loss 200ms@1.00s,0.1676,NOMINAL,18960,-1,65535,0,62391,0,0,0
11,follow,burst-loss 200ms@1.00s,0.2008,NOMINAL,18961,-1,65535,0,39208,0,0,0
11,follow,burst-loss 200ms@1.00s,0.2341,NOMINAL,18962,-1,65535,0,100755,0,0,0
11,follow,burst-loss 200ms@1.00s,0.2676,NOMINAL,18963,-1,65535,0,37436,0,0,0
11,follow,burst-loss 200ms@1.00s,0.3009,NOMINAL,18964,-1,65535,0,38436,0,0,0
11,follow,burst-loss 200ms@1.00s,0.3346,NOMINAL,18965,-1,65535,0,52051,0,0,0
11,follow,burst-loss 200ms@1.00s,0.3678,NOMINAL,18966,-1,65535,0,43178,0,0,0
11,follow,burst-loss 200ms@1.00s,0.4011,NOMINAL,18967,-1,65535,0,53963,0,0,0
11,follow,burst-loss 200ms@1.00s,0.4343,NOMINAL,18968,-1,65535,0,75750,0,0,0
11,follow,burst-loss 200ms@1.00s,0.4675,NOMINAL,18969,-1,65535,0,39557,0,0,0
11,follow,burst-loss 200ms@1.00s,0.5009,NOMINAL,18970,-1,65535,0,53896,0,0,0
11,follow,burst-loss 200ms@1.00s,0.5342,NOMINAL,18971,-1,65535,0,41622,0,0,0
11,follow,burst-loss 200ms@1.00s,0.5677,NOMINAL,18972,-1,65535,0,55623,0,0,0
11,follow,burst-loss 200ms@1.00s,0.6009,NOMINAL,18973,-1,65535,0,40321,0,0,0
11,follow,burst-loss 200ms@1.00s,0.6342,NOMINAL,18974,-1,65535,0,47239,0,0,0
11,follow,burst-loss 200ms@1.00s,0.6676,NOMINAL,18975,-1,65535,0,38129,0,0,0
11,follow,burst-loss 200ms@1.00s,0.7010,NOMINAL,18976,-1,65535,0,114898,0,0,0
11,follow,burst-loss 200ms@1.00s,0.7343,NOMINAL,18977,-1,65535,0,44767,0,0,0
11,follow,burst-loss 200ms@1.00s,0.7675,NOMINAL,18978,-1,65535,0,22129,0,0,0
11,follow,burst-loss 200ms@1.00s,0.8009,NOMINAL,18979,-1,65535,0,95208,0,0,0
11,follow,burst-loss 200ms@1.00s,0.8341,NOMINAL,18980,-1,65535,0,44747,0,0,0
11,follow,burst-loss 200ms@1.00s,0.8675,NOMINAL,18981,-1,65535,0,36947,0,0,0
11,follow,burst-loss 200ms@1.00s,0.9008,NOMINAL,18982,-1,65535,0,55280,0,0,0
11,follow,burst-loss 200ms@1.00s,0.9342,NOMINAL,18983,-1,65535,0,24180,0,0,0
11,follow,burst-loss 200ms@1.00s,0.9678,NOMINAL,18984,-1,65535,0,56909,0,0,0
11,follow,burst-loss 200ms@1.00s,1.0726,FAILSAFE,18984,-1,65535,1,0,0,0,0
11,follow,burst-loss 200ms@1.00s,1.1731,FAILSAFE,18984,-1,65535,1,0,0,0,0
11,follow,burst-loss 200ms@1.00s,1.2344,FAILSAFE,18992,-1,65535,0,29782,0,0,0
11,follow,burst-loss 200ms@1.00s,1.2675,FAILSAFE,18993,-1,65535,0,33592,0,0,0
11,follow,burst-loss 200ms@1.00s,1.2877,FAILSAFE,18993,-1,65535,0,0,0,0,0
11,follow,burst-loss 200ms@1.00s,1.3009,FAILSAFE,18994,-1,65535,0,32917,0,0,0
11,follow,burst-loss 200ms@1.00s,1.3344,FAILSAFE,18995,-1,65535,0,41507,0,0,0
11,follow,burst-loss 200ms@1.00s,1.3676,FAILSAFE,18996,-1,65535,0,33240,0,0,0
11,follow,burst-loss 200ms@1.00s,1.3876,FAILSAFE,18996,-1,65535,0,0,0,0,0
11,follow,burst-loss 200ms@1.00s,1.4007,FAILSAFE,18997,-1,65535,0,32322,0,0,0
11,follow,burst-loss 200ms@1.00s,1.4345,FAILSAFE,18998,-1,65535,0,89920,0,0,0
11,follow,burst-loss 200ms@1.00s,1.4675,FAILSAFE,18999,-1,65535,0,54767,0,0,0
11,follow,burst-loss 200ms@1.00s,1.4877,FAILSAFE,18999,-1,65535,0,0,0,0,0
11,follow,burst-loss 200ms@1.00s,1.5009,FAILSAFE,19000,-1,65535,0,30734,0,0,0
11,follow,burst-loss 200ms@1.00s,1.5346,NOMINAL,19001,-1,65535,0,118034,0,0,0
11,follow,burst-loss 200ms@1.00s,1.5675,NOMINAL,19002,-1,65535,0,53516,0,0,0
11,follow,burst-loss 200ms@1.00s,1.6009,NOMINAL,19003,-1,65535,0,38412,0,0,0
11,follow,burst-loss 200ms@1.00s,1.6342,NOMINAL,19004,-1,65535,0,41583,0,0,0
11,follow,burst-loss 200ms@1.00s,1.6674,NOMINAL,19005,-1,65535,0,39494,0,0,0
11,follow,burst-loss 200ms@1.00s,1.7010,NOMINAL,19006,-1,65535,0,39419,0,0,0
11,follow,burst-loss 200ms@1.00s,1.7342,NOMINAL,19007,-1,65535,0,56939,0,0,0
11,follow,burst-loss 200ms@1.00s,1.7676,NOMINAL,19008,-1,65535,0,29994,0,0,0
11,follow,burst-loss 200ms@1.00s,1.8008,NOMINAL,19009,-1,65535,0,36822,0,0,0
11,follow,burst-loss 200ms@1.00s,1.8343,NOMINAL,19010,-1,65535,0,42006,0,0,0
11,follow,burst-loss 200ms@1.00s,1.8674,NOMINAL,19011,-1,65535,0,38364,0,0,0
11,follow,burst-loss 200ms@1.00s,1.9009,NOMINAL,19012,-1,65535,0,40745,0,0,0
11,follow,burst-loss 200ms@1.00s,1.9342,NOMINAL,19013,-1,65535,0,41322,0,0,0
11,follow,burst-loss 200ms@1.00s,1.9676,NOMINAL,19014,-1,65535,0,55778,0,0,0
11,follow,burst-loss 200ms@1.00s,2.0009,NOMINAL,19015,-1,65535,0,22295,0,0,0
11,follow,burst-loss 200ms@1.00s,2.0342,NOMINAL,19016,-1,65535,0,40014,0,0,0
11,follow,burst-loss 200ms@1.00s,2.0676,NOMINAL,19017,-1,65535,0,38770,0,0,0
11,follow,burst-loss 200ms@1.00s,2.1013,NOMINAL,19018,-1,65535,0,27631,0,0,0
11,follow,burst-loss 200ms@1.00s,2.1346,NOMINAL,19019,-1,65535,0,97642,0,0,0
11,follow,burst-loss 200ms@1.00s,2.1677,NOMINAL,19020,-1,65535,0,57921,0,0,0
11,follow,burst-loss 200ms@1.00s,2.2011,NOMINAL,19021,-1,65535,0,57288,0,0,0
11,follow,burst-loss 200ms@1.00s,2.2343,NOMINAL,19022,-1,65535,0,40123,0,0,0
11,follow,burst-loss 200ms@1.00s,2.2675,NOMINAL,19023,-1,65535,0,22635,0,0,0
11,follow,burst-loss 200ms@1.00s,2.3009,NOMINAL,19024,-1,65535,0,56686,0,0,0
11,follow,burst-loss 200ms@1.00s,2.3340,NOMINAL,19025,-1,65535,0,42247,0,0,0
11,follow,burst-loss 200ms@1.00s,2.3676,NOMINAL,19026,-1,65535,0,37611,0,0,0
11,follow,burst-loss 200ms@1.00s,2.4008,NOMINAL,19027,-1,65535,0,42246,0,0,0
11,follow,burst-loss 200ms@1.00s,2.4342,NOMINAL,19028,-1,65535,0,39102,0,0,0
11,follow,burst-loss 200ms@1.00s,2.4675,NOMINAL,19029,-1,65535,0,36770,0,0,0
11,follow,burst-loss 200ms@1.00s,2.5009,NOMINAL,19030,-1,65535,0,94462,0,0,0
11,follow,burst-loss 200ms@1.00s,2.5341,NOMINAL,19031,-1,65535,0,39213,0,0,0
11,follow,burst-loss 200ms@1.00s,2.5676,NOMINAL,19032,-1,65535,0,23953,0,0,0
11,follow,burst-loss 200ms@1.00s,2.6008,NOMINAL,19033,-1,65535,0,57255,0,0,0
11,follow,burst-loss 200ms@1.00s,2.6342,NOMINAL,19034,-1,65535,0,41876,0,0,0
11,follow,burst-loss 200ms@1.00s,2.6675,NOMINAL,19035,-1,65535,0,53097,0,0,0
11,follow,burst-loss 200ms@1.00s,2.7009,NOMINAL,19036,-1,65535,0,55504,0,0,0
11,follow,burst-loss 200ms@1.00s,2.7341,NOMINAL,19037,-1,65535,0,55896,0,0,0
11,follow,burst-loss 200ms@1.00s,2.7675,NOMINAL,19038,-1,65535,0,39254,0,0,0
11,follow,burst-loss 200ms@1.00s,2.8008,NOMINAL,19039,-1,65535,0,54821,0,0,0
11,follow,burst-loss 200ms@1.00s,2.8342,NOMINAL,19040,-1,65535,0,69276,0,0,0
11,follow,burst-loss 200ms@1.00s,2.8676,NOMINAL,19041,-1,65535,0,57453,0,0,0
11,follow,burst-loss 200ms@1.00s,2.9008,NOMINAL,19042,-1,65535,0,23063,0,0,0
11,follow,burst-loss 200ms@1.00s,2.9341,NOMINAL,19043,-1,65535,0,61167,0,0,0
11,follow,burst-loss 200ms@1.00s,2.9675,NOMINAL,19044,-1,65535,0,22529,0,0,0
11,follow,burst-loss 200ms@1.00s,3.0730,FAILSAFE,19044,-1,65535,1,0,0,0,0
12,follow,burst-loss 60ms@1.00s,-0.9990,FAILSAFE,19045,-1,65535,0,48889,0,0,0
12,follow,burst-loss 60ms@1.00s,-0.9658,FAILSAFE,19046,-1,65535,0,41988,0,0,0
12,follow,burst-loss 60ms@1.00s,-0.9457,FAILSAFE,19046,-1,65535,0,0,0,0,0
12,follow,burst-loss 60ms@1.00s,-0.9326,FAILSAFE,19047,-1,65535,0,45723,0,0,0
12,follow,burst-loss 60ms@1.00s,-0.8992,FAILSAFE,19048,-1,65535,0,31688,0,0,0
12,follow,burst-loss 60ms@1.00s,-0.8659,FAILSAFE,19049,-1,65535,0,53761,0,0,0
12,follow,burst-loss 60ms@1.00s,-0.8458,FAILSAFE,19049,-1,65535,0,0,0,0,0
12,follow,burst-loss 60ms@1.00s,-0.8326,FAILSAFE,19050,-1,65535,0,32904,0,0,0
12,follow,burst-loss 60ms@1.00s,-0.7992,FAILSAFE,19051,-1,65535,0,47605,0,0,0
12,follow,burst-loss 60ms@1.00s,-0.7657,FAILSAFE,19052,-1,65535,0,49309,0,0,0
12,follow,burst-loss 60ms@1.00s,-0.7456,FAILSAFE,19052,-1,65535,0,0,0,0,0
12,follow,burst-loss 60ms@1.00s,-0.7324,FAILSAFE,19053,-1,65535,0,30678,0,0,0
12,follow,burst-loss 60ms@1.00s,-0.6989,NOMINAL,19054,-1,65535,0,77293,0,0,0
12,follow,burst-loss 60ms@1.00s,-0.6658,NOMINAL,19055,-1,65535,0,99576,0,0,0
12,follow,burst-loss 60ms@1.00s,-0.6326,NOMINAL,19056,-1,65535,0,37160,0,0,0
12,follow,burst-loss 60ms@1.00s,-0.5992,NOMINAL,19057,-1,65535,0,36797,0,0,0
12,follow,burst-loss 60ms@1.00s,-0.5660,NOMINAL,19058,-1,65535,0,80619,0,0,0
12,follow,burst-loss 60ms@1.00s,-0.5324,NOMINAL,19059,-1,65535,0,52138,0,0,0
12,follow,burst-loss 60ms@1.00s,-0.4992,NOMINAL,19060,-1,65535,0,41279,0,0,0
12,follow,burst-loss 60ms@1.00s,-0.4659,NOMINAL,19061,-1,65535,0,39581,0,0,0
12,follow,burst-loss 60ms@1.00s,-0.4325,NOMINAL,19062,-1,65535,0,59804,0,0,0
12,follow,burst-loss 60ms@1.00s,-0.3993,NOMINAL,19063,-1,65535,0,55953,0,0,0
12,follow,burst-loss 60ms@1.00s,-0.3657,NOMINAL,19064,-1,65535,0,80915,0,0,0
12,follow,burst-loss 60ms@1.00s,-0.3326,NOMINAL,19065,-1,65535,0,16954,0,0,0
12,follow,burst-loss 60ms@1.00s,-0.2992,NOMINAL,19066,-1,65535,0,38419,0,0,0
12,follow,burst-loss 60ms@1.00s,-0.2657,NOMINAL,19067,-1,65535,0,26513,0,0,0
12,follow,burst-loss 60ms@1.00s,-0.2326,NOMINAL,19068,-1,65535,0,56862,0,0,0
12,follow,burst-loss 60ms@1.00s,-0.1992,NOMINAL,19069,-1,65535,0,40279,0,0,0
12,follow,burst-loss 60ms@1.00s,-0.1660,NOMINAL,19070,-1,65535,0,39051,0,0,0
12,follow,burst-loss 60ms@1.00s,-0.1327,NOMINAL,19071,-1,65535,0,112612,0,0,0
12,follow,burst-loss 60ms@1.00s,-0.0993,NOMINAL,19072,-1,65535,0,37522,0,0,0
12,follow,burst-loss 60ms@1.00s,-0.0660,NOMINAL,19073,-1,65535,0,24000,0,0,0
12,follow,burst-loss 60ms@1.00s,-0.0319,NOMINAL,19074,-1,65535,0,126416,0,0,0
12,follow,burst-loss 60ms@1.00s,0.0009,NOMINAL,19075,-1,65535,0,45457,0,0,0
12,follow,burst-loss 60ms@1.00s,0.0345,NOMINAL,19076,-1,65535,0,47977,0,0,0
12,follow,burst-loss 60ms@1.00s,0.0677,NOMINAL,19077,-1,65535,0,100018,0,0,0
12,follow,burst-loss 60ms@1.00s,0.1008,NOMINAL,19078,-1,65535,0,52940,0,0,0
12,follow,burst-loss 60ms@1.00s,0.1343,NOMINAL,19079,-1,65535,0,102192,0,0,0
12,follow,burst-loss 60ms@1.00s,0.1677,NOMINAL,19080,-1,65535,0,39106,0,0,0
12,follow,burst-loss 60ms@1.00s,0.2010,NOMINAL,19081,-1,65535,0,39588,0,0,0
12,follow,burst-loss 60ms@1.00s,0.2342,NOMINAL,19082,-1,65535,0,42241,0,0,0
12,follow,burst-loss 60ms@1.00s,0.2674,NOMINAL,19083,-1,65535,0,38936,0,0,0
12,follow,burst-loss 60ms@1.00s,0.3008,NOMINAL,19084,-1,65535,0,38378,0,0,0
12,follow,burst-loss 60ms@1.00s,0.3341,NOMINAL,19085,-1,65535,0,41997,0,0,0
12,follow,burst-loss 60ms@1.00s,0.3675,NOMINAL,19086,-1,65535,0,37112,0,0,0
12,follow,burst-loss 60ms@1.00s,0.4006,NOMINAL,19087,-1,65535,0,39728,0,0,0
12,follow,burst-loss 60ms@1.00s,0.4344,NOMINAL,19088,-1,65535,0,42238,0,0,0
12,follow,burst-loss 60ms@1.00s,0.4677,NOMINAL,19089,-1,65535,0,40637,0,0,0
12,follow,burst-loss 60ms@1.00s,0.5009,NOMINAL,19090,-1,65535,0,38628,0,0,0
12,follow,burst-loss 60ms@1.00s,0.5342,NOMINAL,19091,-1,65535,0,38554,0,0,0
12,follow,burst-loss 60ms@1.00s,0.5676,NOMINAL,19092,-1,65535,0,17945,0,0,0
12,follow,burst-loss 60ms@1.00s,0.6009,NOMINAL,19093,-1,65535,0,40060,0,0,0
12,follow,burst-loss 60ms@1.00s,0.6342,NOMINAL,19094,-1,65535,0,41148,0,0,0
12,follow,burst-loss 60ms@1.00s,0.6676,NOMINAL,19095,-1,65535,0,97636,0,0,0
12,follow,burst-loss 60ms@1.00s,0.7009,NOMINAL,19096,-1,65535,0,35863,0,0,0
12,follow,burst-loss 60ms@1.00s,0.7342,NOMINAL,19097,-1,65535,0,39006,0,0,0
12,follow,burst-loss 60ms@1.00s,0.7677,NOMINAL,19098,-1,65535,0,59236,0,0,0
12,follow,burst-loss 60ms@1.00s,0.8009,NOMINAL,19099,-1,65535,0,55020,0,0,0
12,follow,burst-loss 60ms@1.00s,0.8342,NOMINAL,19100,-1,65535,0,40344,0,0,0
12,follow,burst-loss 60ms@1.00s,0.8674,NOMINAL,19101,-1,65535,0,40203,0,0,0
12,follow,burst-loss 60ms@1.00s,0.9009,NOMINAL,19102,-1,65535,0,38596,0,0,0
12,follow,burst-loss 60ms@1.00s,0.9340,NOMINAL,19103,-1,65535,0,46024,0,0,0
12,follow,burst-loss 60ms@1.00s,0.9675,NOMINAL,19104,-1,65535,0,39821,0,0,0
12,follow,burst-loss 60ms@1.00s,1.0675,NOMINAL,19107,-1,65535,4,62216,0,0,0
12,follow,burst-loss 60ms@1.00s,1.1008,NOMINAL,19108,-1,65535,0,19711,0,0,0
12,follow,burst-loss 60ms@1.00s,1.1342,NOMINAL,19109,-1,65535,0,42439,0,0,0
12,follow,burst-loss 60ms@1.00s,1.1676,NOMINAL,19110,-1,65535,0,40854,0,0,0
12,follow,burst-loss 60ms@1.00s,1.2010,NOMINAL,19111,-1,65535,0,34927,0,0,0
12,follow,burst-loss 60ms@1.00s,1.2343,NOMINAL,19112,-1,65535,0,44038,0,0,0
12,follow,burst-loss 60ms@1.00s,1.2677,NOMINAL,19113,-1,65535,0,40239,0,0,0
12,follow,burst-loss 60ms@1.00s,1.3008,NOMINAL,19114,-1,65535,0,98632,0,0,0
12,follow,burst-loss 60ms@1.00s,1.3341,NOMINAL,19115,-1,65535,0,26524,0,0,0
12,follow,burst-loss 60ms@1.00s,1.3675,NOMINAL,19116,-1,65535,0,42045,0,0,0
12,follow,burst-loss 60ms@1.00s,1.4008,NOMINAL,19117,-1,65535,0,38195,0,0,0
12,follow,burst-loss 60ms@1.00s,1.4341,NOMINAL,19118,-1,65535,0,44146,0,0,0
12,follow,burst-loss 60ms@1.00s,1.4675,NOMINAL,19119,-1,65535,0,41478,0,0,0
12,follow,burst-loss 60ms@1.00s,1.5008,NOMINAL,19120,-1,65535,0,52587,0,0,0
12,follow,burst-loss 60ms@1.00s,1.5340,NOMINAL,19121,-1,65535,0,43887,0,0,0
12,follow,burst-loss 60ms@1.00s,1.5677,NOMINAL,19122,-1,65535,0,94994,0,0,0
12,follow,burst-loss 60ms@1.00s,1.6009,NOMINAL,19123,-1,65535,0,20211,0,0,0
12,follow,burst-loss 60ms@1.00s,1.6343,NOMINAL,19124,-1,65535,0,41245,0,0,0
12,follow,burst-loss 60ms@1.00s,1.6676,NOMINAL,19125,-1,65535,0,37345,0,0,0
12,follow,burst-loss 60ms@1.00s,1.7008,NOMINAL,19126,-1,65535,0,20505,0,0,0
12,follow,burst-loss 60ms@1.00s,1.7343,NOMINAL,19127,-1,65535,0,40572,0,0,0
12,follow,burst-loss 60ms@1.00s,1.7677,NOMINAL,19128,-1,65535,0,95445,0,0,0
12,follow,burst-loss 60ms@1.00s,1.8009,NOMINAL,19129,-1,65535,0,61023,0,0,0
12,follow,burst-loss 60ms@1.00s,1.8341,NOMINAL,19130,-1,65535,0,32074,0,0,0
12,follow,burst-loss 60ms@1.00s,1.8676,NOMINAL,19131,-1,65535,0,113808,0,0,0
12,follow,burst-loss 60ms@1.00s,1.9008,NOMINAL,19132,-1,65535,0,21630,0,0,0
12,follow,burst-loss 60ms@1.00s,1.9341,NOMINAL,19133,-1,65535,0,43683,0,0,0
12,follow,burst-loss 60ms@1.00s,1.9675,NOMINAL,19134,-1,65535,0,39786,0,0,0
12,follow,burst-loss 60ms@1.00s,2.0008,NOMINAL,19135,-1,65535,0,18320,0,0,0
12,follow,burst-loss 60ms@1.00s,2.0341,NOMINAL,19136,-1,65535,0,44282,0,0,0
12,follow,burst-loss 60ms@1.00s,2.0675,NOMINAL,19137,-1,65535,0,35805,0,0,0
12,follow,burst-loss 60ms@1.00s,2.1009,NOMINAL,19138,-1,65535,0,58328,0,0,0
12,follow,burst-loss 60ms@1.00s,2.1344,NOMINAL,19139,-1,65535,0,62044,0,0,0
12,follow,burst-loss 60ms@1.00s,2.1674,NOMINAL,19140,-1,65535,0,19845,0,0,0
12,follow,burst-loss 60ms@1.00s,2.2008,NOMINAL,19141,-1,65535,0,37862,0,0,0
12,follow,burst-loss 60ms@1.00s,2.2341,NOMINAL,19142,-1,65535,0,43592,0,0,0
12,follow,burst-loss 60ms@1.00s,2.2675,NOMINAL,19143,-1,65535,0,38171,0,0,0
12,follow,burst-loss 60ms@1.00s,2.3007,NOMINAL,19144,-1,65535,0,41787,0,0,0
12,follow,burst-loss 60ms@1.00s,2.3341,NOMINAL,19145,-1,65535,0,57396,0,0,0
12,follow,burst-loss 60ms@1.00s,2.3676,NOMINAL,19146,-1,65535,0,40311,0,0,0
12,follow,burst-loss 60ms@1.00s,2.4009,NOMINAL,19147,-1,65535,0,54762,0,0,0
12,follow,burst-loss 60ms@1.00s,2.4344,NOMINAL,19148,-1,65535,0,44773,0,0,0
12,follow,burst-loss 60ms@1.00s,2.4677,NOMINAL,19149,-1,65535,0,43195,0,0,0
12,follow,burst-loss 60ms@1.00s,2.5008,NOMINAL,19150,-1,65535,0,36970,0,0,0
12,follow,burst-loss 60ms@1.00s,2.5342,NOMINAL,19151,-1,65535,0,27680,0,0,0
12,follow,burst-loss 60ms@1.00s,2.5674,NOMINAL,19152,-1,65535,0,40454,0,0,0
12,follow,burst-loss 60ms@1.00s,2.6007,NOMINAL,19153,-1,65535,0,39095,0,0,0
12,follow,burst-loss 60ms@1.00s,2.6343,NOMINAL,19154,-1,65535,0,85511,0,0,0
12,follow,burst-loss 60ms@1.00s,2.6676,NOMINAL,19155,-1,65535,0,37228,0,0,0
12,follow,burst-loss 60ms@1.00s,2.7009,NOMINAL,19156,-1,65535,0,54845,0,0,0
12,follow,burst-loss 60ms@1.00s,2.7343,NOMINAL,19157,-1,65535,0,26974,0,0,0
12,follow,burst-loss 60ms@1.00s,2.7676,NOMINAL,19158,-1,65535,0,96728,0,0,0
12,follow,burst-loss 60ms@1.00s,2.8008,NOMINAL,19159,-1,65535,0,18703,0,0,0
12,follow,burst-loss 60ms@1.00s,2.8343,NOMINAL,19160,-1,65535,0,45022,0,0,0
12,follow,burst-loss 60ms@1.00s,2.8676,NOMINAL,19161,-1,65535,0,36870,0,0,0
12,follow,burst-loss 60ms@1.00s,2.9008,NOMINAL,19162,-1,65535,0,38353,0,0,0
12,follow,burst-loss 60ms@1.00s,2.9342,NOMINAL,19163,-1,65535,0,24457,0,0,0
12,follow,burst-loss 60ms@1.00s,2.9687,NOMINAL,19164,-1,65535,0,40420,0,0,0
12,follow,burst-loss 60ms@1.00s,3.0725,FAILSAFE,19164,-1,65535,1,0,0,0,0
13,follow,stop-at 2.00s,-0.9990,FAILSAFE,19165,-1,65535,0,54009,0,0,0
13,follow,stop-at 2.00s,-0.9658,FAILSAFE,19166,-1,65535,0,76628,0,0,0
13,follow,stop-at 2.00s,-0.9457,FAILSAFE,19166,-1,65535,0,0,0,0,0
13,follow,stop-at 2.00s,-0.9324,FAILSAFE,19167,-1,65535,0,105437,0,0,0
13,follow,stop-at 2.00s,-0.8991,FAILSAFE,19168,-1,65535,0,49520,0,0,0
13,follow,stop-at 2.00s,-0.8657,FAILSAFE,19169,-1,65535,0,70371,0,0,0
13,follow,stop-at 2.00s,-0.8457,FAILSAFE,19169,-1,65535,0,0,0,0,0
13,follow,stop-at 2.00s,-0.8323,FAILSAFE,19170,-1,65535,0,34263,0,0,0
13,follow,stop-at 2.00s,-0.7991,FAILSAFE,19171,-1,65535,0,29547,0,0,0
13,follow,stop-at 2.00s,-0.7659,FAILSAFE,19172,-1,65535,0,34831,0,0,0
13,follow,stop-at 2.00s,-0.7458,FAILSAFE,19172,-1,65535,0,0,0,0,0
13,follow,stop-at 2.00s,-0.7325,FAILSAFE,19173,-1,65535,0,47505,0,0,0
13,follow,stop-at 2.00s,-0.6987,NOMINAL,19174,-1,65535,0,99352,0,0,0
13,follow,stop-at 2.00s,-0.6658,NOMINAL,19175,-1,65535,0,59635,0,0,0
13,follow,stop-at 2.00s,-0.6324,NOMINAL,19176,-1,65535,0,38140,0,0,0
13,follow,stop-at 2.00s,-0.5991,NOMINAL,19177,-1,65535,0,20837,0,0,0
13,follow,stop-at 2.00s,-0.5658,NOMINAL,19178,-1,65535,0,39581,0,0,0
13,follow,stop-at 2.00s,-0.5325,NOMINAL,19179,-1,65535,0,34935,0,0,0
13,follow,stop-at 2.00s,-0.4992,NOMINAL,19180,-1,65535,0,40812,0,0,0
13,follow,stop-at 2.00s,-0.4658,NOMINAL,19181,-1,65535,0,97152,0,0,0
13,follow,stop-at 2.00s,-0.4326,NOMINAL,19182,-1,65535,0,45330,0,0,0
13,follow,stop-at 2.00s,-0.3992,NOMINAL,19183,-1,65535,0,40170,0,0,0
13,follow,stop-at 2.00s,-0.3657,NOMINAL,19184,-1,65535,0,41157,0,0,0
13,follow,stop-at 2.00s,-0.3325,NOMINAL,19185,-1,65535,0,98133,0,0,0
13,follow,stop-at 2.00s,-0.2992,NOMINAL,19186,-1,65535,0,39504,0,0,0
13,follow,stop-at 2.00s,-0.2659,NOMINAL,19187,-1,65535,0,42954,0,0,0
13,follow,stop-at 2.00s,-0.2323,NOMINAL,19188,-1,65535,0,100066,0,0,0
13,follow,stop-at 2.00s,-0.1991,NOMINAL,19189,-1,65535,0,54678,0,0,0
13,follow,stop-at 2.00s,-0.1659,NOMINAL,19190,-1,65535,0,24805,0,0,0
13,follow,stop-at 2.00s,-0.1326,NOMINAL,19191,-1,65535,0,58346,0,0,0
13,follow,stop-at 2.00s,-0.0992,NOMINAL,19192,-1,65535,0,40587,0,0,0
13,follow,stop-at 2.00s,-0.0657,NOMINAL,19193,-1,65535,0,41013,0,0,0
13,follow,stop-at 2.00s,-0.0320,NOMINAL,19194,-1,65535,0,53570,0,0,0
13,follow,stop-at 2.00s,0.0012,NOMINAL,19195,-1,65535,0,99301,0,0,0
13,follow,stop-at 2.00s,0.0345,NOMINAL,19196,-1,65535,0,101830,0,0,0
13,follow,stop-at 2.00s,0.0673,NOMINAL,19197,-1,65535,0,39677,0,0,0
13,follow,stop-at 2.00s,0.1008,NOMINAL,19198,-1,65535,0,41255,0,0,0
13,follow,stop-at 2.00s,0.1342,NOMINAL,19199,-1,65535,0,39514,0,0,0
13,follow,stop-at 2.00s,0.1676,NOMINAL,19200,-1,65535,0,38398,0,0,0
13,follow,stop-at 2.00s,0.2007,NOMINAL,19201,-1,65535,0,39367,0,0,0
13,follow,stop-at 2.00s,0.2341,NOMINAL,19202,-1,65535,0,40075,0,0,0
13,follow,stop-at 2.00s,0.2675,NOMINAL,19203,-1,65535,0,38189,0,0,0
13,follow,stop-at 2.00s,0.3009,NOMINAL,19204,-1,65535,0,24757,0,0,0
13,follow,stop-at 2.00s,0.3342,NOMINAL,19205,-1,65535,0,30267,0,0,0
13,follow,stop-at 2.00s,0.3675,NOMINAL,19206,-1,65535,0,38158,0,0,0
13,follow,stop-at 2.00s,0.4009,NOMINAL,19207,-1,65535,0,39473,0,0,0
13,follow,stop-at 2.00s,0.4341,NOMINAL,19208,-1,65535,0,43805,0,0,0
13,follow,stop-at 2.00s,0.4675,NOMINAL,19209,-1,65535,0,55823,0,0,0
13,follow,stop-at 2.00s,0.5008,NOMINAL,19210,-1,65535,0,23183,0,0,0
13,follow,stop-at 2.00s,0.5341,NOMINAL,19211,-1,65535,0,38323,0,0,0
13,follow,stop-at 2.00s,0.5675,NOMINAL,19212,-1,65535,0,43956,0,0,0
13,follow,stop-at 2.00s,0.6008,NOMINAL,19213,-1,65535,0,56123,0,0,0
13,follow,stop-at 2.00s,0.6343,NOMINAL,19214,-1,65535,0,63550,0,0,0
13,follow,stop-at 2.00s,0.6676,NOMINAL,19215,-1,65535,0,41692,0,0,0
13,follow,stop-at 2.00s,0.7008,NOMINAL,19216,-1,65535,0,39990,0,0,0
13,follow,stop-at 2.00s,0.7343,NOMINAL,19217,-1,65535,0,22987,0,0,0
13,follow,stop-at 2.00s,0.7675,NOMINAL,19218,-1,65535,0,36990,0,0,0
13,follow,stop-at 2.00s,0.8009,NOMINAL,19219,-1,65535,0,56057,0,0,0
13,follow,stop-at 2.00s,0.8342,NOMINAL,19220,-1,65535,0,36257,0,0,0
13,follow,stop-at 2.00s,0.8676,NOMINAL,19221,-1,65535,0,40089,0,0,0
13,follow,stop-at 2.00s,0.9008,NOMINAL,19222,-1,65535,0,37780,0,0,0
13,follow,stop-at 2.00s,0.9342,NOMINAL,19223,-1,65535,0,46132,0,0,0
13,follow,stop-at 2.00s,0.9675,NOMINAL,19224,-1,65535,0,41240,0,0,0
13,follow,stop-at 2.00s,1.0007,NOMINAL,19225,-1,65535,0,40258,0,0,0
13,follow,stop-at 2.00s,1.0342,NOMINAL,19226,-1,65535,0,52826,0,0,0
13,follow,stop-at 2.00s,1.0675,NOMINAL,19227,-1,65535,0,38283,0,0,0
13,follow,stop-at 2.00s,1.1011,NOMINAL,19228,-1,65535,0,96882,0,0,0
13,follow,stop-at 2.00s,1.1343,NOMINAL,19229,-1,65535,0,46301,0,0,0
13,follow,stop-at 2.00s,1.1675,NOMINAL,19230,-1,65535,0,56949,0,0,0
13,follow,stop-at 2.00s,1.2007,NOMINAL,19231,-1,65535,0,22009,0,0,0
13,follow,stop-at 2.00s,1.2342,NOMINAL,19232,-1,65535,0,41367,0,0,0
13,follow,stop-at 2.00s,1.2675,NOMINAL,19233,-1,65535,0,42176,0,0,0
13,follow,stop-at 2.00s,1.3009,NOMINAL,19234,-1,65535,0,39100,0,0,0
13,follow,stop-at 2.00s,1.3343,NOMINAL,19235,-1,65535,0,57704,0,0,0
13,follow,stop-at 2.00s,1.3675,NOMINAL,19236,-1,65535,0,37800,0,0,0
13,follow,stop-at 2.00s,1.4008,NOMINAL,19237,-1,65535,0,38623,0,0,0
13,follow,stop-at 2.00s,1.4342,NOMINAL,19238,-1,65535,0,40466,0,0,0
13,follow,stop-at 2.00s,1.4674,NOMINAL,19239,-1,65535,0,37304,0,0,0
13,follow,stop-at 2.00s,1.5008,NOMINAL,19240,-1,65535,0,56904,0,0,0
13,follow,stop-at 2.00s,1.5342,NOMINAL,19241,-1,65535,0,39988,0,0,0
13,follow,stop-at 2.00s,1.5675,NOMINAL,19242,-1,65535,0,21513,0,0,0
13,follow,stop-at 2.00s,1.6007,NOMINAL,19243,-1,65535,0,19108,0,0,0
13,follow,stop-at 2.00s,1.6343,NOMINAL,19244,-1,65535,0,44101,0,0,0
13,follow,stop-at 2.00s,1.6675,NOMINAL,19245,-1,65535,0,114490,0,0,0
13,follow,stop-at 2.00s,1.7008,NOMINAL,19246,-1,65535,0,21159,0,0,0
13,follow,stop-at 2.00s,1.7342,NOMINAL,19247,-1,65535,0,16386,0,0,0
13,follow,stop-at 2.00s,1.7675,NOMINAL,19248,-1,65535,0,38571,0,0,0
13,follow,stop-at 2.00s,1.8008,NOMINAL,19249,-1,65535,0,58005,0,0,0
13,follow,stop-at 2.00s,1.8342,NOMINAL,19250,-1,65535,0,43591,0,0,0
13,follow,stop-at 2.00s,1.8677,NOMINAL,19251,-1,65535,0,98027,0,0,0
13,follow,stop-at 2.00s,1.9009,NOMINAL,19252,-1,65535,0,38646,0,0,0
13,follow,stop-at 2.00s,1.9344,NOMINAL,19253,-1,65535,0,57696,0,0,0
13,follow,stop-at 2.00s,1.9674,NOMINAL,19254,-1,65535,0,37321,0,0,0
13,follow,stop-at 2.00s,2.0720,FAILSAFE,19254,-1,65535,1,0,0,0,0
13,follow,stop-at 2.00s,2.1723,FAILSAFE,19254,-1,65535,1,0,0,0,0
13,follow,stop-at 2.00s,2.2729,FAILSAFE,19254,-1,65535,1,0,0,0,0
13,follow,stop-at 2.00s,2.3734,FAILSAFE,19254,-1,65535,1,0,0,0,0
13,follow,stop-at 2.00s,2.4738,FAILSAFE,19254,-1,65535,1,0,0,0,0
13,follow,stop-at 2.00s,2.5744,FAILSAFE,19254,-1,65535,1,0,0,0,0
